gold_index,Parent,Reply,Dialogue_act,pred_label
0,"New question, do you believe AHA will fix this?",I don't know what AHA stands for. I'm afraid I can't answer that.,statement,disagree
1,"Check out [this video](http://www.ted.com/talks/christopher_ryan_are_we_designed_to_be_sexual_omnivores) that conveys a theory on how monogamy is not really as ingrained in us as most people think it is. There are theories that claim we (and by we I mean men) invented monogamy after coming up with agriculture to insure property inheritance (how do I know which one's my kid if she's fucking the whole town? who the hell gets my house then after I die?)

Then you consider the fact that [monogamy wasn't really required for dudes up until like 60 years ago](https://www.youtube.com/watch?v=w8SOQEitsJI). Instead of choosing to let women behave like men, we chose to lock ourselves up in monogamy along with them. 6O years ago.

Long story short: monogamy seems to be (to some people) a social construct that has no relevance today since getting pregnant is hard and abortions are legal in most developed places.

Like others have said, it's impossible to find someone that fulfils your every need. And the fact that recent adultery rates are always high sounds like human reality is trying to make us understand that monogamy doesn't really make sense.","Which perfectly explains Socrates statement: ""By all means, marry. If you get a good wife, you'll become happy; if you get a bad one, you'll become a philosopher.""",statement,disagree
2,"I *hate* the idea of the ""good old days"". I am a firm believer that art, culture, quality of life in general have been on a steady incline for a long time, I would not trade places with anyone from any time, even with everything that's screwed up right now.

So when I hear people start bitching about how much better popular music used to be, even bubblegum crowd-pleasing schlock, a part of me really wants to come to the defense of this decade, but I can't because I agree with them.

Someone, please, tell me I'm wrong (no sarc).

Edit: I've been asked to explain why I feel this way: 


The degree to which, and number of ways in which it is repetitive is unprecedented. After listening to top 40 radio for half an hour, you will hear the same percussion, same synth patches, same lyrical content, same melodic contour, same, drop, same lazily implemented auto-tune. 

Within each song, you will hear the same phrase repeated over and over. Because these songs are mixed for earbuds, they will have the same dynamic level throughout the whole song, absolutely no variety whatsoever. It is increasingly trendy to take a phrase that is repeated, then repeat only a word, and then finally to repeat a single syllable within that word 

*""I'm drowning, I'm drowning, I'm drowning, ing, ing, ing, ing""*

It is incessant, it is unvarying, it is monotonous, it is positively nauseating. 

Edit: Would really love to post a delta today. I'm trying really hard to keep an open mind here.",You need to lay out the reasons why you don't like pop music today.,statement,disagree
3,"The problem with this is it would inevitably lead to disputes, arguments, or customers trying to void items they've already scanned.  All of this would take time and slow down the line, so it would be counterproductive.

Also, I'm not sure if there's a need for such a plan.  Are one or two extra items in the express lane really putting a significant, quantifiable burden on other customers?",It would at first until it became common knowledge.,statement,disagree
4,"Just to clarify, ""national debt"", and the panic surrounding it are out of proportion. That number doesn't mean a whole lot in the grand scheme of things with the way the world economy works today.","I agree to an extent, but debt isn't something you can just ignore, especially if your asking for an expansion the size OP wants.",disagree,agree
5,"You've all heard or experienced going to a coffee shop, ordering your drink and finding out the person ahead of you has paid for your drink. Then the cashier says ""This has been going on for 30 customers so far!"" You then normally ""Pay-it-forward"" for the person after you since you don't want to be an asshole and break the chain. 

My question is this: What is the purpose of keeping the chain going if everyone is basically paying the same amount of money or more than they would just by paying for their own order? How is that generous?","I would say that it isn't pointless but it is unnecessary.  The point isn't to be necessary though, it is to have fun or to feel good.",disagree,disagree
6,"I want to preface this by saying that this is what I've found out from looking around for a few minutes about Reddit policy, so anyone with any corrections please educate me.

As we all know, there are certain subreddits out there dedicated to hatred.  Racist, bigoted, I'm not going to name names but they are disgusting places to be on the web.

The reason why they are allowed to exist is a good one, free speech.  We allow groups like the KKK and Westboro to exist in real life because despite them being awful people with awful ideas, we value the right of anyone to say anything at any given time.

The difference, however, is in the consequences.  In real life, when Westboro gathers to picket a funeral, good and decent people gather against them.  We shame them for being so hateful and use social pressure to show them how bad their ideas are.

The problem with Reddit, however, is that all these subreddits are moderated by people who are the MOST hateful and spiteful of anyone in the subreddits.  Good people can't speak out in overwhelming numbers to drown their hate speech like they can in real life.

Anyone who dares to speak against their shitty philosophies are banned.  This ensures that the bigots always outnumber the reasonable people in those subreddits and it gives hate a place to foster without being shamed as it should be.

Despite Reddit's admirable attempt at preserving free speech, the result is actually allowing hate groups to flourish when they would otherwise be stunted.

_____

&gt; *Hello, users of CMV! This is a footnote from your moderators. We'd just like to remind you of a couple of things. Firstly, please remember to* ***[read through our rules](http://www.reddit.com/r/changemyview/wiki/rules)***. *If you see a comment that has broken one, it is more effective to report it than downvote it. Speaking of which,* ***[downvotes don't change views](http://www.reddit.com/r/changemyview/wiki/guidelines#wiki_upvoting.2Fdownvoting)****! If you are thinking about submitting a CMV yourself, please have a look through our* ***[popular topics wiki](http://www.reddit.com/r/changemyview/wiki/populartopics)*** *first. Any questions or concerns? Feel free to* ***[message us](http://www.reddit.com/message/compose?to=/r/changemyview)***. *Happy CMVing!*","""Anyone who dares to speak against their shitty philosophies are banned.""


So SRS should be banned?",question,question
7,"Sounds horrible huh? But seriously, the only rule is that they can't make more than 2 million, so yeah. They'd have to give it away.",Some would burn it first!,statement,disagree
8,"Probably not, but Hume's particular objection to the argument from miracles is fairly controversial in philosophical circles (I've heard that a lot of Hume scholars think it fails). It's not unreasonable to expect to get some stimulating conversation out of this thread.",Why do they think it fails?,question,question
9,"Oh man that must have been so difficult, not only have you got the male perv bias, youve got the mental health bias! Man, at that age, i doubt any level of educating them about it is going to make a difference.",Aspergers is **NOT** a mental health issue.  It is more a developmental issue.,disagree,disagree
10,"&gt;Once again my view on this profit-oriented.

http://www.frbsf.org/economic-research/publications/economic-letter/2014/may/is-college-worth-it-education-tuition-wages/

Data don't lie.",It sure doesn't. That data illustrates my claim perfectly. Capitalizing on risks and failing until you succeed has a far greater margin. Far greater.,agree,agree
11,"&gt; Suffering exists, but so does pleasure. You have just decided to look at half the coin.

I'm looking at both sides, and suffering wins.",Did you poll everyone or is this just your perspective.,question,question
12,"Something no one seems to have adressed here: cake is foam, and that is awesome. Not only is cake interesting as a biomaterial, but the fact that cake is foam means that it has a preposterous amount of surface area relative to volume. More surface area means more contact with your tounge, wich means more deliciousness per unit volume (and hence per Cal.) Beyond that, cake is a sponge with marvelous elasticity, which lends cake a ""sproingy"" texture that is titilating beyond belief. 

I supose I must add that pie crust takes advantage of similar surface area wonderfullness -- a properly made crust will be flakey. These flakes form when sheets of butter separate layers of dough. Those slight layers of butter hit the tounge just a huge chunk of butter would, tricking our brains into believing we have partaken an a deliciously massive amount of fat. Beyond this, the texture of flakey crust is indeed quite nice. Even so, there are two factors that give cake the edge.

Cake takes advantage of surface area effects throughout its volume, and takes less skill to maximize on these effects than pie. A properly make pie crust requires chilling of the butter and flour prior to creation of the dough. If you get things too hot at any stage, you'll be left with gravey. Cake on the other hand is easily surmountable: any fool can turn a box of powder (or various powdered raw ingredients) and a few eggs into a delicious foam. Beyond this, there is the obvious fact that pie crust is a meer -- well, crust -- holding in a vat of slopped fruit sugar. Cake utilizes the delicious physics of foam throughout its full volume, and is therefore superior to pie.",pie has a liquid (more liquidy?) filling cant beat that when it comes to surface area (excluding gas),disagree,disagree
13,"I recently got in an argument with a friend regarding the BLM (Black Lives Matter) interruption of Bernie Sanders speech. I argued that while I understand their frustration, I still hold its unacceptable to break the law the way BLM did. 

My friend argued back that since both of us are white, we can never understand the situation and the anger these representatives of BLM feel. Therefore, she argued, we cannot criticize their actions since we cannot and can never understand their perspective.

My friend showed me [this article](http://time.com/3605606/ferguson-in-defense-of-rioting/) in defense of her argument. I'll quote from the conclusion,

&gt;Instead of tearing down other human beings who are acting upon decades of pent-up anger at a system decidedly against them, a system that has told them they are less than human for years, we ought to be reaching out to help them regain the humanity they lost, not when a few set fire to the buildings in Ferguson, but when they were born the wrong color in the post-racial America.

In response to the article, I essentially argued that while I do feel for minorities in the U.S, violence is neither a morally sound or pragmatic way to go about change. I also felt that the argument presented (we are not minorities, therefore we will never be able to understand, therefore we cannot criticize) is fundamentally unsound.

I'd love to hear some support for her viewpoint, because I am an open-minded person and I care about racial equality America

So please, CMV!

_____

&gt; *Hello, users of CMV! This is a footnote from your moderators. We'd just like to remind you of a couple of things. Firstly, please remember to* ***[read through our rules](http://www.reddit.com/r/changemyview/wiki/rules)***. *If you see a comment that has broken one, it is more effective to report it than downvote it. Speaking of which,* ***[downvotes don't change views](http://www.reddit.com/r/changemyview/wiki/guidelines#wiki_upvoting.2Fdownvoting)****! If you are thinking about submitting a CMV yourself, please have a look through our* ***[popular topics wiki](http://www.reddit.com/r/changemyview/wiki/populartopics)*** *first. Any questions or concerns? Feel free to* ***[message us](http://www.reddit.com/message/compose?to=/r/changemyview)***. *Happy CMVing!*","Whites can be minorities, you know?",question,question
14,"The burden of proof actually falls on the person making the claim. Otherwise people would be able to claim just about anything and they would be ""right"" because no one would be able to disprove them.","Indeed, and when you're saying 'you're lying', you are making a claim that you need to argue for.",agree,disagree
15,"Humans are a violent species. We were violent before video games, before motion pictures or television. We were violent before cave paintings. We don't want to be this way so we try to blame our nature on outside forces.","Not only were we violent before, we are becoming less and less violent as we consume more and more media.",agree,disagree
16,"&gt;If, in an attempt to save money I got her a cheap ring it could easily reflect poorly on me. 

If people think poorly of you for not spending much money on a ring that will be worn for a short time then chucked into a box, it's an excellent way to weed out people not worth knowing.",The engagement ring is not replaced. It is normally worn in addition to the wedding ring. So it is worn for the duration of the marriage if not life.,disagree,disagree
17,"Whenever there's a news item about a female teacher getting charged for statutory rape with a male student, inevitably there's a bunch of comments along the lines of ""Niiice, I wish I could have had such a teacher"". In response, there are frequently comments like ""The boy wasn't able to consent, so he was raped"".

I don't think it'd be good for teachers to be free to have sex with students with no consequences. I'm not advocating for the abolition of the age of consent. I accept that the power differential and the immaturity of the younger person makes it problematic at the very least.

Yet all the same, I think it's a great false equivalency to consider it to be a similar magnitude offense to being held down and raped. 

The primary reason I believe this (and admittedly it's based on little more than intuition) is that I feel that victims of the respective crimes tend to feel much differently in hindsight. From what I've read, forcible rape victims often find the experience highly traumatic and suffer long-term psychological problems. Virtually all would agree that the experience was a huge negative. But I think, if you were to poll a group of statutory rape victims years later when they were more mature, you would get a much more diverse range of responses. Some would have no regrets and do the same thing over again, some would regret it but chalk it up as a silly youthful mistake, and others would blame it for a lot of their current problems. Probably the breakdown wouldn't look too different from polling them about any relationship they'd had while young.

What would it take to change my view? Probably strong empirical evidence that statutory rape victims do by and large suffer significantly. I see that kind of thing asserted a lot, but I kind of wonder if it's a bit of just-so story. ""He had sex with his teacher, said years later that he didn't regret it, but he's psychologically damaged so he doesn't know that he regrets it!""


_____

&gt; *Hello, users of CMV! This is a footnote from your moderators. We'd just like to remind you of a couple of things. Firstly, please remember to* ***[read through our rules](http://www.reddit.com/r/changemyview/wiki/rules)***. *If you see a comment that has broken one, it is more effective to report it than downvote it. Speaking of which,* ***[downvotes don't change views](http://www.reddit.com/r/changemyview/wiki/guidelines#wiki_upvoting.2Fdownvoting)****! If you are thinking about submitting a CMV yourself, please have a look through our* ***[popular topics wiki](http://www.reddit.com/r/changemyview/wiki/populartopics)*** *first. Any questions or concerns? Feel free to* ***[message us](http://www.reddit.com/message/compose?to=/r/changemyview)***. *Happy CMVing!*","Can you please define what statutory rape is? I've heard it before, but it's precise meaning eludes me.",question,question
18,"I am also interested in how ""natural rights"" are a better justification for others NOT stealing or murdering, than social contract.

As well as why OP tried to rule out ""utilitarian arguments""...","I think it's because they poke holes in OP's position. 

""CMV but you're not allowed to use these effective arguments""",statement,agree
19,"""Or the more likely situation, and one that is probably happening right now in in things like cable/internet in the US, is that all pharmaceutical companies agree that they will raise the price by a smaller amount, and continue to do so.""

And that should be illegal.",Cable companies are licensed monopolies and competition is prohibited.  OPPOSITE of a free market.,disagree,disagree
20,"I don't know much of ancient Greece and how they toyed with it, however I feel that if our nation has established a constitution that works (as ours seems to, when correctly followed), abolishment of both the Electoral branch and decision making powers given to the Legislative branch would be the best thing the country could do.

In my idea of how it would work:

* Congress can write, advocate, and argue for and against laws

* Congress cannot decide on these laws, they can merely campaign for them

* Every six months, all proposed bills, etc., will be put up to vote. Every citizen may vote, or not

* Majority rule is enforced, no more than 51% is needed, thus eliminating the need for recasting the vote, tus eliminating postponement of a law

* Constitutional law may need to be **Slightly** expanded on to set some ground rules for all further law

* It needs to be very difficult to change the constitution for the above reason

What could go wrong? I think it really works, and will get America what it wants, not what politicians want.",Oh man.  This is hilarious.,disagree,disagree
21,*The answer is no*,The answer is snow?,question,question
22,"While that's a good *reason* to be angry, I doubt very much that many Brits know about this or pay attention to it. Even then, without being informed about US politics, it's hard to say with any authority whether it will have any affect on the UK or not. If you are informed on the event and on the political system then you're in a better position to understand what effect it will have on the world. But I don't feel that most Brits are in that position.","If your problem is with uninformed people that is fair, but that's no reason to bring nationality into it. An American can be uninformed, as can anyone of any nationality.",disagree,disagree
23,"This is insulting to people who've experienced actual, traumatizing, sexual harassment. I don't want to hear it's the same thing as using a women's bathroom.","There are widely varying degrees of sexual harassment. Not saying I necessarily agree with OP, but those words are used to describe everything from stalking to catcalling.",disagree,disagree
24,"I want to

I feel this is justification enough for all non-violent actions.",Killing an animal for meat is violent.,disagree,disagree
25,They have nukes,Are they insane enough to use them though?,question,question
26,"Ah, like it says in ""Dust In The Wind."" Every line in that song is correct except for ""nothing lasts forever but the earth and sky."" Probably won't last forever either.


I believe that it doesn't matter what you do in life. Well, not in the big scheme of things anyway. Human endeavors such as developing a cure for cancer or ending world hunger are all very noble, but futile nonetheless. Maybe we'll get there someday, but does it matter? For now it seems like it does, but when our species dies out it won't. God probably doesn't exist and nobody gives a shit. ""You create your own meaning in life"" is wishful thinking, because your ""meaning"" ultimately doesn't really matter to anyone or anything but humanity at large, if that. And if it doesn't matter, it's not meaningful.


I'd love to be wrong on this one, so go ahead and change my view.
_____

&gt; *Hello, users of CMV! This is a footnote from your moderators. We'd just like to remind you of a couple of things. Firstly, please remember to* ***[read through our rules](http://www.reddit.com/r/changemyview/wiki/rules)***. *If you see a comment that has broken one, it is more effective to report it than downvote it. Speaking of which,* ***[downvotes don't change views](http://www.reddit.com/r/changemyview/wiki/guidelines#wiki_upvoting.2Fdownvoting)****! If you are thinking about submitting a CMV yourself, please have a look through our* ***[popular topics wiki](http://www.reddit.com/r/changemyview/wiki/populartopics)*** *first. Any questions or concerns? Feel free to* ***[message us](http://www.reddit.com/message/compose?to=/r/changemyview)***. *Happy CMVing!*","That's right, the world itself is meaningless, but your experience of it is meaningful. So, don't attach to the physical world, but make the best experience of it you can.",agree,agree
27,"&gt; only by aborting the fetus.

Adoption?",fair point.  However I'm still concerned with the idea of a woman having to choose adoption because the father refused to support the child.,disagree,agree
28,"Yes, Getting angry with the person expressing their disbelief at an unlikely account with surely make them believe the unlikely account. To hell with referring to facts, they're useless at convincing people! Surely emotional lashing out will work!","Next you'll be calling reality misogynistic, and retreating to a world of eyeliner and blush.",statement,statement
29,"The problem with this CMV is that it attempts to make a historical comparison on a current topic.  I knew that I liked Nirvana when they were making music, but it would be impossible to - at that point - conclusively state that they have changed music.

That said, my money is on Taylor Swift.  Not just because she makes good music - and she does - but because she changed the direction of pop by introducing it t country.  Which is like saying she introduced rivals and made the relationship work.

Pop before that was dominated by Britney Spears and other similar talent.  Minus Christina Aguilera who really had her own voice for about 2 albums and then left, the rest of the industry just follows in Britney's footsteps.  Those footsteps are to make party music without a story line.  Some attempts of pop/country hybridization are out there, but it's mostly country music with a pop twist.  Some one hit oneders managed to become popular like [Gretchen Wilson - redneck woman](https://www.youtube.com/watch?v=82dDnv9zeLs). 

Taylor Swift brought country music to pop.  She brought story lines back to pop, which had been a point of disappointment for pop fans in over a decade.  She bridge the gap better than anyone before her and made it work.","Based on that, which I agree with, you could also easily argue the case for Britney Spears. Well, if you allow for a summer of '99 debut.",agree,disagree
30,"&gt; First off, patriotism isn't being proud of yourself for living in a nation. Its being proud of that nation for its accomplishments

I am proud of the PlayStation 4, am I a Japanese patriot? I disagree with this statement of yours.

&gt; and what it has provided for you.

Uh huh. Again, the best thing my nation has provided me is relative freedom. I am not proud that my parents didn't beat me any more then I am proud my nation-state didn't.

&gt; Yes, there are horrible things that happen because of my nation, but at the same time, just the fact that I have the ability to hear about those things and disagree with them is something that even in the world today is not a right given to everyone.

Again... I am not going to be proud about not being aggressed against. 99.999% of the world hasn't aggressed against me, I owe them nothing except to return the favor.

&gt; My patriotism is not based on some false sense of accomplishment of me feeling like because of my luck being born American I can take credit for my country's achievements.

I don't consider that patriotism then. I am proud of people of multiple nationalities and a patriot of none of them.

&gt; Secondly, I am not just born near this country. I am part of this country as well. I think it is highly cynical to view yourself as a separate entity from your country

I am an anarchist. Would you accuse a German living in 1940 of being a Nazi despite their total rejection of Nazism? (Not to compare apples and oranges, but I just wish to make it possible to view the state from my shoes)

&gt; Having a view that patriotism is like rooting for a sports team gives an argument to absolve yourself from responsibility to your country.

I have no responsibility to the nation-state I was coincidentally born under.

&gt; That's what being a team is. You are an individual who is just as much a part of the team as anyone else. Be the change you want to see instead of blaming what happens on people who you have no control over.

This is just nationalistic propaganda. I am the change I want to see, and I am not responsible for what my captors do to me or others despite what you or they wish to claim.","What do you mean you're ""proud of the playstation 4?""",question,question
31,I should have been more specific. I meant life and accident insurance (not sure what you'd call that in English),I didn't actually know that! How much did it go up by if you don't mind me asking?,question,question
32,Yahoo!  Thanks!,Happy 100_!,agree,statement
33,"Well it's not like the government goes and randomly selects men to ""force"" this injustice of caring for your own child onto.","Except when they do...

http://www.huffingtonpost.com/2013/07/29/child-support_n_3672474.html

http://townhall.com/columnists/rachelalexander/2013/03/25/jailed-for-nonpayment-of-child-support--but-its-not-his-child-n1548325/page/full

etc.",disagree,statement
34,"*Dark Souls* is just one game. Even if I did prefer that game with a controller, it wouldn't change my view that K&amp;M is, overall, the superior input method.

Edit: I also used a mod (I can't remember the name right now - it's been a few years) that really helped make the K&amp;M experience a lot smoother. I tried a few times with a controller and was notably worse in the game.","Dark souls shows there is no overall better scheme, it's game dependent.",disagree,agree
35,[Yes.](http://buttcoin.org/the-cargo-cult-of-bitcoin),...Well shit...,agree,statement
36,"this. Nobody owes you anything.  Since OP used his own interactions as examples in this thread, I dont feel bad for pointing it out.  But women have to be more guarded with their social interactions, especially with what I'd call strangers.

Is it considerate for them to tell you their feelings?  yes of course.

Should they be obligated to do so?  With the risk involved in a woman outright rejecting a dude, I'd say no.  They should do whatever they feel like they need to in order to protect themselves.  Some will tell you, and some will not.  

To claim that you're owed an explanation is pretty egotistical.  Its not all about you braj.",here lays the truth,agree,disagree
37,"I don't know and neither do you. Although I would point out that most volunteer fire fighters do the exact same training and certifications as professional fire fighters. I do know that there are large swaths of this country that without volunteers fighting fires there would not be sufficient response time for it to matter if they made things worse or not because the fire would have more than enough time to produce a total property loss. 

Anyone who's lived in a truly rural community for any length of time recognizes that ""professional"" help is simply something that will not be there in time, no matter what the emergency you're talking about it is. 

Ever been to northern St. Louis county in MN? The county has a population of about 200,000 people. About 160,000 of them live in and around Duluth.  It's 6,000 square miles of nothing. If you aren't next to Duluth, and you call emergency services, the wait may be measured in hours.",Good points.,agree,agree
38,There are more than 2 colours,Exactly. Not everything is black and white.,agree,agree
39,"Sometimes it's both. Many medications associated with mental health have warnings that you may gain weight while taking them, as do birth controls and a host of other meds.",It's not both. It just isn't.,disagree,disagree
40,"English has changed pronouns before.

No one says thee, thine, or ye anymore.",It's just you now.,disagree,statement
41,Has it occurred to you that you aren't entitled to have sex with people just because you exist?,Yes,agree,question
42,"James Franco recently got caught up trying to have sex with an extremely attractive 17 year old girl. His manner, to be fair, was boorish and very direct, asking her, simply, ""should I get a hotel room?"" skipping all the pleasantries. However, not only did she tell him she was 18, but in New York State 17 is legal age. 

There was an uproar from feminist groups, and the media in general, accusing Franco of being a pervert. He publicly apologized.

What should he apologize for? Wanting to have sex with a beautiful young girl?

The desire and drive to have sex with women is not only entirely normal, it's what society is based on. Youngness is attractive to men.

For society to be outraged at James Franco for wanting, and trying, to have sex with this girl is absurd. It's based on a fundamental lie, that men are not supposed to be attracted to women under a certain age. Sure, age limits should be respected in states where the age limit is 18, but when he's informed that she is 18, and even if she were 17 it would be legal, there is nothing to apologize for.

_____

&gt; *Hello, users of CMV! This is a footnote from your moderators. We'd just like to remind you of a couple of things. Firstly, please remember to* ***[read through our rules](http://www.reddit.com/r/changemyview/wiki/rules)***. *If you see a comment that has broken one, it is more effective to report it than just downvote it. Speaking of which,* ***[downvotes don't change views](http://www.reddit.com/r/changemyview/wiki/guidelines#wiki_upvoting.2Fdownvoting)****! If you are thinking about submitting a CMV yourself, please have a look through our* ***[popular topics wiki](http://www.reddit.com/r/changemyview/wiki/populartopics)*** *first. Any questions or concerns? Feel free to* ***[message us](http://www.reddit.com/message/compose?to=/r/changemyview)***. *Happy CMVing!*","Maybe it's not so much youth and beauty, but the fact that a woman of his own age can spot a douche bag/bullshit artist faster than a 17 year old.",disagree,disagree
43,"Would you say surgeons should be breathalyzed every time they enter the OR, just in case? ",That would not be a bad idea actually.,agree,disagree
44,"I read that whole thing, and I don't see anything comparing it to social problems and ease of living in Europe. Nor can I see how ""capitalism"" is the sole thing at fault here.",Slide 14. This is your future.,statement,statement
45,"North Korea is more untrustworthy than the U.S., but that doesn't mean that just because the U.S. is more trustworthy than NK, it's trustworthy on an acceptable level.","If the US is ""completely untrustworthy,"" then that's logically impossible.",disagree,disagree
46,It's almost impossible to say a word there without the mods jumping on you with their little Hilter routine.  They ban people at the drop of a hat.,You have to play nice.  I've got three strikes against me myself but I figured it out.  And the mods AFAICT just decide whether to delete comments which others report.,disagree,disagree
47,"I am seeing more and more analog smokers swapping to ecigs, and honestly it has a very unique and social community built around them as well. Lots of smokers carry around extra eliquid to let people try their flavors. If you see another vaper, you have something to talk about. However, confused people come up all the time asking about it as well. Although many places allow you to smoke ecigs inside where I live people often go outside to curb confusion and also just out of habit.","Adding to this, the lack of second hand smoke also allows other people to follow and socialize without having allergic reactions.",statement,agree
48,"Maybe I'm reading this wrong, but it seems to me that you are conflating *scientific* ideas and *intellectual* ideas.


I agree that scientific dialog must stick to falsifiable claims.  But I disagree that intellectual thought must be scientific.  Philosophy often deals with non-falsifiable ideas.


I think u/Superkeys' point was that critical thinking *must* lead you to the conclusion that we cannot know one way or the other.  *Knowing* that god does not exist is as illogical as *knowing* that god exists.


Sorry if I misread your argument.",You are correct.,agree,agree
49,"Edit: I just realized that there's a Popular Topic archive with this topic in it. I'm not sure if the mods are supposed to leave this one or remove it, but I'll be reading through some of the older versions of this topic.

Let me preface this by saying that I'm not okay with raping babies. However, the idea of moral relativity, and the question, ""How far can we take it?"" are troubling ones. I've done some careful thinking and I believe that there are no objective morals at all. I'm interested in hearing what others think of my case, and equally interested in hearing theirs.

Basically, my case for complete moral relativity is this:

* Human perception of morality varies wildly based on time, place, situation, and who you ask. For example, many of the moral guidelines described in religious texts would be completely unacceptable today, but back then they were the norm. We don't consider people from those eras of those religions ""evil,"" even if we do say they are misguided. Therefore, it follows that morality must depend on context.

* As another example, I once had a very heated argument with a religious friend who claimed that cannibalism was objectively wrong. It is disrespectful to the dead. However, some cultures consider eating your dead a way of showing respect. It does not seem fair to call these people ""evil"" for doing what their culture does. In addition, if a person's survival depends on cannibalism, it does not seem fair to call them evil to prioritize their own life over the sanctity of a corpse. Therefore, even things that ""feel"" wrong to us, like eating human flesh, cannot be.

* Humans do not agree on moral issues. Euthanasia, abortion, and war are controversial issues. If morality were objective, we would all agree on these issues.

* Legality is a human construct, and is an attempt to enforce objective morality onto a relatively moral world. This is why the law is not always right. For example, criminals can sometimes get away with their actions by finding a loophole, and innocent people can be punished for breaking the law, even when it seems obvious that their actions were not immoral and did not present any significant danger to anyone. Therefore, objective morality cannot work in the real world.

* Human morality often reflects evolution. (And evolution can be used to explain certain ""objective"" morals) We intuitively value altruism because it is good for the population. We despise child abuse because we have an instinctive urge to protect our young. Most, if not all, of the things we consider ""objectively wrong"" are things that are harmful, to the individual or to the whole. It's probable, therefore, that a different civilization evolved in different conditions would not follow our objective morality. We cannot safely consider them ""evil,"" so we must conclude that even if their morality is completely different from ours, they are still just as morally correct.

* To use an example from popular culture, the Formics from Ender's Game possess no free will on an individual level, and do not consider killing morally wrong. Humans hold free will and agency in high regard, yet the Formics do not, and even a seemingly objective moral rule, ""Don't kill people,"" is not universal. However, as the author demonstrates, this does not make them evil. It just means that finding common morals is very difficult, if possible at all.

From this case, it seems that the only possible moral code is that there isn't one; Morality is determined by those it concerns. Child abuse, rape, murder, stealing, these things are wrong *because we consider them wrong*, and because they are harmful to us. Objective morality of any kind cannot exist.

This is not to say that I believe serial killers are just as moral as saints. It is clear that morals are necessary to the structure of society. We still must stop criminals who are harmful to society, even if we are unclear on the most moral way to go about doing so. We still must have moral standards, to help individuals get along with each other and keep humans happy. However, we have to accept that objective morality is inherently flawed.

Edit: I've gotten some very good replies, and I'm answering all I can. I think I've arrived at the following conclusion:

Morality cannot be thought of as strictly objective or relative. Instead, there are certain things that almost all humans can agree are immoral, such as murder and rape, so they are objectively wrong. These are usually defined by what is beneficial to humanity's survival. On the other hand, there are some things that are, at least at the moment, impossible to objectively determine as right or wrong, and for these we have to rely on personal experience and careful reflection until we have a better way of deciding.

So I have changed my view a little, and I'm working on refining this into something a little clearer. Thank you guys for your input.
_____

&gt; *Hello, users of CMV! This is a footnote from your moderators. We'd just like to remind you of a couple of things. Firstly, please remember to* ***[read through our rules](http://www.reddit.com/r/changemyview/wiki/rules)***. *If you see a comment that has broken one, it is more effective to report it than downvote it. Speaking of which,* ***[downvotes don't change views](http://www.reddit.com/r/changemyview/wiki/guidelines#wiki_upvoting.2Fdownvoting)****! If you are thinking about submitting a CMV yourself, please have a look through our* ***[popular topics wiki](http://www.reddit.com/r/changemyview/wiki/populartopics)*** *first. Any questions or concerns? Feel free to* ***[message us](http://www.reddit.com/message/compose?to=/r/changemyview)***. *Happy CMVing!*",Pretty much everything you said boils down to the cultural differences argument which is wrong. You should do some basic research before posting here.,disagree,disagree
50,Haters gonna hate.,Great counterargument. Clearly your logical reasoning and dialectical skills have been well honed through your schooling.,agree,statement
51,"I've seen comments advocating anarchy as being preferable to having a state government regulate things. I can understand the frustration with the bureaucracy of the state, but the alternative, I feel, would be much, much worse. Lawlessness would run rampant. Infrastructure, especially interstate highways, would be neglected and fall into disrepair. **Can anybody tell me what practical benefits this political ideology has besides the rejection of a social contract?** I'd say I have a libertarian slant personally, I'm a US citizen, and I strongly disagree with my government on its spending and foreign policies. However anarchy would breed chaos, apathy, and selfishness in my opinion.",Let's start out by telling us what your definition of anarchy is.,question,question
52,"You don't know much about drugs if you DONT think heroin is a recreational drug! 

This can shed some light: http://www.youtube.com/watch?v=-9huWlXFA1s","Holy shit, that is an incredibly accurate depiction.

It got a little exaggerated at the end (at least in my personal experience) - but the initial description is *spot on*.",agree,agree
53,"I think that the president hasn't made any good decisions since he took office. I think he is the scum of America, downright Yelawolf style crook. If you can give me examples of some good things that he has done, that would suffice, I mean it's good to have an open mind and I don't want to seem purposefully ignorant. I'm surrounded by people who share the same ideals as I do, if you get what I mean. Can you name like 5 things he did well in?  

I live in New Jersey and I am 17 years old, I wish to gain an unbiased and factual answer for this.  Thank you.",He ended the war in Iraq.,statement,agree
54,"That is a good point, which is why next time we play world police, we should avoid arming anyone we don't absolutely trust. We can learn from out mistakes.","But do we have good reason to believe that, as a country, we're qualified and competent enough to play world police without disastrous consequences?",question,question
55,"Yes well that is why I made sure to specify ""competent"" and professional actors. Not to say that acting is not a skill, but simply that there is less variation in the quality of that skill than the variation in celebration for actors who managed to score particularly good roles.","What about Meryl Streep? She gets Oscar noms for almost every performance in films- the film can be good, bad, or mediocre, buts she's always award-winning caliber.",disagree,question
56,"You wouldn't happen to be British, would you? PANTYDROP.",Why yes. Yes I am.,agree,agree
57,Is it not lazy and selfish to place the responsibility on a single person? What's selfish about trying to evenly distribute the work load?,Something can be both selfish and fair.,disagree,disagree
58,"Title is fairly self explanatory. The latest front page post of the sticker that says ""Guns don't kill people, people with God kill people"" has led me to write this CMV.

I am not a religious man, so I don't feel this is a biased CMV.

I feel saying ""Gun's don't kill people, People with God kill people"" is equal to a religious person saying ""Guns don't kill people, people *without* God kill people"".

I feel /r/atheism is an extreme side of Atheism, and is as evil as an extreme religious sect. It harbours hatred towards a particular group of people; people who hold a different life view than their own. 

Change my view.",No one has to change your view because your absolutely right,agree,disagree
59,"If your view was changed, you should award a delta.

Not that /u/Amablue is hurting for them, of course.",RAWR FEED ME YOUR DELTAS,statement,statement
60,Complexity != worth. Dungeons and Dragons is complex - I don't expect a college department dedicated to it.,"No, it doesn't equal worth, but most of your complaints about ""worthless"" academic pursuits seem to grossly oversimplifying or completely misunderstanding those fields.",disagree,disagree
61,The forcing of people to disclose their private medical information is a breach of ethics.,I never said force. This would be consented to.,disagree,disagree
62,"I assumed you were using that article as an effort to be against gay marriage, if I'm wrong then I apologize.",Nope.  Just an amusing article.,disagree,agree
63,"&gt;Do you have a different type of truth in mind?

Not particularly, we can just stick with moral truths. The point is that if you're open to more than one kind of truth, then unless physics studies them all equally well, it is only one particular tool in the toolbox.


&gt;That's why the phrase ""shared characteristics"" is important. What are the characteristics shared by organism, governments, and economies? They are all extensions of the fundamental laws of physics. Both physics and philosophy attempts to make general theories of truth. Neither cares much about the specifics that political science and biology describe. 

But we don't use physics to describe such phenomena, and I rather doubt most physicists are even all that interested in doing so. The level of analysis we use matters - otherwise all physics would just atomic and quantum-scale phenomena, at least until the unified theory comes about.",I'm not sure I'm following you. Physics isn't interested in the characteristics shared by all existing things?,question,question
64,You're not really refuting anything I said are you?,I kind of agreed with you; that rights are as about as real as morals.,agree,agree
65,"Disorders are defined and classified by the distress and/or harm they cause to themselves or others.

At this point, homosexuals do not harm others with their orientation, and for the most part it does not cause themselves distress to be homosexual (once they are 'out' and accepting of what they are).

For a pedophile, they have the potential to harm others (the children), and if they are not acting on those feelings and urges it is likely causing them some level of distress.  So either we would want to forcibly give treatment (if they attempted to indulge in their urges), or they would likely want treatment to help them cope with the attraction.

It's really that simple.

edit: The main point to take away from my post is that in our society, we don't allow pedophiles to act out on their urges, and I would argue that not being able to act on your sexual urges would definitely cause distress. So either pedophiles ARE acting out on their urges (which is basically rape in our society, since children can't give consent), or they are NOT, in which case I would imagine they would be feeling distress and would like help. To my understanding, that's enough to classify it as a disorder (though I dislike the negative connotations that disorder has).","how do I award a delta?

like this: &amp;#8710;",question,question
66,"Saying that someone ""decides"" to be transsexual is like saying that someone ""decides"" to be homosexual. You would never ask someone ""so when did you decide that you were cis?""",Why wouldn't you? It makes sense to.,question,disagree
67,"&gt; it's always the inertia of unaffected groups that hold things back

/u/CastrolGTX says it pretty well here.  Not to invoke Godwin's Law meaninglessly, I find NiemÃÂ¶ller's quote apt in explaining this mentality quite well:

&gt; First they came for the Socialists, and I did not speak out _ Because I was not a Socialist.

&gt; Then they came for the Trade Unionists, and I did not speak out _ Because I was not a Trade Unionist.

&gt; Then they came for the Jews, and I did not speak out _ Because I was not a Jew.

&gt; Then they came for me__nd there was no one left to speak for me.

If we only fight for what affects us, we doom each other to oppression.  As someone with a significant amount of power, assigned effectively by lottery of birth, I feel it's important to be outspoken, even if it doesn't affect me.

Further, my parents are Deaf, which is an invisible minority - I feel like it opened my eyes to how differently people treat ""normal"" people, vs a minority quite early.  The ignorance &amp; oppression can be quite shocking when you're used to how you get treated as a white male.

/stepping off my soapbox now",As long as you're aware white males get treated badly too and not painting an us vs them picture where white males are always the villain.,disagree,agree
68,"Modern society is comparable to an all-you-can-eat buffet. You being born in a first-world country is comparable to you gaining access to this buffet because someone lends you the entrance fee. If you refuse to pay taxes, it means that you don't want to pay this entrance fee back. 

""But I am not even eating right now!"". Doesn't matter, you can if you want to. I don't think you are going to refuse emergency services, firemen, or FEMA aid if you are about to need their services. Government is acting as an agent of society to make you pay back what was given to you. You have to acknowledge this debt.

Agreement to anything doesn't play a role. You didn't agree to getting born, nor to dying later on either. Or getting sick, or in an accident.

Your parents decided to sign you up for this buffet. They could have emigrated to Somalia or any other failed state, and you would now enjoy a tax-free life. Or, to stay within the example, to not opt for the buffet. 

Instead, they chose to pay the entrance fee with a loan in your name. Remember, it's your debt. It's incurred for the potential options, not for the actual eating. You are already in the room, any action whatsoever won't change that. You can refuse to contribute, simply by not earning anything. This doesn't change that you have a debt which you still are responsible for paying. If you don't, you are dodging your debt and your responsibility.

If you make a million $ and pay $330,000 of taxes, it's not that someone took your hard-earned money away. Compare with a no-tax situation in a failed state, where you live in a hut in the wilderness. Without all the support you have now and take for granted, you would be able to make maybe $10 / day as the smartest guy, when all others around make $1 / day. 

Not unrealistic for failed states where you don't have to pay taxes. Remember, clay huts with a well. You were able to make an additional $999,700 *only* because you are in the US and not in Somalia. Society is your dormant partner in this business venture and supplied the infrastructure, for this they demand $1 for every $3 you make. Sounds fair, and you need to recognize this partnership.

It's an investment in you from your dormant partner, society, which made all you can achieve possible. Taxes are the payout to your dormant partner, and government acts as a proxy to collect this debt. The debt originates from society. It builds with the generations.

This is way it's justified to tax, and why I feel good doing so. This enables our successors to do the same.

EDIT: A special welcome to all the brigadeers from /r/shitstatistssay/omments/31srt9/society_is_the_silent_partner_that_makes/ . Aren't you tired of the same old arguments? I swear, I heard the thing with the bum and the windshield now the third time. Didn't get any more relevant. Same for all your other BS. 
_____

&gt; *Hello, users of CMV! This is a footnote from your moderators. We'd just like to remind you of a couple of things. Firstly, please remember to* ***[read through our rules](http://www.reddit.com/r/changemyview/wiki/rules)***. *If you see a comment that has broken one, it is more effective to report it than downvote it. Speaking of which,* ***[downvotes don't change views](http://www.reddit.com/r/changemyview/wiki/guidelines#wiki_upvoting.2Fdownvoting)****! If you are thinking about submitting a CMV yourself, please have a look through our* ***[popular topics wiki](http://www.reddit.com/r/changemyview/wiki/populartopics)*** *first. Any questions or concerns? Feel free to* ***[message us](http://www.reddit.com/message/compose?to=/r/changemyview)***. *Happy CMVing!*","Don't shove your trumped up morals onto me, maaaaan.",disagree,disagree
69,"Thanks for the put down, does it make you feel superior?",You tried to make OP look like an ass by assuming an unnecessary and absurd level of complexity.l,statement,statement
70,"As always, it depends on the arena you're talking about. I don't care what immigrants do on their own time but when they interact with me I expect them to act appropriately.","what on earth does ""act appropriately"" mean",question,question
71,Can you give deltas when you still agree with the OP?,"You can give a delta to any post that changes your view, be it towards OP's view or against it.",statement,statement
72,"Yours too but it doesn't matters for me now :
                     
                  
I changed my view","No, it's not his. The burden of proof falls on you, because *you* made the claim that ""most of the time they don't""",disagree,statement
73,"Same with a 'normal' diet though. Fortified breads, fortified milk, fortified meats. We do not live in a society where our food is 'natural' no matter what your diet looks like.","Right, but omnivores can still thrive without fortified foods. Vegans cannot be healthy on strictly herbivorous diets without supplements.",disagree,disagree
74,"Or we could accept that sometimes things are named in slightly inaccurate ways. What type of discussion do you think would actually fit on r/atheism? 

Atheism is extremely nebulous and really the only thing that all Atheist have in common is rejection of religion. Rejection isn't really a topic for discussion (""You don't believe in bearded sky men either? Cool! We should hang out!""). Frustration is the natural result of rejecting religion in places where religion has a strong influence. It is the closest thing to a universal Atheistic experience that I can think of.",Then the sub is just hateful? Thank you for proving OP correct.,disagree,question
75,"The US Government should provide READING incentives to encourage an increase in general population KNOWLEDGE. 

Fixed it.","I fail to understand. Are you insulting me, or simply commenting that we should focus on education instead? Because this program and education reform are not mutually exclusive.",question,question
76,"In this context, it sounds like you're suggesting that I (a) get sterilized and (b) provide proof of sterilization to my employer in order to get a job.

What the hell sort of Brave New World do you live in, buddy?","Reddit's dream world :)

AKA Reddit island :)",statement,statement
77,"The medical nomenclature is not mentally retarded, it's intellectually disabled","Not in America, it isn't.",disagree,disagree
78,"Yes. Yes it is. I believe in rugged individualism. The gun isn't that important, its a piece of metal and polymer. I believe in a human being's right to determine their own fate and am willing to go to the ends of the earth to defend that right.

If the punishment for owning a gun was a fine, similar to a speeding ticket; I would pay the fine with a smile and a laugh... which is exactly what I do with speeding tickets now. If the punishment was death, I would fight to it.",That's intense. Give me life over that liberty any day.,disagree,agree
79,"As I move up in society (corporate jobs,education etc.), I've noticed more white people speaking in black ebonics to me. I'm sure most of its fun and games, because in America white people make fun of other white people and other races all the time (archer, trailer park boys, reno 911, etc.) As do black people, we're all people, but I guess when white people do it, it makes me self-conscious. Do I sound like I just got out the 'hood or plantation? lol I'm pretty sure I couldn't have even gotten an interview if I spoke like lil' Montrell up the street haha. A lot of my friends say women do it to flirt, or be cool. Is this the case? I'm not trying to make anyone feel guilty, just probing into the psyche of American minds. I'm just not sure how to respond, other than join in the fun of poking fun at stereotypes or just going introverted and running away like Napolean Dynamite... please CMV","It may be the [Chameleon effect](http://www.ncbi.nlm.nih.gov/pubmed/10402679) taking place. Aside from mimicking mannerisms, the chameleon effect also induces people to copy the other's accent.",statement,question
80,"Let's assume that we have a CEO of a fortune 500 company, according to the AFL-CIO, in the top 100 highest paid of 2012-2013, all of them made between 15M-75M from salary and bonuses.  The lowest paid employees in their company maybe made $20k.  Ball park, that means that the CEO is 1000 times more valuable than her lowest paid janitor...

This speaks to me of a kind of hubris and greed that reasons in the following way:  The three of us work together, and all make 50k/yr.  At the end of the year, I'm promoted to 'manager' of the two remaining workers.  Now, it's not 'fair' for us all to still be paid the same, after all I'm in charge.  So take the same budget, $150k, and now I'm the 'boss' so I make 80k and so all that's left for the two people I manage is $35k each.  Repeat this say 4 or 5 times through middle and upper management, and we arrive at a situation like were in today.  Huge executive compensation, but why?

Now, if the maximum salary in the company was 60k and I was offered a promotion to manager, would I somehow be less inclined to take it? What about the next jump, to 70k? and the next to 80? Why isn't it enough that my decisions are now guiding and leading the group and I have received a small merit increase?  Why should I also make  ~50% to double what the people who report to me are making?

Why rely on a tax system to progressively tax higher incomes to provide services, rather impose a moral code that says companies may not salary(+bonuses) their employees at higher than a net total of 150k/yr during a 40 year career? [that is, liquid net worth should be &lt; 6M and our salary scale should be re-adjusted such that a diligent worker hits this 6M mark after 40 years, while a very hard worker could do it in 20-25).  Also, consider the studies that have shown people who make more than $80k/yr report to being just as happy and satisfied as people who make $800k/yr

Now I'd be willing to consider exemptions for Pro-athletes, or other 'time dependent' jobs (artist, architect etc) could still make nearly a million dollars per year, since their 'careers' when they are making a large amount of money could be relatively short.  I'm not convinced that the athletes who make 10s of millions work or train 10 times harder than a teammate who makes 250k/yr.  Or that the artist who manages to sell his painting for 1M worked a lot harder than the artist who sells it for $1,000

That is, I think that monetary value is inherently subjective and that we don't usefully understand the systems that determine the price of a good, or an appropriate salary for work performed. For example, [how much should it cost per night to board a dog?](http://dogvacay.com/)  In this case, regulation is needed.

Lastly, I think once you start making a large amount of money, it becomes nearly impossible to see how you 'aren't worth this much' and so it is up to society to provide the framework we can all agree to before we know how lucky, or talented we might be.


Ok but there's a huge problem; lots of people already have net worth more than 6M, or are paid way more than 150k/yr... and how do we handle telling them?

with that, CMV.

Obviously, since i just brought it up, I'm not that interested in counter arguments about how impractical such a change is/would be.  I'm asking for CMV arguments that look at why a maximum salary has little merit and so, why financial motivation is so strong a driver, despite the evidence that it does not making people any happier.

EDIT1: people seem to be arguing that it's not the payee, but the payer who has the moral or ethical obligation here.  What I'm looking for in the CMV is an compelling ethical argument that provides evidence that paying higher salaries yields some MORE good in the world than the inequality it creates.  That society is better off because people can be paid arbitrarily high salaries. I'm asking for someone to convincingly honestly articulate a Gordon Gekko 'Greed is good' point of view.

Edit2: Thanks for all the responses.  I'll get back to more of you tomorrow.

Edit3: People are hung up or think that by saying there is an ethical limit, that implies a legal limit, or a taxable limit.  This is not the case.  People can continue to request huge salaries, and companies will continue to pay them. My point is that their behavior (by me) is viewed as unethical.  Why should I think that because the market will pay them that salary that they should accept it?  What imbues the market with knowledge of what is right and wrong, rather than what 'can be done'?  All things that can be done, shouldn't.

Edit4:  Well, 500+ comments later, and I only awarded two __... However, this has been really interesting and stimulating. So thanks everyone.  I went through and upvoted all the top posts because I did want to thank everyone in some small way for participating.  I think my biggest take-away is that lots of you think that growth and/or efficiency are inherently good.  I readily admit to being skeptical.  I think that measured growth is good/necessary, but like nature, only so much growth should be allowable before some other check should come in.
_____

&gt; *Hello, users of CMV! This is a footnote from your moderators. We'd just like to remind you of a couple of things. Firstly, please remember to* ***[read through our rules](http://www.reddit.com/r/changemyview/wiki/rules)***. *If you see a comment that has broken one, it is more effective to report it than downvote it. Speaking of which,* ***[downvotes don't change views](http://www.reddit.com/r/changemyview/wiki/guidelines#wiki_upvoting.2Fdownvoting)****! If you are thinking about submitting a CMV yourself, please have a look through our* ***[popular topics wiki](http://www.reddit.com/r/changemyview/wiki/populartopics)*** *first. Any questions or concerns? Feel free to* ***[message us](http://www.reddit.com/message/compose?to=/r/changemyview)***. *Happy CMVing!*",They get paid in proportion to how much money they make the company or organization they work for,disagree,disagree
81,"&gt; There's nothing wrong with being ""men-oriented"", except


I stopped reading when you said ""except"".

I am a man,  there is **nothing** wrong with something being ""oriented to men"" period. Don't try to shame me for being male.","I never did. I *did* shame you for excluding other men from your definition of ""being male"".",disagree,agree
82,Never been a fan of hops personally. I try to IBU scale and enjoy more fruity flavors.,Tillermans kriek cherry lambic is a god.,statement,statement
83,"The problem here is that the Britannica used subject matter experts to create its entries and once written, the entry didn't change very often. There's no such assurance about the expertise of anyone who has written a Wikipedia entry and no guarantee that the Wikipedia entry I look at following your citation is the same entry that you used, since it's potentially subject to editing every day.",That latter point is a very good one.  Thanks very much for your response.,agree,agree
84,"In the title of your post, you say that they are put into films to make them appear smarter. If /u/bluefyre73 challenges that part of the view, he's challenging your view. You made the ""why"" part of your view when you put it in the title.","You are right, I changed my post.",agree,statement
85,My bad,kiss?,question,question
86,"Because that's like comparing apples to hand lotion. There are so many different forms of art out there, but let's just look at 3 of them to make this easy: music, fictional novels, and 2-D paintings. Which of these is the best?

No, I don't mean which do you like more, I mean which of those is *objectively* the best form of art? Which one has the highest ability to convoke emotions or bring about change?

That's an impossible argument to make as all 3 of those art form effect different responses in different people. You can't ranks them.

Now, you can rank the members of an art class (ex: the Mona Lisa is superior to a child's finger painting) but that's not what you're talking about.",Novels.,disagree,disagree
87,"Regular night clubs like you describe are shit IMO.

Try finding a smaller venue that's more underground, and is there for providing great music, not people hooking up.

A small venue with an amazing dj playing deep house is literally my element, and I'm an introverted INTP. I'll dance from the second I step in that door, to the second I leave. I feel at home.",I love that!,agree,agree
88,What exactly is a religious fallacy?,Something he made up to justify his traditional beliefs,statement,statement
89,"On the topic of the French Revolution: in history classes, it's sometimes mentioned that some historians don't view the American Revolution as a real revolution bc it kept a lot of existing class structures the same, just without British rule, while they laud the destination (but definitely not the journey) of the French Revolution, since it resulted in big changes in how the government was set up (moving away from the 3 estates). So it might be possible that you took that and kind of ran with it a bit, since I'm pretty sure that most don't view the French Revolution in nearly as good terms as the American one",that was more than likely the case.,agree,agree
90,"I often read argument Reddit or with my American friends (I am Canadian) where people reference the Founding Fathers and the constitution. These people always talk about present day politicians as scummy and untrustworthy, while talking about the Founding Fathers like they could do no wrong and have the ultimate perfect opinion. The way I see it...they're politicians too. Now, I don't have such a bleak view of politicians as some; I think politicians are people and as such they can do great things or make mistakes.  I just don't think it's healthy to think that every word out of the Founding Fathers mouths is pure gospel. They can make mistakes, and a few hundred years is a long time for the world to change around their words.

This has come up a lot with recent gun debates. Redditors will talk about the right to bear arms and cite the Founding Fathers etc. 

Well.CMV",[There is a legal reason to figure out what the founding fathers' meant](http://en.wikipedia.org/wiki/Originalism),disagree,disagree
91,"I'm sure you can imagine circumstances in which you'd want to do this. For example, my PC is hooked up to my TV.","I do that with my laptop, I love it",agree,agree
92,"You really aren't trying to have a productive conversation, are you? One-sentence counterargument and a reassertion of your point?",Verbosity isn't the path to being correct.,disagree,statement
93,"Duvergers law is a recognized fact of political and behavioral science, and no amount of victim-blaming can change the way the vast majority of the people are going to think.","Then don't do anything about it. The situation is obviously hopeless. (Really though, victim blaming. Unbelievable...)",statement,disagree
94,"_ Well done, good sir. For the lowly peasants of the world, perhaps the pancake (maybe renamed to the peasantcake) is the superior choice.",Such plebs,agree,statement
95,"&gt; you equivocate egalitarians to white supremacists

Just as a friendly heads up:  http://en.wikipedia.org/wiki/Equivocation

You were looking for ""equate"".","Thanks, boo",statement,statement
96,"Hardly reckless? You seriously underestimate how much damage a 4000+ pound machine can do, even driving at 40 mph, which is a relatively low speed.

&gt;People have real lives and shit to do.

And I don't? Good to know.","If you're going the speed limit the majority of the time, you clearly don't have much to do.",disagree,disagree
97,Source?,"Here's a couple papers (warning, both PDFs):

http://www.minneapolisfed.org/research/prescott/papers/LaborSupply.pdf

http://eml.berkeley.edu/~saez/course/Hausman_Handbook.pdf

Edit to add a third that's more recent:

http://www.cbo.gov/sites/default/files/cbofiles/attachments/10-25-2012-Recent_Research_on_Labor_Supply_Elasticities.pdf",statement,statement
98,"In your opinion, what makes someone a particular gender, then?  You say *""sexual organs and hormones,""* but could you detail your view a bit more?","I think that gender is something you're born in to, and that it has nothing to do with how you identify.  A strictly scientific definition",statement,disagree
99,"A huge part of the world issues stem from the fact that people can lie and get away with it.

To prevent people from lying, we have morals, ethics and principles, and the deterrent that is suposed to be the justice system.

I think it's fair to say the tools aforementioned are not working the way they should, as we all continue to lie on a day to day basis. And when the people with power lie, bad stuff likely happens.

I read somewhere here that cops with cameras strapped to their heads reduce police abuse by 90%. Well I'm proposing to make people abuse reduced by 90%.

If we were able to put google glasses or similar on eveyrone, AND everyone else could see the feed (otherwise just leaving a few people in charge of it would turn us into 1984), we would be initially ""forced"" to act like decent people, and we'd have a hard time adjusting at first but eventually it would be awesome.

Edit: This has been incredibly enriching, thank you so much. My view has changed, not because I don't choose privacy over potential wellness of the human population, but because everything humans builld can be hacked, and this doesn't work unless there's certainty that information assymetry is abolished. But I still believe we're heading towards a less private society, and it will be better to make the best of it.
_____

&gt; *Hello, users of CMV! This is a footnote from your moderators. We'd just like to remind you of a couple of things. Firstly, please remember to* ***[read through our rules](http://www.reddit.com/r/changemyview/wiki/rules)***. *If you see a comment that has broken one, it is more effective to report it than just downvote it. Speaking of which,* ***[downvotes don't change views](http://www.reddit.com/r/changemyview/wiki/guidelines#wiki_upvoting.2Fdownvoting)****! If you are thinking about submitting a CMV yourself, please have a look through our* ***[popular topics wiki](http://www.reddit.com/r/changemyview/wiki/populartopics)*** *first. Any questions or concerns? Feel free to* ***[message us](http://www.reddit.com/message/compose?to=/r/changemyview)***. *Happy CMVing!*","Writing a book, OP?",disagree,question
100,The recordings thing was stupid I admit that. I just didn't know how else to describe it. Its the feeling that matters not the scenario.,"lol I DO get you. And it is definitely uncomfortable but I just think that the word ""creepy"" is inappropriate. Awkward, socially uncomfortable, bad etiquette.",disagree,agree
101,"That is because being gay is not a disorder, it is a sexual preference, and shouldn't be treated in any way.

Being gay is not in any way comparable to being trans.

Truth be told, i don't give too much thought about the subject as it doesn't concern me at all. If theese people are happy living the way they do, then i wish them the best of luck.

But it is *not* biologically normal",Neither is being gay.  It leads to species suicide.,disagree,disagree
102,I've had to rev my engine multiple times to warn drivers that I'm there that would have just clipped me otherwise.,There is a horn for that ...,disagree,statement
103,"Yeah, I'm seeing why using anecdotal evidence to ""disprove"" a positive correlation is totally wrong.

However, what if someone were to say:

A: Did you read that X is good for your health?

B: No, that can't be true. My grandfather got sick and died after he consumed X.

It could very well be possible that X made his grandfather sick right?

Edit: formatting","It could, but it is **not** evidence for that position in any way, unless they can point to a trend.",disagree,disagree
104,You didn't answer his question. I'm curious if your answer.,"That question is irrelevant. A much more relevant one would be ""what will it take for people to actually read the *entire* post before asking stupid questions?""",disagree,question
105,"One thing that I never understood btw: If they stopped so much terror-attacks before they happened, why don't they publicize these successes? Surely, that would be a good way to demoralize potential terrorists, by showing them that others did not succeed.","My rationale was that it would somehow give away details about the methods that were used, which might be beyond what we think is available to them.",disagree,statement
106,"Right, so new dad here, and a hugely, crazily happy breastfeeding wife spending her day telling me hundreds of marvelous things about breastfeeding.

My argument is fairly simple: Too often new mothers are given Formula to feed their babies, which is unjust. Formula isn't as good of nutrition, and should only be neccesary if there is a legitimate health concern where the mother and child can't feed.

Over the course of millions of years, the Mammals have dominated our planet since the Cenozoic age. Our Name, ""mammal"" is a derivative of the word ""mammary"", the Teat gland. We've existed for millions of years feeding off our mother's teats, yet only recently have adopted synthetic formula. Breastmilk s literally biologically built to nurture babies, and It's a fools errand to try and prove that Formula is a better, healthier substitute for breastmilk. (By all means, show me data otherwise, i'm looking to give away a Delt)

Formula isn't as good for baby, and it causes undue financial distress, but unfortunately is easier for new mothers. Breastfeeding is hard work, especially for new mothers, so oftentimes (In America, at least) we abandon hope of breastfeeding and switch to formula within the first day. formula companies stock hospitals and line doctors' pockets in order to rope new, frustrated mothers into the formula easy-train. I feel that this shouldn't be allowed, especially when formula is as expensive as it is.

The world heath organization says that Children should be breastfed exclusively until 6 months, and should continue to breastfeed with solid food until 2 years. 

http://www.who.int/topics/breastfeeding/en/

In America, roughly 4/5 of mothers ever try breastfeeding, and only 1/4 of mothers breastfeed until 6 months.

(PDF via CDC: http://www.cdc.gov/breastfeeding/data/reportcard.htm)

My solution is simple: There is an international board that trains and certifies lactation consultants to inernational standards. they exist in America, but in appallingly small numbers. A session from an IBCLC (International Board-certified lactation consultant) should be necessary before you are given a prescription for formula. In that session, the Consultant can educate you on why feeding is difficult, and reassure you that you CAN breastfeed. The modern American Model isn't focused enough on catering to the fears and needs of new mothers, and too often give them formula before mothers actually need it. Formula should be kept at a pharmacy, not at the hospital, and not in the grocery aisle. the only people who should need to give formula to their babies are in medical emergencies; much like how we only prescribe pharmaceuticals to the ill.

Breastfeeding rates need to come up, because as we breastfeed more, it will lessen financial strain for new families and raise the public health standards. I feel that the only way we can increase breastfeeding rates is to require a lactation consultant to diagnose you and your child as incapable of breastfeeding.

Convince me there is any reason besides an immediate medical concern that a mother should be allowed to purchase baby formula.

EDIT: formatting.

EDIT2: Ok, Jesus Christ, stop shouting at me. I'll have to change my view. Prescriptions aren't neccesary, because formula isn't addictive or harmful. Just because they are less healthy than boobs doesn't mean they should be regulated.
https://gifyoutube.com/gif/y3B610
My opinion on the International Standard still seems to stand, though. (as of now) we all seem to agree that breastmilk is better, so why shouldn't we do our best to ensure that all women are given the support and education needed to properly breastfeed? Breastfeeding is hard work, and unfortunately there are lots of problems that mothers don't know how to cope with. For instance: if you'd like to breastfeed, but your supply lessens, giving your baby formula is the worst thing you can do for your supply. I feel that there should be a certified group of experts to see you when you have a child to help and inform you of things you may either be confused or scared about. Privatized healthcare seems to make this impossible, however.

&gt; *Hello, users of CMV! This is a footnote from your moderators. We'd just like to remind you of a couple of things. Firstly, please remember to* ***[read through our rules](http://www.reddit.com/r/changemyview/wiki/rules)***. *If you see a comment that has broken one, it is more effective to report it than downvote it. Speaking of which,* ***[downvotes don't change views](http://www.reddit.com/r/changemyview/wiki/guidelines#wiki_upvoting.2Fdownvoting)****! If you are thinking about submitting a CMV yourself, please have a look through our* ***[popular topics wiki](http://www.reddit.com/r/changemyview/wiki/populartopics)*** *first. Any questions or concerns? Feel free to* ***[message us](http://www.reddit.com/message/compose?to=/r/changemyview)***. *Happy CMVing!*","It is food, not medicine. You cannot ethically regulate food in this manner.",disagree,disagree
107,"I'm not saying ALL the growth in China has been fake, but pointing to one of the country's largest cities as a case study is bad. By that standard, have you actually been to Miami, New York, or San Francisco? I can show you new neighborhoods, fancy cars, and large amounts of construction but that says very little about the US as a whole. Shanghai is doing well, but the cost of living is a huge barrier to entry comparable to requiring a work visa to enter the USA, and for every Shanghai there's an Ordos or Harbin that is 50% vacant and drowning in debt.","[Yeah, sure...](http://www.macroscan.org/fet/jan09/Chart/Rural_Poverty/Chart1.jpg)",disagree,agree
108,Source? I've heard the opposite that day care is a hellhole of neglect and causes social disfunction.,Not that I disagree but do you have any sources on that?,question,question
109,"There are probably aliens, but the odds of them being on earth are close to nil. Your boyfriend would be correct in that there are tremendous numbers of planets the size of earth, with water, carbon, and complex organic molecules to form life. Out of all the trillions of planets with the ingredients of life, at least a few ought to have followed the same process that led to life on earth.

Knowing that the creation of intelligent life is possible and that there were trillions of chances for it happen, you may ask why we haven't seen any. We don't know the answer, but it's unlikely that scientists are covering it up.  We would not be spending billions of dollars to look for something that we needed to hide. It's also unlikely that aliens would take the time to cloak themselves from all of earth's telescopes, amateur and scientific, but flutter around completely visible to airline pilots. 

The most likely possibility is that whatever aliens may exist are too far away to contact us.",We just don't know the odds of life forming.,disagree,disagree
110,"My exposure to dance (Dancers I know) would lead me to believe that a) Dance isn't an Art in the same way that say Theater/ Film is, or b) my school simply doesnt emphasize that side of dance (which in my mind is the reason to study art of any kind at a university level)

Film Majors and Theater Majors will spend the at least 2 semesters of Coursework on Theory, History, and Analysis. The dance majors I'm friends with say they don't have to do any of that.

Which is the core of my issue with dance as a major, I don't see the other side of dance. It's 100% possible that's just my school, and other programs are different. 

Assuming you (or someone on this thread) has studied dance, could you enlighten me to Technique, Theory, and history? Whats Dance's ""Metropolis"", ""Romeo and Juliet"". Whose Dance's Shakespeare or Orson Wells or Rembrandt? I'm genuinely interested, and largely ignorant to the art side of dance.","out of curiosity, what kind of dance do your friends do?",question,question
111,"Basically if there ISN'T a distinct subgroup of the population that is labeled ""native"" or ""aboriginal"" that is a minority.","But all that is is a factor of time (and the efficacy of the ensuing genocide, cultural or otherwise). What's the cutoff?",disagree,question
112,"I don't know about yours, but in my country we don't require minors to pay taxes because they don't have income. You owe taxes when you get a job, not when you're born.","If minors have income, they have to pay taxes. Everywhere.",disagree,disagree
113,"This isn't a conversation I want to have. This heated debate has spread *all* across the thread, and it wasn't what I wanted to discuss in the first place.

I don't **CARE** if Zimmerman was guilty or not. I really don't. Unless someone can prove to me that it *matters* (which no one has), I have no *interest* in discussing it.","You're right sorry. I would agree that its impressive - that everyone hated these two, and it didn't influence the descision.",agree,agree
114,What reason do I have to exercise that principle in regard to creatures which have no way of retaliating if I don't follow it?,"The Golden Rule isn't a game-theory rule to maximize benefit to yourself, it's a moral proscription for how to empathize with people and attempt to treat them fairly.",disagree,disagree
115,"You're welcome: it's always a pleasure to talk about these matters !

I completely agree with you when you say that non-existence is the norm and existence the exception. But again, the fact that there is -by definition- no awareness to experience non-existence, nullifies this concept of non-existence.  

I share your doubts about the idea of consciousness retaining its sense of self. In fact, I don't really believe in ""full reincarnation"", to be honest.

However, I believe that the vital force that inhabits us is not lost and will be recycled/merged(the ultimate goal ?)/divided into another form of awareness at some point after death.

And if it doesn't, well that's kinda sad but I can take it: in this case it means that before we were born, we were also non-existent (same that after death) and when I think of it, it makes me more or less OK with this  idea.

In any case we are left with suppositions. For some reason, I like the metaphor that says ""asking what's after life is like asking what's at the north of the North Pole"".

Anyway, good luck in your quest for answers and have a good one !","Thanks, you too!",agree,agree
116,Depends on your definition of bad. My point was a student who gets low grades or in trouble a lot would have a way to blame the teacher. I have seen people refuse to do their work and sit doing nothing coming to the teacher a week later asking not all that politely why they are failing. There are some people who seem to think it that they are entitled to do whatever they want and still pass.,Do terrible students opions not matter? And I remind you they don't choose to be there.,disagree,question
117,Nice historical revisionism there.  No serious historian/economist argues that.,"http://newsroom.ucla.edu/portal/ucla/fdr-s-policies-prolonged-depression-5409.aspx

http://m.us.wsj.com/articles/a/SB123353276749137485?mg=reno64-wsj

http://money.cnn.com/2009/02/10/news/economy/yang_newdeal.fortune/

Some links for you. The cnn article is probably the most balanced.

Pretty solid ""no true Scotsman"" fallacy there, btw.",disagree,agree
118,"&gt;  what is the big deal?

That's a tough question to answer directly, because the emotional effect of art is going to differ from person to person.  You might not have an emotional reaction to poetry but other people do, and the ""big deal"" is that emotional reaction.","Fair, but it doesn't make up for a good argument; something are and somethings are not.",disagree,disagree
119,"Thinking a little more on this: Not sure if transliteration or transcription is the right word. Indian languages have a fairly strong corrolation between spelling and pronunciation, but it's not exact.

Kolkata is a good illustration of the problem. To break Ã Â¦_Â¦Â²Ã Â¦__Ã Â¦Â¤Ã _ down: Ã Â¦ is ""k"", there is an implied vowel ""o"", Ã Â¦ is ""l"", Ã Â¦__ is ""ka"" and Ã Â¦Â¤Ã _ is ""ta"" as a direct transliteration, which also happens to be how is sounds. 

Although if you don't know the pronunciation and just followed the general rules, you might want to transliterate as Kolokata. To let someone know the implied vowel is not there you either need a sign under the Ã Â¦ like Ã Â¦_Â¦Â²Ã Â§__Ã Â¦Â¾Ã Â¦Â¤Ã Â¦ or joining the consonants, Ã Â¦_Â¦Â²Ã Â§_Ã Â¦Â¾Ã Â¦Â¤Ã Â¦. But, this is an example where the formal rules, where the writing reflects speech, are bent because it is understood.","This is why the South Indian languages are better! Don't drop those vowels, just say them inhumanly fast!",disagree,disagree
120,[Pie can be art too.](http://imgur.com/yBMRa4g),full seriousness: submit this to /r/art or something.,agree,statement
121,Is a man imprisoned if he is locked in a room that he has no intention of leaving?,I'm saying he doesn't even get to choose if he has an intention of leaving or not.,disagree,disagree
122,"Many people who now eat their steaks rare didn't like it the first few times they had it, either. I'm one of them. I didn't like whiskey or sushi at first, but now they are two of my favorite things. Tastes evolve, and we like to think that in the process they are refined.",I'm not gonna force myself to eat something I don't like - that just defies logic.,disagree,statement
123,Do you have a link to a study of some kind that proves this?,I don't feel like this needs a study behind it. You hear louder things better. The end.,disagree,agree
124,"Western society has agreed that a fetus isn't alive until it's 24 weeks old and until then the mother has the right to an abortion. Her reason for having an abortion doesn't matter so if a pregnant woman finds out that her fetus has a big chance of having a disease (usually Down syndrome, but using your example we could say cancer), she does* and should have the right to prevent that child being born. Doctors don't tell her that she has to have an abortion, but instead allow her to choose for herself. 

So yeah, you might decide that you want to keep your baby despite the fact that it'll probably have a disease and that choice is perfectly fine, but another person might choose to not have it and I think that it's extremely important to note that even though you might disagree, it's vital to respect that choice as well. 

* = Not in every country of course",Excellent point. So I guess it is already being done in a sense. I hadn't really thought about that. _,agree,agree
125,So they would lash out declaring sexism like men are doing now?,"Exactly and nothing is being done. You can bet your ass when women speak up, it turns everyone else into the suspect.",agree,disagree
126,"We have executed innocent people.

End of debate.",Uh. So has everyone else.,disagree,agree
127,"On the one hand, yes- you *know* you should limit your Oreo intake.

On the other hand, food companies do some pretty shady shit with what's in their food.  Recently Monsanto and Starbucks sued Vermont to be allowed to hide their ingredients from consumers.

Also very subtle shit like putting sugar in grams instead of tablespoons solely because most Americans can't visualize a gram of sugar.","A tablespoon is 15 grams. Not that hard. Then again, I'm not American.",disagree,disagree
128,"I don't think we can assume that either.  Or that their compensation represents their actual productivity, for that matter.",Why don't you think that the richest people in the country pay the most dollars in taxes?,question,question
129,"&gt;Someone with Down's does not possess the tools to pull himself out of his own issues. Someone that just isn't trying does.

This really seems like it's drawing an arbitrary line. If someone has an IQ of 75 we declare them helpless, but not IQ 100, say. What about 90? 85? 77? Where do we draw the line? Why do we draw a line? Why not just treat all of the people as having medical problems, rather than moral ones?",Because we don't use IQ to diagnose mental illness. The line is drawn when there is a distinct physiological difference in one persons brain compared to a normal one.,disagree,disagree
130,Your name had better not be a Game of Thrones spoiler.,"No, I'm just an advocate for gavelkind succession laws, even in fantasy worlds.  ;)",disagree,statement
131,"Why does it matter if it's natural or not, exactly? The result is the same whether you use hormones, physically extract the baby, or dissolve it in hydrofluoric acid. The clump of cells ceases to divide and differentiate, and the parent clump of cells (aka mom) lives on, unaffected and happy.","it doesn't, it is still the killing of another person.",disagree,disagree
132,And who gives anyone the right to decide who *needs* to die? Because I certainly don't remember voting for a local executioner.,"We all decide that as individuals and it's, usually, the people that have guns that decide this.",disagree,disagree
133,"You say ""we"" a hell of a lot for some white person who has no experience being a black person",Ad hominem.,statement,disagree
134,"THANK YOU. I'm getting up and downvoted variably in r/TwoX for this exact view. When I look at that shirt the first thing I notice is ""beautiful, powerful women."" Why I'm so comfortable with the association of sex appeal and power (a common theme in the nerd industry) as a female is a problem.","I wish more people would take this viewpoint, instead of assuming it's objectification.  ""Hey, that badass scientist is also into badass women!  Rock on!""  

Solidarity, my sister/brother.",agree,agree
135,"It's my view that people that drive motorcylces and cars with those loud mufflers are simply inconsiderate in that they don't care about other's peace and quiet.  
  
I've always found them annoying, say you're reading or studying at a cafe and they roar by louder than an invading Mongolian horde. God forbid they stop at a light since now you're stuck listening to that ungodly chortle for a good minute or so.  
  
I'm a single parent now and live by a fairly well travelled road. They wake my baby up consistently, and he has a hard time with his sleeping habits.  
  
It's a choice to make your vehicle that loud, not a necessity. On top of that, the rider or driver does not have to hear his most of his own racket since most of the sound is projected backwards.  
  
These people are assholes. I wish I could wake them up every 15 minutes with their own stupid vehicle.

***EDIT:***   
  
I had no idea this post would get this big and, as much as I'd like to, I can't possibly hope to discuss this with all of you. Thank you to everyone, on both sides of the issue, for your reasoned and very interesting replies.  
  
The argument that got me closest to changing my view was surely that of safety. Other people are saying being loud is not as important for safety as actually driving well on a motorcycle, and this seems to be coming from cyclists as well, so unless I see some sort of peer reviewed study over anecdotal evidence that line of thinking isn't doing it for me.
  
My favorite arguments were those along the lines of ""It's a free country, you're the one that's being inconsiderate by expecting the riders to be silent."" The image of some tatted up Hell's Angel roaring through town and impinging on the hearing of 500 people and then screaming ""IM BEING OPPRESSED"" when someone suggests he tones down the throttle is simply delicious.  A special thank you to everyone who called me a pussy via PM. It's good to know you care so much.
  
I also learned that the sound that irritates so many of us so well is the sound of straight pipe exhausts. Cheers all!  
  
***EDIT 2:*** 
  
/u/ToastitoTheBandito did manage to change my view on this. [Here is the link to his comment](http://www.reddit.com/r/changemyview/comments/3bfrve/cmv_people_who_drive_loud_cars_and_motorcycles/csmj6kc)  Thank you Toastito, and thank you for being considerate to others.
  
Just a caveat here, there's a few comments in this thread that highlight the problem with some drivers very well. I'm not gonna call anyone out by name but the gist is that I'm annoyed over a minor inconvenience and I should get over it, people like driving loud cars and they're gonna keep doing it.   
  
I don't think any new parent would call it a minor inconvenience after spending 30 minutes putting a baby to sleep only to be woken up 5 minutes into his nap by a purposely loud vehicle. **But this post isn't JUST about me, or my baby.** These drivers drive past countless people. People who are gravely ill. People who own dogs that will shit on the carpet because they're scared of the sound. Nursing homes. Someone with a migraine headache. People who work the night shift. And all these little acts, each one is a little fuck you from the driver. And all these little fuck yous add up to one huge mega fuck you to your community. **People with empathy get mad at this not just because it inconveniences them but because they know it inconveniences many others as well and the act is seen as grossly disrespectful because of that.**  
  
One PM I got said:  
  
&gt;I drive a loud car. Why? Because I like it.  
  
He doesn't take the time to think, ""How will my actions affect those around me? Is there any chance the thing I am about to do will harm someone, and, if that is the case, should I still do the thing?"" No, this person doesn't give a shit. And that, ladies and gentlemen, is the very essence of being inconsiderate. ^and^an^asshole","""It's a choice to make your vehicle that loud, not a necessity.""

It's also your choice to live on a heavily traveled road.",disagree,disagree
136,"&gt;The situation I envision is one where he won't die if you don't consent, won't die if you go all the way through with it, and will die only if you agree and then renege.

This situation is mirrored almost exactly in marrow donation.  The recipient is ill (but not always terminal and often with some time left).  The donor consents to the operation and the recipient undergoes radiation to kill their native, diseased marrow - without the new marrow promised by the donor the patient will die.  At this point the donor can refuse to undergo the procedure, even though it means the death of the recipient - a death which would be the direct result of his reversal of consent.  Such is the strength of our right to bodily autonomy.","Thank you, very good example. I will have to look into this further.",agree,agree
137,"&gt; I hold this belief because I feel as though this world will never be fully accepting of the LGBT community.

This is simply wrong. In Western Europe (or at least where I live) homophobia is almost non-existent and the few people that are homophobic speak in hushed tones as to not be shunned. Is the LGBT+ community completely accepted here? No, but it's getting there. Hating gays is not an innate human trait. 

I also think that diversity actively improves the world. A world where more and different experiences are possible is simply a better world. If you remove human homosexuality from the human race, you are removing positive experiences from it, just because some fuckwads can't play nice. If your view is that it is good to appease fuckwads, I don't think I can change it.",It is not that way in America. And in many other cultures you will be hung if you are gay.,disagree,disagree
138,"the phrase 'man born in a woman's body' refers to the fact that sex (male/female) is biological while gender(man, woman, etc) are social constructs. As such, there are some who are born male, who identify more closely with women than with men. and vice versa.","You're not born into a social construct, though. That's why it's a social construct.",disagree,disagree
139,"I would be super against anything like what you describe. Regulations like that are what cause all sorts of problems for the poor. Regulations on welfare and food stamps created because people feel like some people who don't ""deserve"" these benefits are abusing them. So they create new regulations intended to target these ""undeserving poor"", not realizing just how few people actually abuse the benefits and end up just hurting shit tons of people who really needed to be able to use food stamps to buy diapers, but now can't because of regulations like that. But people who think like you just accept it because you would rather 1,000 poor people have harder lives than one person get something you don't think they deserve.",Bravo!,agree,agree
140,"I like this idea. It allows for the odd cases where somebody would want their headlights on while their car is off covered in other comments, but makes it much harder to do accidentally and doesn't clutter the headlight switch with another mode.

However, I'm not sure I should award a delta, because the idea of a special mode where the headlights can be on while the car is off is covered under [this delta](https://www.reddit.com/r/changemyview/comments/3ffta7/cmv_auto_manufacturers_should_make_their_vehicles/cto7tnn?context=1).","No problem, deltas are just another internet currency anyway.",agree,disagree
141,"*Perhaps* Senators, but I highly doubt every member of the House is well-off enough not to receive pay.

Plus, it's very likely illegal to force someone to work without pay.",Nobody is forcing anybody.  They can just be the representative who abandoned his/her post during a shut down.,disagree,disagree
142,Not in my hypothetical :) In my version they're all sent to watch re-runs of Jersey Shore for all eternity.,"Then put that in the CMV. If the ""rules"" deviate from reality, they need to be stated from the beginning.",disagree,statement
143,"&gt; There is no meal free from suffering  

I don't think anyone is making this claim.  This would turn your view into a strawman.  ]

What I see vegans claiming is doing everything they *can* to reduce animal suffering, not claim that what they do harms no-one ever.","I misunderstood their position. I haven't met many vegetarians or vegans, so I made some assumptions. Hence the CMV",agree,statement
144,"Yeah, waking up to 400 upvotes and an extra month of gold for having changed someone's views on a historically extremely marginalized group was nice. Especially considering I made that post at like 2:30 in the morning while playing FTL and trying to convince myself it was way past bed time :P",FTL is too difficult and repetitive to replay enough to unlock everything. CMV.,statement,statement
145,"The supreme court ruled that cops need either reasonable suspicion or probable cause to force someone to wait for a k9 unit, and how is that scarring psycological warfare?

Yes, the police aren't 100% perfect?  Should they be more careful, yes, are the small number of mistaken no knocks that have made the press evidence we live in a ""police state""?

If you can prove where the money came from you can get whatever was seized back.  Could you get your assets back in a police state?

Actually in around 2008 the NYT broke a story that the NSA had spliced into the core internet fiber.  You can look up the hardware they were using to collect data from those splices and read the manuals.  iirc it was mostly metadata stuff.

Well, yes, they look for pattern, like, how often does X person trade emails with person Y on a watchlist?  That's hardly sinister.","I wouldn't call it ""scarring psychological warfare"" but it absolutely does its job trying to show people that the cops have all the power.",disagree,disagree
146,"I have nothing against homosexuals and they deserve to be accepted in society and get married like everyone else but I believe the approach is all wrong.  I think it's wrong trying to promote gay pride by dressing in leather and latex.  If people want others to accept gays then they should make people see the gay community as morally upright people that most of them are instead of portraying themselves as kinky sex crazed people.  Also dressing lewd will do nothing but freak out the homophobes and disgust families that want things to be ""rated G"" for their young children.  I think all the things people do in gay pride parades just hurt their cause more than help it. That's why I believe gays should be a bit more family friendly if they want more acceptance.","Is there a necessary opposition between moral uprightness and kinkiness? Is ""leather and latex"" a moral issue?",question,question
147,"Which is strange when you figure that there doesn't appear to be any conspiracy theories surrounding Leon Czolgosz. He was a random nobody that believed that he could change the world, so he assassinated McKinley. He was right and nobody really questions that like they do with Lee Harvey Oswald.",It's because his name is difficult to spell and pronounce.,statement,disagree
148,"Is Walmart bad or are the people who hand over their dollars bad?

Even if they have a 'monopoly', I can shop for food and underwear elsewhere.",[What Walmart has isn't a monopoly.](http://en.wikipedia.org/wiki/Monopsony),disagree,statement
149,"Usually when people say natural, they have some agenda of condemning the unnatural and/or exalting the natural. That's when it's meaningless.

It's not meaningless when you realize that what's consistent among the majority of its different definitions is that it means ""devoid of interference"" from some implied party, most often the only party that has the ability to consciously affect the outcome of the system. For example, we have the ability to observe, remember, and act on knowledge of how our actions affect the world and the environment and all that while animals do not. Thus, when we interfere with ecological systems, that's unnatural interference. Based on how the word is actually used, which is far removed from its etymology at this point.",Jolly good. _,agree,agree
150,"&gt; So many things are alive, and we don't care in the least if they die. What makes a fetus, particularly a fetus inside a woman who wishes not to be pregnant, so special?  

To play devil's advocate, couldn't this argument be used to defend infanticide.  Babies are alive.  But, they're not equal to full grown human beings.  Their brain isn't developed.  All they can really do is eat and shit.  

If we can argue that a fetus isn't really a person because its not fully developed, couldn't we also argue that babies aren't really people?  Is there a reason your argument can't be used to defend infanticide?","A fetus is like a simple circuit, electricity flows and the circuit is on. A baby is a computer. Still a circuit, but it now operates in a meaningful way.",disagree,disagree
151,"but you can't make the call that the bad things surrounding the religions are down to the religions themselves. priests aren't fingerblasting 10 year old boys because they're religious, they're doing it because they're fucked up, evil old men who know the boy's won't tell. religion doesn't oppress us as a society, they don't go ""believe in God or we'll murder you"", it's ""if you'd like, you can join the church"". but, to be fair, i don't even want to get started on the effects of Islam. i do agree with you that if a religion's punishment for leaving is death, the religion should be abolished.",I think you replied to the wrong person.,statement,statement
152,"In many US states there is still a restriction on what type of alcohol you can buy on Sunday, if you are even allowed to buy alcohol at all. Sunday is just another day of the week, why is it just on sunday that this rule is enacted?

Also, why bother with just restricting certain types of alcohol? If I wanted to get drunk on a Sunday and no liquor is available I'm just going to buy a lot of beer. 

If it is for a religious purpose that is just silly. Who says that worship should has to be on a Sunday, and it seems to me that this law is harming non-christians who wish to purchase alcohol on a Sunday.",I'm In Washington.  This makes no sense to me.  Never heard of it unless you're from Utah or something,disagree,disagree
153,"Time Travel seems like the really obvious winner to me.  Teleportation is great and all, but imagine what you could do if you could travel in time.  Hell, if you didn't like it you could always go back to when you made this thread and make sure you choose teleportation instead anyway.  So zero risk.",Haven't thought of that. Man that's a really good practical application.,agree,agree
154,"People have already laid out these points, but I feel like understanding an unfamiliar perspective can sometimes be a simple matter of wording, so lemme give it a shot.

Race is real. Race is real like money, and national borders, and adoption, and the meaning of these squiggles I'm writing with--it's real because enough people collectively agreed that it was real and gave it importance. It isn't biologically or intrinsically real (even though we tried to find its 'location' so to speak) and it *shouldn't* matter, but thanks to the actions of the past (and present) it continues to be real. Racism makes no sense because these differences are based in our treatment of each other, our preference for one person or another, our limiting of people by their colour or nationality...not on something inherent. Racism treats people according to how we *think* they are as a category, not who they are as a person or a biological being.

These erroneous thoughts have consequences. I think we can agree that it would be foolish to say ""race has no biological basis, therefore slavery had nothing to do with dark skin."" Equally, these past actions continued to have effects with each passing generation. For example, we know that (regardless of race) people whose parents didn't go to college are themselves less likely to go to college. We know that people whose parents are poor will not inherit much money, and therefore have less assistance. We know that people whose parents were incarcerated are more likely to be incarcerated. So when your slave great grandparents couldn't own property and it was illegal to teach them to read...you're starting off a little behind everyone else.

But those are ripples of the past, and hopefully they'll catch up to the present, right? Once the differences of the past are smoothed out, perhaps some racism will diminish. However, people still discriminate based on race, even most of us think racism is bullshit. My grandpa wouldn't talk to me if I brought a black girlfriend home. There are literal neo-nazis out there in the world. My girlfriend is 3 times more likely to be raped than my sister, because my girlfriend is Native American. What I'm saying is that there are not only the effects of the past that people have to catch up to, but the stereotypes of the present that make it so that people are still hurt or disliked because of their colour. Are you doing it? I doubt it. Especially not on purpose, right? But if enough people out there are shitting on one group of people just because of their membership in a category that only exists because our ancestors were dumbasses...God, I want to even that playing field, don't you?","_

This is a plausible defense of holding both views at once - race as a biological construct does not exist, but racism as a social construct should be compensated.",agree,disagree
155,"The OP is actually much more clever than you all are giving her credit for

OP has only made a comment about what happens IF Batman can escape the first fight - so any crazy-powerful superbeing wins but is not relevant to the discussion.

What we really need is some sort of Lovecraftian villain that would allow Batman to escape the first fight, but which would nevertheless gradually take over and *become* insurmountable (maybe zombies, in general, although tbh I don't know if they count)

That, or somebody who reincarnates as a more powerful being (Phoenix?) or who could just outlast Batman (Hulk / Wolverine, maybe)","_

I posted my description in another post on this thread but put the delta at the bottom of the post. I just wanted to make sure /u/deltabot saw this.",statement,agree
156,please explain,"&gt;That adds to why Americans believe we are so free, we started it.

No you didn't, the French did.",disagree,agree
157,"We can't even digest cellulose or starch, how the hell can one conclude humans were designed to only eat plants? Look at your features and those of herbivores, did you take bio in middle school yet? The purpose of our teeth is obvious, our intestines are much shorter than those of herbivores limiting our ability to digest plants (and we lack the enzymes to digest plants properly anyway), and our eyes are placed in a position to be a predator.",My point remains regardless.,disagree,agree
158,"Let's stay practical: In any country with several millions of voters (such as mine), my vote is irrelevant. Votes in groups of e.g. 5 people - that's a completely different matter.","So again, what level of statistical significance to do consider mattering?",question,question
159,"&gt; The logic and maths behind the programming. Not only that an algorithm works, but why and how it works. A better knowledge and understanding of time and space complexity. Those are things people who teach themselves programming often seem to not pay attention to, but which could come in handy

I think this is a key point. This is not a ""programming"" degree - computer science is basically a branch of mathematics, and programming languages are just a tool to a computer scientist. The OP's comment about learning a language which will be out of date somewhat misses the point. A competent developer will be skilled at programming ""in general"", and will pick up numerous languages throughout their career as and when it is necessary.",This suddenly makes sense. _,agree,agree
160,I don't think you understand the folly of assuming,I'm not assuming anything.  I'm speaking based on experience and on having read studies of the effects of racism.,disagree,agree
161,"It doesn't matter if you agree. If someone inflicts pain on you, you may flinch, or recoil, or try to get away. That is physiological. Sorry.","lol, that's the very point of the matter, they're not inflicting pain on your unless you're already resisting.",disagree,disagree
162,"I agree. But if you are so untrusting of your partner that you need a paternity test, then the relationship isn't very strong.",ok. whats the purpose of trust in a relationship?,question,question
163,"Do parents find joy in raising children...period?

Maybe relief? And pride? I dunno, the word ""joy"" is weird. Raising kids isn't supposed to be like sex or a hobby, it's a responsibility. And I guess people can find ""joy"" in living up to that. Like having pride in a strong work ethic.

I dunno, none of us got to choose to be born, and parents are well aware of this. What they do is up to the individual.",Are you a nihilist?,question,question
164,"Here's the thing that no one ever tells you about smoking: 

**Smoking is the best thing in the whole world**

No lies. It is the BEST thing. It creates a problem and it solves it. It is like winning the lottery fifteen times a day. 

I knew about heroin. I knew about cocaine. I knew heroin would feel like the best orgasm I've ever had times a thousand. I knew cocaine would make me feel sexier than god but also like, if I got in a fight with god, I would win. I knew X would make every weekend better so long as I had it. I stayed FAR FAR away from that shit. Good things are good until you don't have them and then life sucks beyond the telling of it. I had a handle on that. 

The only thing people told me about cigarettes was how much they sucked. Kissing a smoker was like licking an ashtray. They'll rob you blind. You'll die early. You'll smell bad. You'll talk through a hole in your throat. I watched them slowly march my father closer to death. Don't smoke.easy enough. 

Here's the problem: if cigarettes are so nasty and terrible you have nothing to worry about. Have one. Have another. You'd never be *stupid* enough to fall into that trap, right? You can be that magic unicorn that can just have one socially with your friends, right? After all, people who get hooked get hooked before they turn 18 and you're nineteen so you're past the cutoff? Plus you're so *smart*! You'd never do something as dumb as getting addicted to the dumbest, most loserish drug on the market, right?

It's never going to be you. Because smoking seems so innocuous. You know that 1/3 people who try heroin are addicted the first time out, but how can smoking, something so stupid, be so dangerous? It's just one cigarette.and the first time that's true! The first time you don't like it and it was as awful as you were expecting and you're completely disarmed for what's coming for you. 

Then it's a long weekend of drinking in college and your friends smoke and they keep going outside to do so and you get curious again or you want to be ""in"" and the first one did NOTHING do you have the second. Then the eighth. And then it's only on the weekends. And then it's only while you drink. And then you ""cut back"" and only smoke when your friends have them (and they ALWAYS have them). You kind of know, in the back of your head, that you want them but you'd have to be stupid (remember?) to fall in that pit. You're crazy smart and good at life and you know all the facts and you'd never be that kid. 

**Here's where it gets serious**: something terrible happens. You get broken up with, your dog gets hit by a car, you fail a class, something goes to hell in a hand basket. So you reward yourself with this self-destructive thing. Just for now. Just because this shitty thing has befallen you. So you go and buy some and you feel dirty doing it but feeling dirty is part and parcel with the shitty thing that happened. And you feel like an adult. And you feel like you're coping even though you're doing anything but. 

Cigarettes are the best part of your day. The feeling of wanting one and then getting one is straight up euphoria. In a world of turmoil and despair, they become your favorite life raft. They make everything better, they make everything that sucks immediately suck less. And that's why they are IMPOSSIBLE to quit. You know you're sinking, and you will do nothing. You'll suddenly come to the realization that you've become a smoker (how the fuck did that happen?) but you won't care. Because the best part of your day is this shitty, expensive, debilitating thing. It's like having a crush on someone who doesn't love you back or having a really arrogant best friend. You love them all the more for how much the situation sucks. 

At some point you realize you have to quit but you can't. Shitty things keep happening. Your job sucks, your relationship sucks, your classes suck. Finals are coming, your taxes are due, your friend is imploding in front of your face. Any stress, any little thing, becomes unbearable and you need that solution/problem in one to make it seem surmountable. You'll feel like your whole life is caving in and then you have a smoke and you're fine again. For twenty minutes. And twenty minutes is really all you need...for now. Until that time passes and you need it again. And in the back of your head you are RANTING at yourself about how dumb this is and how much you hate yourself for being this person but the pleasure, the relief, drowns it out. 

**You don't get it**. You can't. If you never went down the rabbit hole, it won't make sense to you. If you have gone down the rabbit hole, it won't really make sense either. But you will get why you do it to a certain extent. 

We **all** made the decision to never smoke. Some of us just fucked it up without meaning to. It was not all at once or with intention. It just happens. All the health facts and scary stories in the world won't change it. The thing that will change it is arming people with the foreknowledge that smoking is the best thing ever. That's what would have saved me. I've quit for two years and that's great, but I'm still not over it. It's still a thing for me. If you don't get it, be GLAD not arrogant. It could have easily been you. 

**Edit** Thank you for the gold! It means a lot.",I cried.,statement,statement
165,"&gt; Would it be fair to say that the blacks doing worse in all those metrics (crime, violence, poverty, disease, out of wedlock childbirth) also is not related to the real structural privilege? Or that it applies to blacks but not to asians?

The fact that Black Americans might do worse in all of these metrics is actually directly related to the structural privilege. White people have the structural advantage at *the expense* of Black American's welfare, health, etc.

&gt; You are saying that Asians succeed despite their lack of privilege and would do even better in a non-racist world?

I am saying that *some* Asian Americans succeed despite their lack of racial privilege. But,  there is not a structurally entrenched system of privilege *based on their race/ethnicity*. The may have privileges based on other factors, such as gender, sexual orientation, or socioeconomic status.

EDIT: nuance",Why don't white people use their structural advantage at the expense of Asian people too?  Why the difference?,disagree,question
166,"I agree that it's a bad slippery slop argument. This issue remains: a large percentage of the population thinks incestuous marriages should be banned, and I'm proposing that most of them couldn't give a valid reason why. Do you have such a reason?",it's the same reason a father can't marry his daughter.  the older brother has too much power over his baby sister.,disagree,disagree
167,"I'm a very observant Catholic, and something of a liberal, too, so allow me to moderate some of your views on the Pope. For the record, I'm trying to change your view that he's ""radically transforming"" the Catholic Church, as you stated in your submission title; as you say in your body of your post, he is handling the Catholic Church very well. I absolutely love Pope Francis, but I think you give him too much credit.

I'll start by defending Benedict XVI.  He is not very charismatic. You can tell that by looking at him; coupled with his extensive academic background (seriously, [he was a university professor for like 25 years](http://en.wikipedia.org/wiki/Benedict_XVI#Academic_career:_1951.E2.80.9377).) So, he's kinda a nerd.  I think of him as socially awkward; he's got great ideas, but he doesn't always say them without being offensive.  For example, he wrote a missal [On the Pastoral Care of Homosexual Persons](http://en.wikipedia.org/wiki/On_the_Pastoral_Care_of_Homosexual_Persons), in which he said ""It is deplorable that homosexual persons have been and are the object of violent malice in speech or in action. Such treatment deserves condemnation from the Church's pastors wherever it occurs.""  That letter got a bad rep, though, because he spent so much time talking about how homosexuality is a strong inclination towards sin.  Here's the thing, though: to a Catholic theologian, **[everyone is strongly inclined towards sin.](http://en.wikipedia.org/wiki/Concupiscence)**  So, while Francis said it better, both Popes have said that the Church should fight homophobia, even though homosexual sex isn't something the Church endorses. Also, while he wasn't the most effective at dealing with the child abuse scandal, [he wasn't exactly defending the child abusers.](http://en.wikipedia.org/wiki/Benedict_XVI#Sexual_abuse_in_the_Catholic_Church)  Back to Benny 16's nerdiness, though; he really wasn't good at seeing how outsiders perceive the Church.  He liked the ornate dress and big thrones and other art because it inspires joy, happiness, and holiness [I don't have a citation for that; it's from a conversation at a Church small group].  Art, and inspiration for it, comes from God. For a somewhat humorous piece on that, [see point 2 in this blog post.](http://www.patheos.com/blogs/badcatholic/2013/02/killchristianmusi.html)

So, let's contrast him with Pope Francis.  Francis is extremely charismatic. He's also a Jesuit, which means that he has taken vows of poverty, chastity, and obedience.  So, you know how he no longer wears the ornate things that made Pope Benedict XVI so unpopular with non-Catholics?  Well, that's a reflection of his vow of poverty.

[But Pope Francis hasn't done a whole lot about the sex abuse scandal yet.](http://en.wikipedia.org/wiki/Pope_Francis#Abuse) [In this article](http://www.romereports.com/palio/pope-francis-talks-to-press-about-benedict-xvi-vatican-bank-and-gay-lobby-english-10723.html#.UoE33-JsvKF), he talks about how ""...any person, lay, priests or nun, if any person commits a sin and then asks the Lord for forgiveness, they are forgiven. When the Lord forgives, He forgets... I'm not talking about crimes, that's something different. Child abuse is a crime, but I'm talking about sins.""  That doesn't sound to me like he will handle the sex abuse scandal in particular much better than his predecessors - although, he is pretty dedicated to getting rid of corruption in the Vatican in general.

When it comes to sexism, [he has flat out stated that women cannot be ordained as priests.](http://www.romereports.com/palio/pope-francis-talks-to-press-about-benedict-xvi-vatican-bank-and-gay-lobby-english-10723.html#.UoE33-JsvKF) The exact phrasing he used was ""The door is closed. But let me tell you something, Our Lady, was more important than the apostles,  bishops, deacons and priests. Women play a role that's more important than that of bishops, or priests.""  [That's called ""separate but equal,"" and it's bullshit.](http://www.smbc-comics.com/index.php?db=comics&amp;id=404#comic) EDIT: Sorry for my bad sense of humor, but I meant the ""and it's bullshit"" comment to be at least a little bit facetious.  The comic that I linked to makes the same joke, only he does it better.

I honestly don't know what you're referring to when you say that Pope Benedict condoned prejudice, so I can't try to change that view.

I'll give you that Pope Francis is probably going to change a minor Church policy on homosexuals, but that it wasn't really observed anyway. [To reference this article for a third time](http://www.romereports.com/palio/pope-francis-talks-to-press-about-benedict-xvi-vatican-bank-and-gay-lobby-english-10723.html#.UoE33-JsvKF), Francis was literally trying to summarize the Catechism ([which is itself a summary of Church teachings](http://en.wikipedia.org/wiki/Catechism_of_the_Catholic_Church)).  The Catechism to which he is referring was written in 1992, under John Paul II.  

The minor change is this: the ""Who am I to judge?"" quote came [in response to a question about gay priests.](http://www.nytimes.com/2013/07/30/world/europe/pope-francis-gay-priests.html?_r=0)  This is contrary to a [2005 Vatican document](http://en.wikipedia.org/wiki/Instruction_Concerning_the_Criteria_for_the_Discernment_of_Vocations_with_regard_to_Persons_with_Homosexual_Tendencies_in_view_of_their_Admission_to_the_Seminary_and_to_Holy_Orders) which stated that people with ""deep-seated homosexual tendencies"" may not become priests.  **HOWEVER**, this despite this document, it has been my observation that gay men in the Catholic Church are actually pressured into the priesthood by other Catholics.  They are encouraged into celibacy (since, you know, gay sex is bad). Then, because they're giving up sex already, their church friends encourage them to become a priest, to help with the current shortage of priests.  So, functionally, Pope Francis saying (informally, without any other actions) that a priest can be gay really doesn't change anything.","_

This did change my view, and the fact that you provided links is awesome. Also, it wasn't hard to understand, either.",agree,agree
168,You missed the point. The issue is one of expectations. Just because you're not barred from looking through someone's information doesn't mean you have permission to do so or that it's acceptable.,Except the entire point of Facebook is to share your information.,disagree,disagree
169,"&gt; Let's say you have these two debts:

Whoops. At first your example was only due to the minimums and not due to interest but then I realized that is part of your view/debt snowball.  You even say it in ""ignoring interest rates"".  I was focused on the interest.  (Note to self: read slowly)

But I think the majority of my points still stand.

&gt;  With the entirety of a smaller loan you've lowered your minimum monthly expenses. 

Ok, this is a bit unfair.  You want to talk about minimum monthly payments but your view is only about size of the loan.  Its not about size of debt anymore, its about minimum payments.  

Say you have a $1,000 loan with a minimum payment of $100 and a $500 loan with a minimum payment of $0.  With debt snowball you pay off the $500 loan first but you are arguing that you should get a raise which means you try and pay off the $1,000 loan first.

What method do you say is better to pay off first, size of loan (debt snowball) or minimum payments?","Hey friend! I thought I'd remind you:

read slowly",disagree,agree
170,"&gt; what they don't tell you is that it is a gimmick that you won't be able to keep up with for the rest of your life. SO, when you finally go off of it, all your weight is coming back!

That's your problem. A diet isn't something you go on for a while and then stop once you aren't fat anymore. YOUR diet is just what you eat most of the time.

The way to maintain a healthy weight isn't to eat only apples for 3 months and then go back to what you were doing before.

The way to maintain a healthy weight is to accumulate small healthy lifestyle changes and eat that way most of the time forever.",Its not my problem...  I don't suffer from that issue...,statement,disagree
171,"He's not saying people with bad luck have it bad. He's saying that if you weren't an attractive, white woman that you'd have it even worse than you do now. Which is true.","See, this. Exactly.

I'm saying that a black man in your exact shoes would have had a tougher time.",agree,agree
172,"Then it might also benefit to carry a sort of diabetes card for a trans person, so the doctors can better deal with it; while the body chemistry of a trans person will likely not match their original sex, it may not match that of the intended sex, either.  Perhaps it would be best to include FtM or MtF on IDs.","It's not uncommon for trans folk to get a ""carry letter"" from their doctor that states they're undergoing or have transitioned, with the doctor's contact info.",statement,disagree
173,"I butted heads with my English teacher over her constant analysis of every tiny detail. I eventually refused to analyze at all, because no author ever puts **that** much thought into it.

Sometime a pipe is just a fucking pipe, Ms Roberts. Fuck. 

I now write for a living. Go figure.",You hadn't read Hemingway at that point had you,disagree,question
174,This isn't strong enough to change my view. Convince me why breaking such copyright is immoral. Not everybody agrees with everything the UN does.,Why do you think breaking copyright is moral?,disagree,question
175,The rest of your argument was completely beside the point. None of your examples at all contradict what I say. The fact that women fight over men or that people speak possessively about each other is just another example of the whole diseased culture we live in. Do I really need to reply to it?,"If you feel that saying ""my girl/boyfriend"" in a monogamous relationship is evidence of a rape culture then there's clearly no point in debating any further.",disagree,disagree
176,"Hormone therapy wouldn't work? And I'm sorry you have to deal with that, hope my post didn't offend you.","No no its fine, and I'm sure it would, I just don't want to go down that path.",agree,agree
177,"I see it like this, it's a bit weird but, here goes:

The lock and the key aren't really referring to vagina/penis. What they refer to is the chaser and the chased.

What I mean is this, the lock is guarding something, it's always there, and you know there's something good behind it, but you don't know what. It could be anything. This is how women are generally portrayed. A lot of things in media generally portray the man as seeking out the woman, that's what makes him the key. The key seeks the lock.

Now forget about everything you've watched and been lead to believe, and think that men and women are the same and have no ""role"" as society/media suggests. Is there any reason to treat men as the keys? not really... both sexes will try to get with each other, both will seek out the lock, both of them are the key and the lock at the same time.","This is very interesting, thanks :) _",agree,agree
178,"""They"" is ambiguous.  It was just one cuntish officer who decided that the Imperials were taking no prisoners that day.  There are bad people on both sides, like the racist/nativist stormcloak supporters you find in Windhelm.","Yeah they Stormscloaks generally came across as incredible racial supremacists to me, which has thus far forced me to side with the Empire every time.",agree,disagree
179,"Why does every aspect of a person's life need to be governed? 


People have the right to be inefficient if they choose.","And that's exactly why the rest need to be overall efficient !      
To keep the balance",disagree,disagree
180,"Which is similar to Christianity to be fair, and I presume other religions I know less about.","Yes, very similar, but with the other religions there is always a core belief which they share.",disagree,disagree
181,I just don't get why you would want your steak well-done. It usually comes out dry or tough.,"Not exactly trying to change my view, are you?",question,question
182,"&gt; a cup of tea is about 1 cup

Have you seen the little tea cups asians use?","Yes and that's a fair point, but those little cups never hurt anybody because not everything in life needs to be as serious and precise as the Manhattan Project.",disagree,disagree
183,"The theory of The Patriarchy, as I understand it, says that men have a great deal more control over society than women and use this to the benefit of men and the detriment of women. I would compare it to the theory of societal racism: that (in the USA, where I will draw all my data from) white people have a great deal more control over society than black people, and use it to their own benefit and black people's detriment.

These theories seem like they would both make a lot of similar predictions about the oppressed group they describe. They would predict that the oppressed group (women and black people) would be more likely to be low income, homeless, arrested, imprisoned, killed intentionally, killed accidentally (on the job, for instance), assaulted, robbed, have things characteristic of their culture and not of others made illegal, have less societal resources dedicated to addressing issues that affect them disproportionately, particularly medical issues, would have less representation in media, be less protected both legally and by social mores, be less likely to get into or graduate from higher education, etc etc.

When I look at that list, it seems as though everything on it is true of black people. Thus, the racism theory seems to me to be highly plausible, useful, and make good predictions. If I don't know whether black people are more likely to be assaulted than white people, I can use the racism theory to predict that they will, and I would be correct. 

However, it seems like only a very few of those things are true of women. The Patriarchy theory seems to not be plausible, useful, or make good predictions. If I don't know whether women are more likely to be assaulted than men, I could use the Patriarchy theory to predict that they would be, and I would be wrong. 

I can go into greater detail or examples about any of these, but that's the jist of my thinking. I have experienced a lot of unpleasant social interactions for holding this view, so it would be to my advantage to change it, but I can't change it without being honestly convinced, so please, change my view.","If Congress were to hold a hearing on reproductive rights, the concept of ""the patriarchy"" would predict that mostly men would be involved.",disagree,disagree
184,"The loud sound of a motorcycle is one of its most important safety features. It's the only thing that's saved me from serious injury or death many times.

Got no such defense for loud cars, but motorcycles are different. Without the noise, you cagers would kill a lot more of us than you already do.",We kill you? Wow.,question,disagree
185,"It seems that your view of politics is very simplified. For UK politics even the right wing parties still have large left wing ideas, benefits, nhs etc. 

Also your last sentence about right wing politics being selfish should be views as pretty much all politicians are selfish and act for their benefit","I understand that I'm simplifying, obviously no-one is 'purely' right- or left-wing. But my view is that right-wing *ideas* are inherently selfish (not *necessarily* that right-wing people are selfish).",disagree,agree
186,Why would differing opinions on religion or politics be a deal-breaker?,"Some religions prohibit dating/marrying people of other religions. Also, some people with conservative religious views see people with liberal or secularist views as immoral and vice versa.",statement,disagree
187,"There's no way to know how well-behaved anyone will be before allowing them in. Dogs pose no more risk than anybody else. Toddlers can also contaminate food &amp; bite (I wish I didn't know about the biting from experience). 

I don't believe allergies are a valid reason for banning dogs, because we allow lots of things in public that people have allergies to. Perfumes and peanuts come to mind.",Did you SERIOUSLY just imply that a fucking dog's bite is no worse than a toddlers?,disagree,question
188,I thought it was an argument for avoiding being next to the guy the police are shooting at.,"A very good point, I will keep it in mind.",agree,agree
189,"&gt; My point is that photo ID's are a way of making the voting process safer, this is not a restriction or limitation, it's just one more easy to comply requirement, like having to get out of your bed, go to the voting location, fully dressed and without breaking the law and vote.

My argument exactly. I agree that, in a sense, it could be perceived as a poll tax, but I don't think that justifies allowing the loophole to exist; if anything, it proves that having to pay to verify you are who you say you are (not just that you have the right and ability to vote, but that you are this specific person with the right and ability) is unconstitutional as well.",How do you feel about democracy in general?,question,question
190,"I think reddit has a much more extensive and accessible collection of shocking and explicit content.  While some of it you'd have to search out and find, some of it makes frequent reappearances. r/spacedicks often attracts a lot of attention each time it's brought up. If a teen were to willingly seek out shocking and disturbing content it would be very easy to find loads of it. Sub-reddits are networked to provide any kind of disturbing content quickly and provide the most shocking submissions easily. I feel awful just mentioning a place like /r/watchpeopledie, there are others that I've decided against even mentioning.",Well is watching people die appropriate for any age?,disagree,question
191,"I can relate to that.  I've been making an effort not to do that lately.

I learned how by posting to /r/conservative for a while.  They delete comments from an opposing view, but they aren't very smart and often don't recognize them.  I think it's interesting to disagree, and sometimes even insult, without them being aware of it.

edit:  Whoops!  Maybe they'll start watching for me on /r/conservative from now on.","Because /r/politics is a bastion of higher learning if i've ever seen one,",disagree,agree
192,It isn't that no one is producing.  It is more that people are significantly less rich than they would be if the population was growing.  With less wealth comes a lower standard of living.,!delta Such is the world we live in I suppose. Our basic standard of living requires complex economics to function. That means lots of people,agree,agree
193,OPs post is in general.  This reply is in general.,"The OP is saying ""if I go"", so they are talking about themselves, not in general.",disagree,disagree
194,"Yeah, but they didn't know *how* the US was spying on their communications and the extent of its capabilities. It was an unknown and, *at the very least*, that *unknown* would create an aura of uncertainty.

It's like a one of those generic mafia films, where the mobsters can never be sure whether or not their phones are tapped or their homes are bugged. It creates a certain level of paranoia. I mean, did the cops bust your jewelry heist 'cuz they tapped your phone? Was it just poor planning? Was there a mole? Obviously, any movie mobster is gonna operate under the *assumption* that his phone is bugged, but he can't no for sure until its too late. Unless he has a mole or something. But, you know, whatever.","&gt;Yeah, but they didn't know how the US was spying on their communications and the extent of its capabilities.

What specifics changed this?",question,question
195,"I agree with you that if you and your fiance don't think it's responsible to have kids, then don't. I wish more people who didn't feel they could adequately support children would adopt the same view, honestly. 

However, I don't think that you can decide as a blanket statement for everyone else whether or not it's responsible to have children. As you mentioned, other people have different circumstances and considerations. A couple in their early 30s, in stable and established careers with a combined income in the 6 figures would be in a very different position, at least in the short term. The world may certainly change in unexpected ways, but those future children could be the ones to change things for the better.","I agree. Your example goes under my ""much richer"" exception.",agree,agree
196,"No ones saying it should be unsafe.  The men wouldn't be assaulting anyone, just being flirty.

There's got to be some net-benefit to evening the playing field, no?  Right now it's unsafe and intimidating for most women, because of men.  How is that better?","&gt; The men wouldn't be assaulting anyone, just being flirty.

Except the dudes being flirted with may not take kindly to a dude hitting on them and fights will occur.",disagree,disagree
197,"Oh, I know this has no chance in hell of happening in the foreseeable future. People constantly throw around ""end the war on drugs"" as a way of blaming drug laws for criminal activity, and I'm wondering whether anyone actually has a feasible plan for making that work. I personally think it's impossible to do without making the costs outweigh the benefits.",Check out the Brazil's way of combating crack-cocaine use. They have decriminalized possession but made mandatory educational measures and community service instead of prison.,statement,statement
198,"&gt; The piece of the equation that everyone is leaving out here is that in WWII, the Allies won the war. Had Germany/Japan won, the Hiroshima and Nagasaki bombers would have been prosecuted and likely executed, while the guy who is the subject of this article would have lived out his life in peace and quiet.
&gt; The winners make the rules.

Had Germany and Japan won, they would have had kangaroo courts give whatever absurd judgments they wanted. That's not a valid comparison.

Here's a valid comparison: how many Axis officers were tried for war crimes based on strategic bombing? The answer is none. It was not considered against the rules of war at the time.",Nor was genocide.,disagree,disagree
199,"While I agree that it would be difficult to regulate, I'm not convinced that is strong enough to warrant it's illegalization.

However, the disproportionate targeting of poor people is a strong enough argument to warrant my switching to a more neutral position on this issue. I believe major economic reform is needed to avoid scenarios like this but in our current economic environment...you make a good point. Is it that much different than stripping though? It seems like many women in poverty turn to stripping for the reasons listed above and while sex is obviously far more extreme, I'm not seeing the clear difference from a legal perspective.

Edit: Also porn. Doesn't porn already target the poor?

&amp;#8710;",What if prostitution were only allowed in brothels? Would that make it significantly safer?,question,question
200,"&gt; Tempting as hell, the Pepsi is now moved to the front of the fridge.

Open the fridge. [Do it!](https://www.youtube.com/watch?v=nuHfVn_cfHU)

You're the only one stopping yourself. Seriously, are you going to let your dislike for something stop you from doing something you've already decided to achieve? Of course not! 

You'll survive.probably. ;)",... I've done it.,statement,agree
201,There's no such thing as a 100% solution.,Well there you go. Your view has been changed from what you posted,statement,statement
202,"First of all, this is not a post about gender equality, its about how to respectfully leave the bathroom for the next person. I am all for equal rights for men and women. I am not one of those rant and rave redpill folks. I think men, women, transgender or whoever you are deserves to be treated with the same respect. And that is where this view comes from. How is asking me to put the toilet seat down for her convenience, any different from me asking a woman to put it back up when she's done for my convenience? It only takes like 2 seconds to change the position of the seat anyway so why not just leave it as you leave it? Or if you think it should be left for the next person's convenience it would actually make more sense to leave it up if you have more men in your house than women because we pee more often than we poop so the up position will be more necessary. But really, it takes like 2 seconds.

EDIT: Holy shit this was not something I expected to blow up like this. I appreciate all the feedback. 
_____

&gt; *Hello, users of CMV! This is a footnote from your moderators. We'd just like to remind you of a couple of things. Firstly, please remember to* ***[read through our rules](http://www.reddit.com/r/changemyview/wiki/rules)***. *If you see a comment that has broken one, it is more effective to report it than downvote it. Speaking of which,* ***[downvotes don't change views](http://www.reddit.com/r/changemyview/wiki/guidelines#wiki_upvoting.2Fdownvoting)****! If you are thinking about submitting a CMV yourself, please have a look through our* ***[popular topics wiki](http://www.reddit.com/r/changemyview/wiki/populartopics)*** *first. Any questions or concerns? Feel free to* ***[message us](http://www.reddit.com/message/compose?to=/r/changemyview)***. *Happy CMVing!*",Both ya filthy bastards need to just close the lid.,disagree,agree
203,"I agree with you, but, will try to change your view.

John has used heroin for 10 years. He knows that using heroin is illegal, expensive, and he spends $100 of the $200 he gets paid weekly working at Pizza Hut to pay for his heroin. He uses the other $100 to buy food, but, that money isn't enough to feed himself and his son.

Maria has not used any illegal substances, and, works hard at her job at WalMart and gets paid $200 per week. She spends $100 on tutoring for her daughter to help her daughter get better grades in school. She uses the other $100 to buy food, but, that money isn't enough to feed herself and her daughter.

Maria and John both have only $100 to spend on food and need more money. Who do you think should get the money?","Maria obviously, but there is no cost effective way for the government to do that.",disagree,question
204,"Sorry, I hadn't realized that you had already awarded deltas before. But yes, you're welcome to award more to others who have helped change your view.","no worries, more than happy to give credit where credit is due. Thanks again, cheers!",agree,statement
205,Why not just reward them to begin with and spare the suffering?,"&gt;reward

I dont think that word means what you think it means",disagree,statement
206,A medical decision is not a crime. Trying to criminalize it is.,"The crime isn't the part of the analogy I was going for, it's the fact that sex could be seen as consenting to pregnancy.",disagree,disagree
207,"Perhaps a compromise would be to provide some minimum level of power, water, etc for free, then charge for ""overages"" essentially. Of course, determining what a minimum standard is would be quite difficult.",I think any minimum level at all would still make a difference to most people.,agree,disagree
208,"Syntactically, he said ""They (all mexicans) are rapists.""  He just also seems to see the moral grayness that some rapists can be good people too. #teachthecontroversy",I really don't think that's what he meant...,disagree,statement
209,Why shouldn't they pursue someone who broke the law? That's they're job. They're the government. They can't just let him off because he did something that was morally defensible. Just shrugging their shoulders would make the US and Obama look incredibly weak.,If only they pursued the guy who stole my bike last year like they're pursuing this guy...,disagree,disagree
210,"So a person who is unable to look after their own well-being should be prioritized over someone who can.

Is that more accurate?","Legally speaking, in the case of a child, yes. The child's safety and well being outweighs that of either parent.",agree,disagree
211,Maybe the managers need questioned and the not the white people they hired?,"That's the point.  It's not the fault of those who receive the preferential treatment, it's the fault of those that create it.",agree,disagree
212,"Yes, supported by the United States.",Because we didn't care anymore.,statement,statement
213,"I am very confident this is the correct answer. My view can be changed if someone can cite a tournament ruling proving otherwise (for example, breaking hotels down to houses to prevent others from buying houses warrants a game loss in a tournament scenario).

Monopoly is played on a competitive level, so it should not be difficult to find rulings for these questionable situations.",[I did.](http://www.reddit.com/r/changemyview/comments/2qb4ra/cmv_i_think_the_board_game_monopoly_is_poorly/cn4ob5c),disagree,agree
214,"The word __atural_ implies something derived from nature, separate from humans. But why is there this distinction? Humans are obviously a part of and are derived from nature. So unless you__e under any religious persuasion, the word shouldn__ have any meaning. It seems outdated and non-applicable. 

For instance it__ meaningless to me when someone says __t__ only natural_. What isn__ natural? 

Saying __his happens in nature_ is the same as saying __his happens_. Because everything happens in nature. 

And so on.","To address the semantics argument that people are making, this is still inaccurate. There are elements that exist on Earth only because scientists created them.

[source](https://en.wikipedia.org/wiki/Synthetic_element)

These are not natural.",disagree,disagree
215,"While I'd agree with most of what you're saying, I'd claim it doesn't matter *at all*. 

By saying that a woman can be forced to carry a baby to term, we're giving that entity (doesn't matter what it is) a right that we don't give to any other beings. 

If your born child, or an adult, tried to attach itself to your body we would say you have a right to defend yourself, unequivocally. It wouldn't matter whether that person needed your body to live or not. 

So *even if* a fetus is a full human being with full human rights, and a consciousness that extended out to adulthood, so what? We still wouldn't give it the right to do what a fetus does to a mother against her will.

Now, *voluntarily* agreeing to host someone for a time is perfectly acceptable, and most people would even praise a person for doing this. But even if you did this, you *still* have the right to detach them if you change your mind. We might even look down on them morally if they did that, but we would all agree that they have the right. 

Any other stance goes completely against the notion that we have any rights of self-ownership or self-defense.",So abortion should be legal until the moment before birth?,question,question
216,"Heh... I don't think people'd stomach a head tax unless they also got a dividend. You could do a ""mandatory tax when there's a deficit, payout when there's a surplus"" thing I suppose.

Over the long term, wouldn't a land-value tax give people incentive to divest themselves of land? Like, why keep the family farm when you could split it into three plots for your kids -- not necessarily more efficent/productive, but you'd save them money...",To what themselves land?  Honest confusion.,question,question
217,"&gt; The radio spectrum itself (like land itself) is a public good, and most uses of it are zero-sum.

The radio spectrum (and land for that matter) is not a public good as it is rivalrous.

&gt; For that matter, how would the radio spectrum be parceled out in a voluntarist society?

The answer to this depends on the laws that develop. You can't really predict what will happen anymore than you can predict what cell phones will be like in 20 years (if they are even still widely used).

Some possibilities have been suggested though, but you still have to take them with a grain of salt. One is that the radio spectrum could be homesteaded. Thus if you start broadcasting on an unused frequency, you then gain a property right in that frequency in the area that your broadcasts meaningfully reach. Exact details, though, would depend on the emergent law.","&gt; The answer to this depends on the laws that develop. 

Isn't the whole point of voluntarism that you're not bound by a law if you didn't vote for it?",question,question
218,"I don't feel like my ability to detect racism is taken away by my tendency to treat everyone the same regardless of race.

I can still tell pretty easily when someone else is being racist, and I would not be opposed to letting them know about it. I'm not saying we should stop educating people about what is not acceptable. They do this in most schools nowadays, and should continue to do so.","Sorry, I didn't read the first post carefully, and I misunderstood what you meant by colorblindness.",statement,agree
219,You are again mixing the idea of free speech vs saying whatever you want.,How so? I'm talking specifically about limits on free speech.,disagree,question
220,"Personally, I think you're overreacting waaaaaaaay too much. 

&gt;That I'm worried, because these individuals are heavily into gay culture that they will act 'very gay' and almost make the whole wedding about them being gays at a straight wedding look at us. 

Then you wouldn't have a problem that they're gay. You'd have a problem that they're being assholes. Gay people can be assholes too. Anyone that makes a wedding which is not theirs all about them is an asshole, gay, strait or whatever.",Haha true point. They are all a bit of a douche - regardless of if they are gay or not!,agree,agree
221,"Clearly, X is better than Y, for a number of reasons. 

1. Pronunciation. Saying X has a stronger, more powerful sound than saying Y, which only manages to sound a bit whiny, perhaps because is is too close to ""why.""

2. Exclusivity. Only about 300 words in English start with X. Y starts over 700 (per Wolfram-Alpha, and this appears to include proper nouns). X appears in only 0.15% of English words, while Y appears in far more. I could not find an estimated percentage, but so many adverbs end in ""ly"" that it rather proves my point. Even though it's so exclusive, it is so much more versatile, as shown below.

3. Consistency. X is always a consonant. Y? Well, it cannot make up its mind. 

4. Scrabble. X is worth twice as many points (8:4). 

5. Use in math. First, x is almost always the first letter used as you learn algebra. This could go with consistency above as well, but the x-axis shows the constant, stable variable. 

6. Appearance. X has a strong, stable stance. Y looks like it could topple over in a slight breeze. 

7. Sex. Our favorite word not only has X right in it, but the whole last 2/3 of the word sounds like saying X. Y? Nowhere to be found, unless it tags along to make something sexy. Not to mention the uses of XXX, and the fact that fairer sex is made up of X chromosomes. Y gives us baldness, hairy backs, and emotional immaturity. 

8. History. Malcolm X, not Malcolm Y. There's even ""American History X.""

9. Versatility in other areas. X can be used to show that something is crossed out, used as a check mark to indicate the choice on a form, used in cartoons to show that a person is dead, used in medicine (x-rays), used to show treasure on a map, 

10. = X. 

11. ~~No one has ever died in a state spelled with an X. Kentucky, New Jersey, New York, and Wyoming combine for 10% of the deaths in the US each year~~ I somehow came up with the 4 Y states off the top of my head and also thought there were no X states. New Mexico and Texas. 

12. If you're talking about unknown items, you always say ""X is better than Y,"" never ""Y is better than X"". 


EDIT: It worked. I was forced to rethink some of my strongest points. I still may think that X is better, but I can see that Y has its merits and can sometimes be even superior. Very clever responses in many cases, and I'm afraid I'll be banned for giving out too many deltas to people who make me rethink each point. 

_____

&gt; *Hello, users of CMV! This is a footnote from your moderators. We'd just like to remind you of a couple of things. Firstly, please remember to* ***[read through our rules](http://www.reddit.com/r/changemyview/wiki/rules)***. *If you see a comment that has broken one, it is more effective to report it than downvote it. Speaking of which,* ***[downvotes don't change views](http://www.reddit.com/r/changemyview/wiki/guidelines#wiki_upvoting.2Fdownvoting)****! If you are thinking about submitting a CMV yourself, please have a look through our* ***[popular topics wiki](http://www.reddit.com/r/changemyview/wiki/populartopics)*** *first. Any questions or concerns? Feel free to* ***[message us](http://www.reddit.com/message/compose?to=/r/changemyview)***. *Happy CMVing!*","Y is X2.0. Its sleeker, slimmer and sexier. All the extra bits have been taken out. And it saves on ink usage.",disagree,disagree
222,"Yes, I thought it was obvious too until nearly everyone gets confused on why I am not from China.","&gt; As a Chinese

You seem to at least partially identify yourself as such.",disagree,disagree
223,"Ok, how is that difference relevant? Many countries with less guns than the US still have their police carry guns.",my point was only countries with much less guns than the US don't have their police carry guns,disagree,disagree
224,"I'm assuming you mean that you intend to live off the bush, hunting your own food, boiling your own water, etc. Whether you are to die depends on if you intend to remain like this forever or if you still potentially want to .. well.. do *something* productive with the rest of your life. If you intend to remain like this forever, it would go against this philosophy so I would have to put you to death. 

edit: the thing is... no person in this day and age would do that.. at least I don't see it happening. It's like reverting back to times past where we had less technology and means to everything.",You've never heard of the Amish?,disagree,question
225,"We don't vote on all laws in this country. We vote for politicians who are supposed to represent us. Many politicians are looking out for the big businesses, not for the individuals in America. It would be more expensive for companies to give us more time off, so they don't.","Yeah, but you still elect those politicians and could chose ones that worked for you instead of workng against you. You could run yourself. It's democracy.",disagree,disagree
226,"I'm less inclined to criticize a private university as I am a public university.  They're private companies and can do what they want.   (Standford is private, right?   I don't follow it all that close, I feel like an idiot... haha)","&gt;  They're private companies

Private universities are still non-profit entities.",disagree,disagree
227,"Also I bet if every album cost a quarter and every song cost 5 cents to download, there was a high quality, fast website to download them from where you knew you wouldn't get a virus, and they let you own the download exactly like when you pirate it, you would pay for the songs.",the virus thing is sorta bull if you ask me,disagree,agree
228,I actually don't disagree with that logic as long as it's 100% proven the person committed the crime and thy're repeat offenders.,perhaps. But there's still a huge chance of doing this to innocent people who've been framed.,disagree,disagree
229,"Yeah, I understand, but you are viewing that from your point of view as a free human. Winston should fight when he doesn't agree, but he has learnt how to not worry in his final moments, I think after all his struggle he deserves some peace.","That isn't Winston though. Winston died when they reprogrammed him. That is an automaton, a shell.",disagree,disagree
230,I don't even know what a sales representative is!,"Fancy word for teacher, marketer, and cashier for everyday products.",statement,disagree
231,"In countries that use the metric system people still say '1 cup' when referring to measurements for food. They also know that that one cup contains 250ml and that 4 of those cups is 1 litre. 

Also - there is no such thing as an imperial cup measure. The 1 cup measures that you get in the USA still hold a metric 250ml, they just add oz marking up the side instead of mls.","The 1 cup measures that you get in the USA hold a metric 240 ml.

An imperial cup is 1.2 American cups.",disagree,disagree
232,"We're not talking about random dates. That's not where ""nice guys"" have the problem. The problem is the situation of asking a friend or acquaintance out and then wanting absolutely nothing to do with them of rejected and blaming them for things.

That makes you an asshole",Maybe it's too painful for them to continue going on being friends with their crush? Why do you see this as being assholish behavior?,question,question
233,"If that were the case, I__ pay my share of the legislative and relevant judiciary and executive budgets and nothing else.",Well that's exactly what you pay now: your share of the budget for each of the 3 branches of government.  So there's no problem...,disagree,statement
234,"The point of making it discretionary is not to encourage wise spending, but keeping people's self-worth intact.

It doesn't have to be a big amount, but just enough so they can buy a few things to make the most of an otherwise unfortunate situation.",Do you lose your self worth when the government's help comes in a form other than cash?,question,question
235,"Well, the force of the ""bully"" in this case allows for free, safe trade over the oceans for any country that can afford a boat, even the ones it's not very friendly with. The end result is a greater amount of trade and prosperity for all.",Prosperity for all? Who exactly is 'all' here?,question,question
236,That first sentence expresses a nice sentiment. Can you direct me to the part of the Qu'ran in which it is included? Thank you.,It's from a letter Muhammad [sent.](http://www.cyberistan.org/islamic/charter1.html),statement,statement
237,"&gt;hes the only Ind in our federal legislative body. 

That's not actually true anymore. Angus King from Maine is also an Ind. He was only voted in 2 years ago in 2013 so it hasn't been long.",Thank you i actually was not aware,agree,statement
238,"That just becomes an unnecessary expense for bars and other businesses of whom don't have bathroom attendants. Why not leave the bathrooms the way they are and have to worry a lot less about bathroom-conflict? And not have to pay extra in employment wages to have someone essentially ""guard"" the bathrooms because some people thought ""different gendered bathrooms are dumb"". 

I really don't see any argument in this thread so far to support that there is any benefit whatsoever to desegregating public bathrooms. All I've been reading essentially is that ""well it wont benefit anyone, it'll be a little annoying, but it wont be *that* bad"". What is this thread even.",If there is so much harassment going on in a night club that they can't dare have unisex bathrooms then this night club should ALREADY have bathroom attendants frankly.,disagree,disagree
239,"It looks like you didn't have much trouble finding a transgender person who's not attracted to their original gender. Myself and 3 other transgender people in my group of transgender friends are attracted to women. We are all male to female transgender.

Edit: I missed a letter.","The internet is a wonderful place. 

EDIT: That's still beyond the point I'm trying to make. I'll admit I have quite a bit of ignorance regarding transgender.",statement,agree
240,"Racing games?

Using WASD for steering and having no way to apply variable acceleration really sucks.

Fighting games are similar.

Also how do wheels/hotas/fighting sticks figure into your view?","On the same note, moving your character with the analog stick of a controller is much more precise and fluid than wasd.",agree,disagree
241,Neither of those are functionality.,"Yeah they are. I don't have to worry about my phone battery, and I have a cool looking watch.",disagree,agree
242,"I am most concerned about the debate between the theories of libertarian free will and hard determinism, because I believe that this debate has philosophical consequences that should tend to be important to people, affecting moral responsibility and reactions of moral contempt and meritocracy. 

The closest numbered criteria that this could fall into would be number 2, meaning that you believe that the default position should be one or the other (I think, for example, that it is quite clear that hard determinism is clearly correct). 

However, I would assert that any philosophical question can be seen as having a 'true' answer (this answer could be that the question itself is logically inconsistent with the world), and people just seem to disagree on what that true answer is. So anything might be able to logically be put in that category, as long as you are able to say that the question itself is illogical.",Heisenberg's uncertainty principle highly goes against hard determinism and is far more support of volitional determinism.,disagree,disagree
243,"And just like that, Kant and Hobbes began spinning in their graves.","Graves?

Go on.",question,question
244,"Sorry, I should have used the word 'brain'. The brain is the physical object in my head that in which the process of consciousness is occurring, much the same way a program is a process that runs in a physical computer.","If consciousness isn't physical then it can't have a location i.e. in the brain, your hands or anywhere.",disagree,disagree
245,It's the end of emocracy if everybody can see who you are voting for.,I'm advocating for supressing all secrecy. Decomcracy would evolve with it.,disagree,disagree
246,So why doesn't a Russia just relocate half of their population around the world and just vote for every country to be Russia?,"That is the winning strategy. Now imagine if all countries, not only Russia, would partake in doing the same thing.",statement,disagree
247,"&gt; You couldn't justly be prosecuted for fraudulent voting during the timeframe when you had obtained citizenship for example.

I don't know about that; I think it's just not worth the trouble to pursue those additional charges; they've already got you on citizenship fraud and are already canceling your citizenship. But I think they also wouldn't want to prosecute because it might have a slightly chilling effect on voting among naturalized citizens, even though the vast majority obtained citizenship legitimately.",What if they wanted a chilling effect on voting amongst actual citizens?,question,question
248,"how many primary languages are there in the USA? i would say somewhere in the estimate of. 1.

you can't do the same for Europe where everything is completely different - money/currency, religions, general lifestyle.

it's also worth noting that having an EU passport means that you can go to those countries with no problems - so it is effectively like one large community anyway, and realistically, has no benefits in changing into an official 'mono-country' effectively.",For most of the history of the UK there were at least three languages widely spoken. Switzerland manages fine. Why is a single language a requirement.,disagree,question
249,"In a realistic scenario all major cities in the US will not have 1 nuke coming towards it.  1 city will have 10+ nukes to ensure a hit.

Most humans will die, but life on earth will go on.",This is true.,agree,agree
250,"Many religions hold believers to a higher standard than non-believers, so this is empirically not true.",That isn't the appropriate use of empirically.,disagree,disagree
251,"Cigarettes are the leading cause of preventable death, responsible for roughly 480,000 deaths per year in the US. 41,000 of those deaths aren't even those of users -- they are the deaths of those exposed to secondhand smoke. If you use the drug (nicotine), it can directly affect the health of those close to you. 

Smoking harms nearly every organ in the body, causing cancer and disease. Cigarettes are extremely addictive and many people can't quit even if they try.

Yet other drugs pose less threats and have a much lower or even a nonexistent fatality rate. They certainly aren't killing 1,300 people per day. 

Can you imagine if an illegal drug killed over 1,000 people everyday, users and nonusers? There would be political crusades.

For all illicit drugs combined, the number of resulting deaths were about 17,000 in 2013. For all drugs combined -- legal and illegal -- that number jumped to about 46,500 for that same year. That's an extra 29,500 deaths from legal drugs.

Cigarettes cause 10x more deaths per year than all the drugs in the US.

Why are we pouring so much time, resources and money into the Drug War to keep these *super dangerous* illegal drugs out of the hands of the American public such as marijuana (easy argument, 0 deaths) or even heroin (much more difficult argument, ~6,000 deaths in 2013) when cigarettes are so acceptable? 

Cigarettes kill nearly half a million people per year and are the direct cause for serious health issues and reduced lifespan. They are highly addictive. If the objective of the War on Drugs is to keep people safe and not addicted to drugs, how can we rationalize this continuing support of cigarettes while stigmatizing the use of other, less harmful drugs? 

- - -

**Reasons I think we overlook this high fatality rate...**

* culture and ingrained public perception of acceptance. 

Cigarettes used to be advertised as good for you and everybody knows somebody who smokes. Smoking is not something you necessarily have to hide. Jobs don't (generally) screen for cigarette smokers.

* in the eyes of the public, cigarettes aren't really ""drugs"" (i.e. they don't alter your state of consciousness; they don't get you high)

An 18 year old can legally buy as many packs of cigarettes as they want.  In the US, they can't even do that with alcohol (which gets you drunk). In states with legal marijuana, you also have to be 21 to buy/consume. 

* cigarettes don't cause immediate death. (shortsightedness)

You don't overdose on nicotine. Instead, cigarettes slowly kill you so there is no instant connection between cigarettes and death. For example, a heroin OD would be an instant ""drugs kill you."" If you smoke a cigarette, you know you aren't risking your life right that second.

- - -

**What are some other reasons we overlook this fatality rate and continue to socially and legislatively accept cigarettes?** 

*Sources*

[X](http://www.cdc.gov/tobacco/data_statistics/fact_sheets/fast_facts/) [X](http://www.drugwarfacts.org/cms/Causes_of_Death#sthash.2ALBksdH.dpbs)",Smoking cigarettes helps prevent second hand bullets,statement,disagree
252,"Hmm, odd. Well, I can't fault Apple for focusing on their products. Just seems odd that the devs for the other browsers haven't tried to optimize their's for iOS.","Well we are talking about Mac, on iOS they all use the same browser engine",disagree,disagree
253,"The football team lost by 30 points, they played just like a Rippsonite.

That guy just drove through a redlight and almost hit someone, he's driving like a Rippsonite.

You got 80% of the questions wrong on the test!  What's wrong with you are you a Rippsonite or something?",I know you are but what am I?,disagree,question
254,because state ownership is not the definition of socialism.,"From the OP:

&gt; ""Socialism"" is defined as a system in which the government owns the means of production",disagree,statement
255,"I don't think it is all that disgusting to pee in the shower, but it should be discouraged at an early age. If they think its okay to pee in the shower then logically to the child it is okay to use it the same as the toilet. Meaning that you could have to clean something out of your shower. This something being the child's poop.",Can agree. I pooped in the shower around age 3-4,agree,agree
256,"Sure, of it was flown by one particular group in the UK.",Also because you know... We were considered traitors by England.,statement,disagree
257,"So I currently got handed an HOA that wasn't my choice via being the executrix for my late father's estate. 

The people in that community have to be the most miserable, fun-sucking, batshit excuses for human beings I've ever met. There is nothing neighborly about anything they do. 

I have witnessed in the last six months, no less than 12 times several of the members threaten to sue each other (one of the times was because one of the residents was sitting on her lawn grilling out with friends and there was a kiddie pool with ice and Bud Lite in it) for everything you could possibly think of. 

My father wasn't even living there when several of the votes came through for all of the ""upgrades"" that were decided on for the community (they're condos) which is costing about $2000 per resident for a slightly larger wooden deck. Trust me when I say it's not worth $2000. At least 3 of the residents take every email as a personal attack against them and proceed to let everyone know they're forwarding everything to their lawyer for harassment. 

I've also been told the door needs to be replaced because it's not current with what they want and they took off his screen door without even asking me because ""it was voted on"". 

In addition, his dues for the year already total over $2000 and this is in KENTUCKY.

I hate all of them, they're all crazy and make me want to punch kittens. I will be informing them via email the day the condo is sold and I no longer have to deal with them, exactly how fucking crazy they are.",Executrix is an awesome word.,statement,agree
258,"No, they're addictions.","In which case, how do you define what is/isn't a mental illness?",question,question
259,"Source: http://www.niaaa.nih.gov/alcohol-health/overview-alcohol-consumption/alcohol-facts-and-statistics

Looks like I was wrong about that number though, it's 25% of users who binge drink. The number for AUD (Alcohol Use Disorder) is closer to 10%. 

Addiction is diagnosed as a ""Substance Use Disorder"" based on criteria established in the DSM-V, which was recently updated and they changed the criteria around quite a bit.",Cool thanks.,agree,agree
260,What's the point of telling you again when you can't get it despite my pointing it out the first time?,"Indulge me, since you are clearly so well-informed.",statement,statement
261,"I just learned not to long ago that the Oxford comma, or when you apply a comma to the last word of a list. For example:

I am having a surprise party today: I need ice cream, balloons**,** and chairs. 

The oxford comma says that a comma should be where I bolded. However, I learned that some people are taught that they *don't* need to put a comma there, which would read as 

I am having a surprise party today: I need ice cream, balloons and chairs.



Why is this such a big deal? You can clearly understand what I am saying there. But what if the sentence made a tad less sense?


For example, I was eating a restaurant to too long ago and was looking at what flavor of wings they have. They had A, B, C.Y and Z. 

I was going to order two types, A and Y and Z. I assumed that Y and Z was a combination of two flavors. 


This is only but one anecdotal evidence for why I find the Oxford strictly better in almost every case. The only case where I believe it can be argued is in journalism where they can only use so many characters.


Also, [here's](http://i.imgur.com/rTEJkwH.jpg) a funny example of what I mean.","Sometime it improves the sentence, sometimes it doesn't.",disagree,disagree
262,"&gt;Personally, I do not think that victims of any serious, mentally traumatizing crime should be given a lecture on how they could have avoided their plight. This is distasteful, especially after the fact, even if it is well meaning. However, I do not think that these warnings are a result of ""rape culture"". CMV!

But you do acknowledge that that happens a lot right? That people try to give rape victims ""advice"" after the fact? Because that's exactly what rape culture is.  

People put so much effort into looking at how to blame the victim rather than putting the full force of their ire at the perpetrator.  

Look at any rape case involving a prostitute and see how those get treated. It's disgusting.","I think that it's distasteful, but not meant to excuse or trivialize the crime of the rapist. Some people don't fully consider that this is rude and pointless.",disagree,disagree
263,"You're right about it becoming a de facto requirement for participation, and I suppose that the status quo is just a little more conservative than what I think would be the optimum level of use if it were made legal",You might be interested in this article: http://sports.espn.go.com/dallas/nba/news/story?id=4581839,statement,statement
264,"That's a pretty good idea. Maybe even set the first friday for every month for public swimming pool to be opened for blacks only, so that they wont feel that they'll be mocked by other races for learning to swim.",Pools Closed.,disagree,statement
265,"A few months ago, my brother was taking a constitutional law class, and he came home and explained to us how his professor was telling them that coercion/duress was never a defense to murder, i.e. if someone held a gun to your head and said kill that person over there or die, you are stilly legally responsible if you shoot the person over there. I've been looking for sources. So far, I've found one about how that's the law in [California](http://www.shouselaw.com/duress.html#1.2) and a source that lists all the defenses to the charge of murder, and [does not include duress/coercion](http://criminal.findlaw.com/criminal-charges/first-degree-murder-defenses.html). I'll edit more sources in as I find them.

Edit: This is about [international law](http://www.lawschool.cornell.edu/research/ILJ/upload/Heim-final.pdf), but in response to OP's question, it clearly eliminates duress/ coercion as a full defense to murder of innocents","Wouldn't that be self defense though? Either I shoot that person, or I get shot.",question,question
266,"Thank you!  I am seeking a debate on specifically the utility of racial profile.

Its like I am asking CMV on how I think apples are tasty, and everyone is saying I should try oranges.

Thank you for understanding.","It's only of utility if your crime rates across races are constant and known, otherwise it's highly exploitable, disruptive and ends up looking very much like systematic racism.",disagree,disagree
267,"Why does the duration the hypothetical rescuer holds the person  over the cliff determine whether it's murder?


It doesn't seem it's because one is deliberate because in one of those hypotheticals the person deliberately let's go yet you ruled it an accident.",They're not even close to the same scenario so it's pointless to compare the two,disagree,disagree
268,"We live in a world now that is monopolized by websites like Facebook, Twitter, Instagram, etc. These technologies, in addition to the advent of smartphones, have changed the way we interact with one another for the worse. 

Thirty years ago, if I wanted to talk to a friend, I would physically go and see them. I would make connections that can only be made in person--I would look them in the eye and really see what they were feeling, and further improve my relationship with them.

Now, instead, people would Facebook message or text message that friend. Calling is a more healthy means of communication in that you actually hear each other's voice and it's often abbreviated to a few minutes, but texting ruins the relationships it seeks to create. It replaces actual, meaningful conversation with a 24/7 drone of sore fingers and artificial emotional connections.

CMV--is there some benefit, on a deeper level, to these tools that I am missing?
_____

&gt; *Hello, users of CMV! This is a footnote from your moderators. We'd just like to remind you of a couple of things. Firstly, please remember to* ***[read through our rules](http://www.reddit.com/r/changemyview/wiki/rules)***. *If you see a comment that has broken one, it is more effective to report it than downvote it. Speaking of which,* ***[downvotes don't change views](http://www.reddit.com/r/changemyview/wiki/guidelines#wiki_upvoting.2Fdownvoting)****! If you are thinking about submitting a CMV yourself, please have a look through our* ***[popular topics wiki](http://www.reddit.com/r/changemyview/wiki/populartopics)*** *first. Any questions or concerns? Feel free to* ***[message us](http://www.reddit.com/message/compose?to=/r/changemyview)***. *Happy CMVing!*","&gt; Thirty years ago, if I wanted to talk to a friend, I would physically go and see them.

You wouldn't have used a phone to call them in 1984?",disagree,question
269,"&gt;And your point about making a swastika pizza applies to the Pizza makers in my example. They didn't ""arbitrarily refuse to serve some members of the community"", they refused to cater to a certain type of event. It's like an atheist pizza maker refusing to cater a ""God hates sinner atheists"" event.

An atheist pizza maker is allowed to refuse an anti-atheist event because religion is a chosen affiliation, not an inherent trait.

In the case of the bakery refusing to participate in a wedding between gay people, they only refused to cater the event because of the demographics of the people involved. If a bakery refuses to serve all weddings, that would be fine, but to say that a gay wedding is a different type of event from a straight wedding is disingenuous.","Religion is hardly a pure choice, if you believe devoutly in the tenets of a particular faith you can hardly make a reasonable decision to just quit.",disagree,disagree
270,"Not everyone cares about their own health or longevity. If they accept the risks in return for the benefits, I wouldn't consider it a stupid decision.",Isn't the issue here more about the absence of benefits?,question,question
271,What type of company won't tell you that you're not hired after multiple rounds of interviews? (To make the set-up comparable.),"Shitty ones, but they're many.",statement,statement
272,"That's my point.

When the army is a domestic army, there's only so long you can *keep* them on the government's side.",And of course the most effective way to turn them against the government is to shoot at them.,disagree,statement
273,"If you want him to get a delta, make sure you explain why your view was changed. A delta by itself will be ignored by the bot.

EDIT: THE MOD SAYS IM WRONG I CANT LIVE WITH MYSELF ANYMORE IM GOING TO GO RUNNING NOW TO END THE PAIN BY INTRODUCING A DIFFERENT KIND OF IT","&gt;A delta by itself will be ignored by the bot.  

Not yet, actually. The bot's next update will cover that.",disagree,agree
274,Yeah sure. Find an example of an officer shooting someone who followed every single command given to them and I'll absolutely award a delta.,Take your pick from anything the [Black and Tans](http://en.wikipedia.org/wiki/Black_and_Tans) did in Ireland during their war of independence. They were notorious for arbitrarily sacking towns and killing civilians.,disagree,statement
275,If you're worried about somebody being clingy or unstable there are lots of other more reliable attributes about a person which you could use to make a statistical guess about them.  Trying to determine anything about how dateable a person is using statistics is only going to bring you a lot of disappointment and missed opportunities when you could just try to look at people on their own merits.  If you just want to save yourself time by ruling out as many clingy/unstable people as possible try going for people who appear to have healthy relationships with their friends and family and a generally happy life with hobbies they enjoy.  This will tell you so much more about the person than their sexual history.,"Agree with this. There are much better indicators than sexual history. Sexual history is still an indicator, however.",agree,agree
276,The thing that always baffled me was dyslexic people in the uk get 20% extra time but no other aids. Are they supposed to magically remember how to spell in that time?,They get more time to try and figure out what actually was spelled out or something.,statement,disagree
277,.I'm pretty sure most people's are.  How tall are you?,"5' 1""",statement,agree
278,Because law enforcement and military action are different things.,They are.,agree,disagree
279,"You actually just confirmed my point, that politicians have too much power and can make very poor decisions for short-term rewards, specifically by ignoring the experts in said fields, and that it would be better to add another check to said system.","I think you've missed what I was saying. In that example, how does giving more power to the scientists make that situation *better*, and not worse?",disagree,question
280,So you agree that if Amazon offered a discount for payment with bitcoin then many people would find it worthwhile to save money by paying Amazon in bitcoin?,I think its certainly probable. But amazon is not the entire market. I would say amazon is the exception rather than the rule when it comes to customer service.,agree,disagree
281,"I think this is the best answer out there- that it is one large down payment on the future of space travel, even if the tangible benefits right now are almost zero- which they are. _",I feel like your delta should belong to elephant bird,disagree,statement
282,"1. I didn't admit that they have that right, I simply said that that's not the point I'm making. Prove to me that not providing them with compensation and using their product is worse than not providing them with compensation and *not* using their product, especially considering the points I made in my original post.

2. For the hypothetical pirate in question, t does not have the value to them that the creator asks for, and thus the only way they're willing to enter a relationship with the creator is if it's such an ""unfair"" one.","[By the way, you still have yet to respond to this argument](http://www.reddit.com/r/changemyview/comments/1yhd8w/pirating_isnt_immoral_if_you_would_not_have/cfkrckb). Did you miss it?",question,question
283,"I said ""I'm aware"".   I don't listen to kanye so this is based on a community gained knowledge.  However, I refuse to give his music a *personal* chance based on his personality.","Fair enough,  you're entitled to your own opinion.

 Though I believe you're limiting yourself musically if you hold the musician above his music.",disagree,agree
284,"Power is bad, because cooperation is better.  
Greed is bad, because appreciation is better.",Thank you for sprouting the argument. It's been useful towards changing my view. Delta for you. :) &amp;#8710;,agree,statement
285,"Well if you're going to cut off somebody's hand, then yes?",But we're talking about repeat offenders.if you are convicted multiple times then I'm not very sympathetic if you were framed on the 5th.,disagree,disagree
286,"Because it wanted the South back. Once the war was over, there was no need to charge everyone.","But still, since it didn't charge anyone, nobody in the South was a ""traitor"", officially.",disagree,disagree
287,"the only reason the north ""invaded"", which makes no sense because it was union land, was to stop slavery.","That's revisionism at its finest. There were a lot of reasons, primarily economic, for the invasion.",disagree,statement
288,I've answered both these questions in other comments,Please shed light on the latter point. Could not find it in your comment history.,question,statement
289,Your link indicates that 56% of Americans identify as Democrat or Republican.,"The key word is ""or""",disagree,statement
290,"How is atheism a movement? I'm an agnostic atheist, but I fail to see how not identifying with a group makes me part of a (counter)movement.",Non-golfer here.,agree,statement
291,Also already answered.  Please stop trying to waste my time.,Your answers all make a bunch of unexamined assumptions. And you never even defined bodily autonomy to begin with.,disagree,disagree
292,"People who hold back society through these personality traits have been comfortably settled in with these thought patterns. People, generally resistant to change won't change the views they have of the world and instead find ways to rationalize it to suit their ideology.

The only way to remove these traits (or at least minimize it to such an extent that it becomes a minor inconvenience at the most) is to invest on the future generations.

I acknowledge that every generation has a percentage of kids who are exposed to the ideologies of racism, supremacy, conservative and restrictive religious beliefs, and grow up to accept these ideas. But this percentage can be reduced with every subsequent generation.

EDIT : Based on the comments so far, I realized I was a little remiss in conveying my argument. I don't believe people cannot change their opinions. I also don't believe NO racist can change. What I do believe, however, is that for for every such person who changes his/her views, there'll be three more such people who would vociferously defend their ideas and that is what allows the prominence of such traits in our society.

EDIT 2: When I said 'weed out these negative traits', I meant the TRAITS, not the PEOPLE with those traits. I DO NOT advocate extermination of such people. Also, The quoted delta was a mistake. Not a dick move. Apologies.

EDIT 3: I've noticed people seem to be concentrating only on the 'racist' part. I would like to clarify that I'm talking about negative traits in general. The negative world views is what I think cannot be changed in those extremists.

EDIT 4: Wow. This blew up. Let me clarify a few things. I AM NOT NOT NOT advocating removing the people who harbor such thoughts. I am talking about culling these kind of views from the society. The negative views. NOT the people with the negative views.So, no, I am NOT suggesting extermination or sterilization.

EDIT 5: A lot of comments have been putting forward the argument that we cannot know which views are wrong or negative and which are not.  We don't have the authority to decide that. While I acknowledge that to be an excellent argument, that is not my view I'm here to change. My view is that to remove negative world views (WHATEVER THOSE HAPPEN TO BE) from this society, we need to concentrate on the future generations, instead of trying to change the current generation's viewpoints. I am talking about changing this view.

_____

&gt; *Hello, users of CMV! This is a footnote from your moderators. We'd just like to remind you of a couple of things. Firstly, please remember to* ***[read through our rules](http://www.reddit.com/r/changemyview/wiki/rules)***. *If you see a comment that has broken one, it is more effective to report it than downvote it. Speaking of which,* ***[downvotes don't change views](http://www.reddit.com/r/changemyview/wiki/guidelines#wiki_upvoting.2Fdownvoting)****! If you are thinking about submitting a CMV yourself, please have a look through our* ***[popular topics wiki](http://www.reddit.com/r/changemyview/wiki/populartopics)*** *first. Any questions or concerns? Feel free to* ***[message us](http://www.reddit.com/message/compose?to=/r/changemyview)***. *Happy CMVing!*",I knew a skinhead in highschool who did a complete reversal after taking ecstasy.,disagree,agree
293,"Im pretty sure Mythbusters did a segment on this. If I recall correctly, they found putting the lid down didnt provide any real protection from the above.

Yes. There are shit and piss particles everywhere you live. 

EDIT: From a snopes thread about the segment:

Yeah RelicMan is right. Mythbusters already did it. IIRC, their answers are as follows:

1) Does aerosolization occur as a result of flushing a toilet?
Yes

2) If so, does this mean urine and fecal matter come into contact with faucets, mirrors, toothbrushes, etc.?
Yes

3) If so, does this pose a significant health hazard, or is this one of those basic germ facts o' life--you come into contact with them every day, and they're not gonna kill you?
No

**4) If aerosolization occurs and poses a significant health risk, would closing the toilet lid actually do anything to reduce the risk? (It's not like it forms an airtight seal!)
No**

**5) Would any risk reduction be significant enough to justify badgering my roommate to start closing the lid when he uses the toilet, or should I confine this to my own neurotic tableu of habits?
No**

You know, come to think of it, it might be a good idea to have a ""Mythbusters already did it"" section on the site, assuming of course the Discovery Channel would be OK with it. [Razz]

http://msgboard.snopes.com/cgi-bin/ultimatebb.cgi?ubb=get_topic;f=35;t=001754;p=0","Thank you, the amount of confirmation bias in germophobes' lives really bothers me. As if one could successfully wage war on quadrillions of mostly-benign microbes.",agree,agree
294,In all of it? Unless by morals you mean some kind of morality that doesn't see promiscuity as a problem. Wasn't it implicit in my comment?,That's kinda my question. How is promiscuity immoral?,question,question
295,That's a red herring.  We're not talking about disability programs.  That's entirely separate from welfare.,"More than half of people who are disabled and receiving SSI disability benefits also receive food stamps.

http://www.ssa.gov/policy/docs/ssb/v67n4/67n4p71.html",disagree,statement
296,"Sorry plentyofrabbits, your post has been removed:  

&gt; Comment Rule 2\. ""Don't be rude or hostile to other users. Your comment will be removed even if the rest of it is solid."" [See the wiki page for more information.](http://www.reddit.com/r/changemyview/wiki/rules#wiki_rule_2)  

If you would like to appeal, please [message the moderators by clicking this link.](http://www.reddit.com/message/compose?to=%2Fr%2Fchangemyview&amp;subject=Removed+Comment+Rule+2+Post+Appeal&amp;message=plentyofrabbits+would+like+to+appeal+the+removal+of+[his/her+post](http://www.reddit.com/r/changemyview/comments/217z08/i_have_never_and_will_never_hire_a_woman_under_50/cgalqjt\))","No big, I got heated.",agree,statement
297,"Doctor Who, at its core, is a kid's show. It's not meant to be like Star Trek.",Star Trek is not a kids show?,question,question
298,"I'm very surprised at the lack of hard sources in this thread, given that research into this topic is widespread.  [This study clearly demonstrates that advertisements of products do not tell the entire picture.](http://www.ncbi.nlm.nih.gov/pmc/articles/PMC1783924/)

This [paper](http://www.ncbi.nlm.nih.gov/pmc/articles/PMC3278148/#b27-ptj3610669) reviews pros and cons.",This thread is about ethics and policy. You cannot do a study that says we as a country should or should not ban advertisements.,disagree,disagree
299,"Physically, intellectually, and any other category of life I believe in general men are superior. I do recognize that there are very talented women in the world, some far better than men, but if you put the best man in a field against the best female in the same field I believe the male will dominate every time, no matter what the subject is. This seems to be true in academics, sports, and any other area in life. Even on a personal level I have found that girls are petty and silly, while men I have interacted with are far more interesting to have conversations with. I admit, I am very biased based on the fact that I have a male's perspective, but I have tried to be very open minded in talking to females but I find the majority of them dull and uninteresting. I think that the only successful girls in society are the ones that have natural ability (even then they don't get paid as much as men) or they use their looks to slide through life. Yes, I expect hordes of angry feminists to down vote me into oblivion (my sexism showing) and I could avoid this if I reworded my statements, but instead I'm choosing to pull on the oh so fragile female emotional strings. Instead of down voting me, prove me wrong. EDIT: You have all made excellent points. The error was not with the people around me, but myself and I appreciate all of your inputs, they honestly helped.",[That's right!](http://m.youtube.com/watch?client=mv-google&amp;hl=en&amp;gl=US&amp;v=b2Bc71SAGuI),agree,agree
