Parent,Reply,Dialogue_act,corpus_source,reply_word_count,reply_hedge_rate,reply_negation_rate,reply_contraction_rate,reply_spelling_error_rate,reply_very_long,reply_very_short,reply_has_negation,reply_has_hedge,reply_ends_in_question,parent_word_count,parent_hedge_rate,parent_negation_rate,parent_contraction_rate,parent_spelling_error_rate,parent_very_long,parent_very_short,parent_has_negation,parent_has_hedge,parent_ends_in_question
"New question, do you believe AHA will fix this?",I don't know what AHA stands for. I'm afraid I can't answer that.,statement,gold_300,13,0.0,0.15384615384615385,0.23076923076923078,0.07692307692307693,False,False,True,False,False,9,0.0,0.0,0.0,0.0,False,False,False,False,True
"Check out [this video](http://www.ted.com/talks/christopher_ryan_are_we_designed_to_be_sexual_omnivores) that conveys a theory on how monogamy is not really as ingrained in us as most people think it is. There are theories that claim we (and by we I mean men) invented monogamy after coming up with agriculture to insure property inheritance (how do I know which one's my kid if she's fucking the whole town? who the hell gets my house then after I die?)

Then you consider the fact that [monogamy wasn't really required for dudes up until like 60 years ago](https://www.youtube.com/watch?v=w8SOQEitsJI). Instead of choosing to let women behave like men, we chose to lock ourselves up in monogamy along with them. 6O years ago.

Long story short: monogamy seems to be (to some people) a social construct that has no relevance today since getting pregnant is hard and abortions are legal in most developed places.

Like others have said, it's impossible to find someone that fulfils your every need. And the fact that recent adultery rates are always high sounds like human reality is trying to make us understand that monogamy doesn't really make sense.","Which perfectly explains Socrates statement: ""By all means, marry. If you get a good wife, you'll become happy; if you get a bad one, you'll become a philosopher.""",statement,gold_300,28,0.0,0.0,0.07142857142857142,0.07142857142857142,False,False,False,False,False,204,0.0,0.0196078431372549,0.024509803921568627,0.14705882352941177,True,False,True,False,False
"I *hate* the idea of the ""good old days"". I am a firm believer that art, culture, quality of life in general have been on a steady incline for a long time, I would not trade places with anyone from any time, even with everything that's screwed up right now.

So when I hear people start bitching about how much better popular music used to be, even bubblegum crowd-pleasing schlock, a part of me really wants to come to the defense of this decade, but I can't because I agree with them.

Someone, please, tell me I'm wrong (no sarc).

Edit: I've been asked to explain why I feel this way: 


The degree to which, and number of ways in which it is repetitive is unprecedented. After listening to top 40 radio for half an hour, you will hear the same percussion, same synth patches, same lyrical content, same melodic contour, same, drop, same lazily implemented auto-tune. 

Within each song, you will hear the same phrase repeated over and over. Because these songs are mixed for earbuds, they will have the same dynamic level throughout the whole song, absolutely no variety whatsoever. It is increasingly trendy to take a phrase that is repeated, then repeat only a word, and then finally to repeat a single syllable within that word 

*""I'm drowning, I'm drowning, I'm drowning, ing, ing, ing, ing""*

It is incessant, it is unvarying, it is monotonous, it is positively nauseating. 

Edit: Would really love to post a delta today. I'm trying really hard to keep an open mind here.",You need to lay out the reasons why you don't like pop music today.,statement,gold_300,14,0.0,0.07142857142857142,0.07142857142857142,0.07142857142857142,False,False,True,False,False,262,0.003816793893129771,0.015267175572519083,0.030534351145038167,0.0648854961832061,True,False,True,True,False
"The problem with this is it would inevitably lead to disputes, arguments, or customers trying to void items they've already scanned.  All of this would take time and slow down the line, so it would be counterproductive.

Also, I'm not sure if there's a need for such a plan.  Are one or two extra items in the express lane really putting a significant, quantifiable burden on other customers?",It would at first until it became common knowledge.,statement,gold_300,9,0.0,0.0,0.0,0.1111111111111111,False,False,False,False,False,68,0.0,0.014705882352941176,0.04411764705882353,0.1323529411764706,True,False,True,False,True
"Just to clarify, ""national debt"", and the panic surrounding it are out of proportion. That number doesn't mean a whole lot in the grand scheme of things with the way the world economy works today.","I agree to an extent, but debt isn't something you can just ignore, especially if your asking for an expansion the size OP wants.",disagree,gold_300,24,0.041666666666666664,0.041666666666666664,0.041666666666666664,0.08333333333333333,False,False,True,True,False,35,0.0,0.02857142857142857,0.02857142857142857,0.02857142857142857,True,False,True,False,False
"You've all heard or experienced going to a coffee shop, ordering your drink and finding out the person ahead of you has paid for your drink. Then the cashier says ""This has been going on for 30 customers so far!"" You then normally ""Pay-it-forward"" for the person after you since you don't want to be an asshole and break the chain. 

My question is this: What is the purpose of keeping the chain going if everyone is basically paying the same amount of money or more than they would just by paying for their own order? How is that generous?","I would say that it isn't pointless but it is unnecessary.  The point isn't to be necessary though, it is to have fun or to feel good.",disagree,gold_300,27,0.07407407407407407,0.07407407407407407,0.07407407407407407,0.0,False,False,True,True,False,101,0.0,0.009900990099009901,0.019801980198019802,0.07920792079207921,True,False,True,False,True
"I want to preface this by saying that this is what I've found out from looking around for a few minutes about Reddit policy, so anyone with any corrections please educate me.

As we all know, there are certain subreddits out there dedicated to hatred.  Racist, bigoted, I'm not going to name names but they are disgusting places to be on the web.

The reason why they are allowed to exist is a good one, free speech.  We allow groups like the KKK and Westboro to exist in real life because despite them being awful people with awful ideas, we value the right of anyone to say anything at any given time.

The difference, however, is in the consequences.  In real life, when Westboro gathers to picket a funeral, good and decent people gather against them.  We shame them for being so hateful and use social pressure to show them how bad their ideas are.

The problem with Reddit, however, is that all these subreddits are moderated by people who are the MOST hateful and spiteful of anyone in the subreddits.  Good people can't speak out in overwhelming numbers to drown their hate speech like they can in real life.

Anyone who dares to speak against their shitty philosophies are banned.  This ensures that the bigots always outnumber the reasonable people in those subreddits and it gives hate a place to foster without being shamed as it should be.

Despite Reddit's admirable attempt at preserving free speech, the result is actually allowing hate groups to flourish when they would otherwise be stunted.

_____

&gt; *Hello, users of CMV! This is a footnote from your moderators. We'd just like to remind you of a couple of things. Firstly, please remember to* ***[read through our rules](http://www.reddit.com/r/changemyview/wiki/rules)***. *If you see a comment that has broken one, it is more effective to report it than downvote it. Speaking of which,* ***[downvotes don't change views](http://www.reddit.com/r/changemyview/wiki/guidelines#wiki_upvoting.2Fdownvoting)****! If you are thinking about submitting a CMV yourself, please have a look through our* ***[popular topics wiki](http://www.reddit.com/r/changemyview/wiki/populartopics)*** *first. Any questions or concerns? Feel free to* ***[message us](http://www.reddit.com/message/compose?to=/r/changemyview)***. *Happy CMVing!*","""Anyone who dares to speak against their shitty philosophies are banned.""


So SRS should be banned?",question,gold_300,16,0.0,0.0,0.0,0.25,False,False,False,False,True,385,0.007792207792207792,0.007792207792207792,0.015584415584415584,0.17402597402597403,True,False,True,True,False
"Sounds horrible huh? But seriously, the only rule is that they can't make more than 2 million, so yeah. They'd have to give it away.",Some would burn it first!,statement,gold_300,5,0.0,0.0,0.0,0.0,False,True,False,False,False,24,0.041666666666666664,0.041666666666666664,0.08333333333333333,0.0,False,False,True,True,False
"Probably not, but Hume's particular objection to the argument from miracles is fairly controversial in philosophical circles (I've heard that a lot of Hume scholars think it fails). It's not unreasonable to expect to get some stimulating conversation out of this thread.",Why do they think it fails?,question,gold_300,6,0.0,0.0,0.0,0.16666666666666666,False,False,False,False,True,42,0.023809523809523808,0.047619047619047616,0.07142857142857142,0.14285714285714285,True,False,True,True,False
"Oh man that must have been so difficult, not only have you got the male perv bias, youve got the mental health bias! Man, at that age, i doubt any level of educating them about it is going to make a difference.",Aspergers is **NOT** a mental health issue.  It is more a developmental issue.,disagree,gold_300,13,0.0,0.07692307692307693,0.0,0.0,False,False,True,False,False,42,0.0,0.023809523809523808,0.0,0.047619047619047616,True,False,True,False,False
"&gt;Once again my view on this profit-oriented.

http://www.frbsf.org/economic-research/publications/economic-letter/2014/may/is-college-worth-it-education-tuition-wages/

Data don't lie.",It sure doesn't. That data illustrates my claim perfectly. Capitalizing on risks and failing until you succeed has a far greater margin. Far greater.,agree,gold_300,24,0.0,0.041666666666666664,0.041666666666666664,0.125,False,False,True,False,False,29,0.0,0.034482758620689655,0.034482758620689655,0.20689655172413793,False,False,True,False,False
"&gt; Suffering exists, but so does pleasure. You have just decided to look at half the coin.

I'm looking at both sides, and suffering wins.",Did you poll everyone or is this just your perspective.,question,gold_300,10,0.0,0.0,0.0,0.0,False,False,False,False,False,25,0.04,0.0,0.04,0.08,False,False,False,True,False
"Something no one seems to have adressed here: cake is foam, and that is awesome. Not only is cake interesting as a biomaterial, but the fact that cake is foam means that it has a preposterous amount of surface area relative to volume. More surface area means more contact with your tounge, wich means more deliciousness per unit volume (and hence per Cal.) Beyond that, cake is a sponge with marvelous elasticity, which lends cake a ""sproingy"" texture that is titilating beyond belief. 

I supose I must add that pie crust takes advantage of similar surface area wonderfullness -- a properly made crust will be flakey. These flakes form when sheets of butter separate layers of dough. Those slight layers of butter hit the tounge just a huge chunk of butter would, tricking our brains into believing we have partaken an a deliciously massive amount of fat. Beyond this, the texture of flakey crust is indeed quite nice. Even so, there are two factors that give cake the edge.

Cake takes advantage of surface area effects throughout its volume, and takes less skill to maximize on these effects than pie. A properly make pie crust requires chilling of the butter and flour prior to creation of the dough. If you get things too hot at any stage, you'll be left with gravey. Cake on the other hand is easily surmountable: any fool can turn a box of powder (or various powdered raw ingredients) and a few eggs into a delicious foam. Beyond this, there is the obvious fact that pie crust is a meer -- well, crust -- holding in a vat of slopped fruit sugar. Cake utilizes the delicious physics of foam throughout its full volume, and is therefore superior to pie.",pie has a liquid (more liquidy?) filling cant beat that when it comes to surface area (excluding gas),disagree,gold_300,18,0.0,0.05555555555555555,0.0,0.05555555555555555,False,False,True,False,False,290,0.0034482758620689655,0.006896551724137931,0.0034482758620689655,0.11379310344827587,True,False,True,True,False
"I recently got in an argument with a friend regarding the BLM (Black Lives Matter) interruption of Bernie Sanders speech. I argued that while I understand their frustration, I still hold its unacceptable to break the law the way BLM did. 

My friend argued back that since both of us are white, we can never understand the situation and the anger these representatives of BLM feel. Therefore, she argued, we cannot criticize their actions since we cannot and can never understand their perspective.

My friend showed me [this article](http://time.com/3605606/ferguson-in-defense-of-rioting/) in defense of her argument. I'll quote from the conclusion,

&gt;Instead of tearing down other human beings who are acting upon decades of pent-up anger at a system decidedly against them, a system that has told them they are less than human for years, we ought to be reaching out to help them regain the humanity they lost, not when a few set fire to the buildings in Ferguson, but when they were born the wrong color in the post-racial America.

In response to the article, I essentially argued that while I do feel for minorities in the U.S, violence is neither a morally sound or pragmatic way to go about change. I also felt that the argument presented (we are not minorities, therefore we will never be able to understand, therefore we cannot criticize) is fundamentally unsound.

I'd love to hear some support for her viewpoint, because I am an open-minded person and I care about racial equality America

So please, CMV!

_____

&gt; *Hello, users of CMV! This is a footnote from your moderators. We'd just like to remind you of a couple of things. Firstly, please remember to* ***[read through our rules](http://www.reddit.com/r/changemyview/wiki/rules)***. *If you see a comment that has broken one, it is more effective to report it than downvote it. Speaking of which,* ***[downvotes don't change views](http://www.reddit.com/r/changemyview/wiki/guidelines#wiki_upvoting.2Fdownvoting)****! If you are thinking about submitting a CMV yourself, please have a look through our* ***[popular topics wiki](http://www.reddit.com/r/changemyview/wiki/populartopics)*** *first. Any questions or concerns? Feel free to* ***[message us](http://www.reddit.com/message/compose?to=/r/changemyview)***. *Happy CMVing!*","Whites can be minorities, you know?",question,gold_300,6,0.0,0.0,0.0,0.16666666666666666,False,False,False,False,True,388,0.005154639175257732,0.02577319587628866,0.010309278350515464,0.14948453608247422,True,False,True,True,False
"The burden of proof actually falls on the person making the claim. Otherwise people would be able to claim just about anything and they would be ""right"" because no one would be able to disprove them.","Indeed, and when you're saying 'you're lying', you are making a claim that you need to argue for.",agree,gold_300,18,0.0,0.0,0.1111111111111111,0.0,False,False,False,False,False,36,0.0,0.027777777777777776,0.0,0.027777777777777776,True,False,True,False,False
"Humans are a violent species. We were violent before video games, before motion pictures or television. We were violent before cave paintings. We don't want to be this way so we try to blame our nature on outside forces.","Not only were we violent before, we are becoming less and less violent as we consume more and more media.",agree,gold_300,20,0.0,0.05,0.0,0.0,False,False,True,False,False,39,0.0,0.02564102564102564,0.02564102564102564,0.10256410256410256,True,False,True,False,False
"&gt;If, in an attempt to save money I got her a cheap ring it could easily reflect poorly on me. 

If people think poorly of you for not spending much money on a ring that will be worn for a short time then chucked into a box, it's an excellent way to weed out people not worth knowing.",The engagement ring is not replaced. It is normally worn in addition to the wedding ring. So it is worn for the duration of the marriage if not life.,disagree,gold_300,29,0.0,0.06896551724137931,0.0,0.034482758620689655,False,False,True,False,False,59,0.0,0.03389830508474576,0.01694915254237288,0.01694915254237288,True,False,True,False,False
"Whenever there's a news item about a female teacher getting charged for statutory rape with a male student, inevitably there's a bunch of comments along the lines of ""Niiice, I wish I could have had such a teacher"". In response, there are frequently comments like ""The boy wasn't able to consent, so he was raped"".

I don't think it'd be good for teachers to be free to have sex with students with no consequences. I'm not advocating for the abolition of the age of consent. I accept that the power differential and the immaturity of the younger person makes it problematic at the very least.

Yet all the same, I think it's a great false equivalency to consider it to be a similar magnitude offense to being held down and raped. 

The primary reason I believe this (and admittedly it's based on little more than intuition) is that I feel that victims of the respective crimes tend to feel much differently in hindsight. From what I've read, forcible rape victims often find the experience highly traumatic and suffer long-term psychological problems. Virtually all would agree that the experience was a huge negative. But I think, if you were to poll a group of statutory rape victims years later when they were more mature, you would get a much more diverse range of responses. Some would have no regrets and do the same thing over again, some would regret it but chalk it up as a silly youthful mistake, and others would blame it for a lot of their current problems. Probably the breakdown wouldn't look too different from polling them about any relationship they'd had while young.

What would it take to change my view? Probably strong empirical evidence that statutory rape victims do by and large suffer significantly. I see that kind of thing asserted a lot, but I kind of wonder if it's a bit of just-so story. ""He had sex with his teacher, said years later that he didn't regret it, but he's psychologically damaged so he doesn't know that he regrets it!""


_____

&gt; *Hello, users of CMV! This is a footnote from your moderators. We'd just like to remind you of a couple of things. Firstly, please remember to* ***[read through our rules](http://www.reddit.com/r/changemyview/wiki/rules)***. *If you see a comment that has broken one, it is more effective to report it than downvote it. Speaking of which,* ***[downvotes don't change views](http://www.reddit.com/r/changemyview/wiki/guidelines#wiki_upvoting.2Fdownvoting)****! If you are thinking about submitting a CMV yourself, please have a look through our* ***[popular topics wiki](http://www.reddit.com/r/changemyview/wiki/populartopics)*** *first. Any questions or concerns? Feel free to* ***[message us](http://www.reddit.com/message/compose?to=/r/changemyview)***. *Happy CMVing!*","Can you please define what statutory rape is? I've heard it before, but it's precise meaning eludes me.",question,gold_300,18,0.05555555555555555,0.0,0.1111111111111111,0.1111111111111111,False,False,False,True,False,471,0.010615711252653927,0.01910828025477707,0.036093418259023353,0.14437367303609341,True,False,True,True,False
"I am also interested in how ""natural rights"" are a better justification for others NOT stealing or murdering, than social contract.

As well as why OP tried to rule out ""utilitarian arguments""...","I think it's because they poke holes in OP's position. 

""CMV but you're not allowed to use these effective arguments""",statement,gold_300,20,0.05,0.05,0.15,0.15,False,False,True,True,False,32,0.0,0.03125,0.0,0.09375,True,False,True,False,False
"""Or the more likely situation, and one that is probably happening right now in in things like cable/internet in the US, is that all pharmaceutical companies agree that they will raise the price by a smaller amount, and continue to do so.""

And that should be illegal.",Cable companies are licensed monopolies and competition is prohibited.  OPPOSITE of a free market.,disagree,gold_300,14,0.0,0.0,0.0,0.21428571428571427,False,False,False,False,False,48,0.0,0.0,0.0,0.0625,True,False,False,False,False
"I don't know much of ancient Greece and how they toyed with it, however I feel that if our nation has established a constitution that works (as ours seems to, when correctly followed), abolishment of both the Electoral branch and decision making powers given to the Legislative branch would be the best thing the country could do.

In my idea of how it would work:

* Congress can write, advocate, and argue for and against laws

* Congress cannot decide on these laws, they can merely campaign for them

* Every six months, all proposed bills, etc., will be put up to vote. Every citizen may vote, or not

* Majority rule is enforced, no more than 51% is needed, thus eliminating the need for recasting the vote, tus eliminating postponement of a law

* Constitutional law may need to be **Slightly** expanded on to set some ground rules for all further law

* It needs to be very difficult to change the constitution for the above reason

What could go wrong? I think it really works, and will get America what it wants, not what politicians want.",Oh man.  This is hilarious.,disagree,gold_300,5,0.0,0.0,0.0,0.0,False,True,False,False,False,181,0.0055248618784530384,0.027624309392265192,0.0055248618784530384,0.09944751381215469,True,False,True,True,False
*The answer is no*,The answer is snow?,question,gold_300,4,0.0,0.0,0.0,0.0,False,True,False,False,True,4,0.0,0.25,0.0,0.0,False,True,True,False,False
"While that's a good *reason* to be angry, I doubt very much that many Brits know about this or pay attention to it. Even then, without being informed about US politics, it's hard to say with any authority whether it will have any affect on the UK or not. If you are informed on the event and on the political system then you're in a better position to understand what effect it will have on the world. But I don't feel that most Brits are in that position.","If your problem is with uninformed people that is fair, but that's no reason to bring nationality into it. An American can be uninformed, as can anyone of any nationality.",disagree,gold_300,30,0.03333333333333333,0.03333333333333333,0.03333333333333333,0.0,True,False,True,True,False,88,0.011363636363636364,0.022727272727272728,0.045454545454545456,0.0,True,False,True,True,False
"This is insulting to people who've experienced actual, traumatizing, sexual harassment. I don't want to hear it's the same thing as using a women's bathroom.","There are widely varying degrees of sexual harassment. Not saying I necessarily agree with OP, but those words are used to describe everything from stalking to catcalling.",disagree,gold_300,27,0.037037037037037035,0.037037037037037035,0.0,0.14814814814814814,False,False,True,True,False,25,0.0,0.04,0.16,0.08,False,False,True,False,False
"I want to

I feel this is justification enough for all non-violent actions.",Killing an animal for meat is violent.,disagree,gold_300,7,0.0,0.0,0.0,0.0,False,False,False,False,False,14,0.0,0.0,0.0,0.07142857142857142,False,False,False,False,False
They have nukes,Are they insane enough to use them though?,question,gold_300,8,0.125,0.0,0.0,0.0,False,False,False,True,True,3,0.0,0.0,0.0,0.3333333333333333,False,True,False,False,False
"Ah, like it says in ""Dust In The Wind."" Every line in that song is correct except for ""nothing lasts forever but the earth and sky."" Probably won't last forever either.


I believe that it doesn't matter what you do in life. Well, not in the big scheme of things anyway. Human endeavors such as developing a cure for cancer or ending world hunger are all very noble, but futile nonetheless. Maybe we'll get there someday, but does it matter? For now it seems like it does, but when our species dies out it won't. God probably doesn't exist and nobody gives a shit. ""You create your own meaning in life"" is wishful thinking, because your ""meaning"" ultimately doesn't really matter to anyone or anything but humanity at large, if that. And if it doesn't matter, it's not meaningful.


I'd love to be wrong on this one, so go ahead and change my view.
_____

&gt; *Hello, users of CMV! This is a footnote from your moderators. We'd just like to remind you of a couple of things. Firstly, please remember to* ***[read through our rules](http://www.reddit.com/r/changemyview/wiki/rules)***. *If you see a comment that has broken one, it is more effective to report it than downvote it. Speaking of which,* ***[downvotes don't change views](http://www.reddit.com/r/changemyview/wiki/guidelines#wiki_upvoting.2Fdownvoting)****! If you are thinking about submitting a CMV yourself, please have a look through our* ***[popular topics wiki](http://www.reddit.com/r/changemyview/wiki/populartopics)*** *first. Any questions or concerns? Feel free to* ***[message us](http://www.reddit.com/message/compose?to=/r/changemyview)***. *Happy CMVing!*","That's right, the world itself is meaningless, but your experience of it is meaningful. So, don't attach to the physical world, but make the best experience of it you can.",agree,gold_300,30,0.06666666666666667,0.03333333333333333,0.06666666666666667,0.0,True,False,True,True,False,277,0.02527075812274368,0.039711191335740074,0.039711191335740074,0.18050541516245489,True,False,True,True,False
"&gt; only by aborting the fetus.

Adoption?",fair point.  However I'm still concerned with the idea of a woman having to choose adoption because the father refused to support the child.,disagree,gold_300,24,0.08333333333333333,0.0,0.041666666666666664,0.08333333333333333,False,False,False,True,False,7,0.0,0.0,0.0,0.14285714285714285,False,False,False,False,True
"Yes, Getting angry with the person expressing their disbelief at an unlikely account with surely make them believe the unlikely account. To hell with referring to facts, they're useless at convincing people! Surely emotional lashing out will work!","Next you'll be calling reality misogynistic, and retreating to a world of eyeliner and blush.",statement,gold_300,15,0.0,0.0,0.06666666666666667,0.06666666666666667,False,False,False,False,False,38,0.0,0.0,0.02631578947368421,0.10526315789473684,True,False,False,False,False
"The problem with this CMV is that it attempts to make a historical comparison on a current topic.  I knew that I liked Nirvana when they were making music, but it would be impossible to - at that point - conclusively state that they have changed music.

That said, my money is on Taylor Swift.  Not just because she makes good music - and she does - but because she changed the direction of pop by introducing it t country.  Which is like saying she introduced rivals and made the relationship work.

Pop before that was dominated by Britney Spears and other similar talent.  Minus Christina Aguilera who really had her own voice for about 2 albums and then left, the rest of the industry just follows in Britney's footsteps.  Those footsteps are to make party music without a story line.  Some attempts of pop/country hybridization are out there, but it's mostly country music with a pop twist.  Some one hit oneders managed to become popular like [Gretchen Wilson - redneck woman](https://www.youtube.com/watch?v=82dDnv9zeLs). 

Taylor Swift brought country music to pop.  She brought story lines back to pop, which had been a point of disappointment for pop fans in over a decade.  She bridge the gap better than anyone before her and made it work.","Based on that, which I agree with, you could also easily argue the case for Britney Spears. Well, if you allow for a summer of '99 debut.",agree,gold_300,27,0.0,0.0,0.0,0.0,False,False,False,False,False,216,0.013888888888888888,0.004629629629629629,0.009259259259259259,0.1111111111111111,True,False,True,True,False
"&gt; First off, patriotism isn't being proud of yourself for living in a nation. Its being proud of that nation for its accomplishments

I am proud of the PlayStation 4, am I a Japanese patriot? I disagree with this statement of yours.

&gt; and what it has provided for you.

Uh huh. Again, the best thing my nation has provided me is relative freedom. I am not proud that my parents didn't beat me any more then I am proud my nation-state didn't.

&gt; Yes, there are horrible things that happen because of my nation, but at the same time, just the fact that I have the ability to hear about those things and disagree with them is something that even in the world today is not a right given to everyone.

Again... I am not going to be proud about not being aggressed against. 99.999% of the world hasn't aggressed against me, I owe them nothing except to return the favor.

&gt; My patriotism is not based on some false sense of accomplishment of me feeling like because of my luck being born American I can take credit for my country's achievements.

I don't consider that patriotism then. I am proud of people of multiple nationalities and a patriot of none of them.

&gt; Secondly, I am not just born near this country. I am part of this country as well. I think it is highly cynical to view yourself as a separate entity from your country

I am an anarchist. Would you accuse a German living in 1940 of being a Nazi despite their total rejection of Nazism? (Not to compare apples and oranges, but I just wish to make it possible to view the state from my shoes)

&gt; Having a view that patriotism is like rooting for a sports team gives an argument to absolve yourself from responsibility to your country.

I have no responsibility to the nation-state I was coincidentally born under.

&gt; That's what being a team is. You are an individual who is just as much a part of the team as anyone else. Be the change you want to see instead of blaming what happens on people who you have no control over.

This is just nationalistic propaganda. I am the change I want to see, and I am not responsible for what my captors do to me or others despite what you or they wish to claim.","What do you mean you're ""proud of the playstation 4?""",question,gold_300,9,0.0,0.0,0.1111111111111111,0.2222222222222222,False,False,False,False,False,405,0.007407407407407408,0.04197530864197531,0.01728395061728395,0.06172839506172839,True,False,True,True,False
I should have been more specific. I meant life and accident insurance (not sure what you'd call that in English),I didn't actually know that! How much did it go up by if you don't mind me asking?,question,gold_300,18,0.0,0.1111111111111111,0.1111111111111111,0.05555555555555555,False,False,True,False,True,20,0.0,0.05,0.05,0.0,False,False,True,False,False
Yahoo!  Thanks!,Happy 100_!,agree,gold_300,1,0.0,0.0,0.0,0.0,False,True,False,False,False,2,0.0,0.0,0.0,0.0,False,True,False,False,False
"Well it's not like the government goes and randomly selects men to ""force"" this injustice of caring for your own child onto.","Except when they do...

http://www.huffingtonpost.com/2013/07/29/child-support_n_3672474.html

http://townhall.com/columnists/rachelalexander/2013/03/25/jailed-for-nonpayment-of-child-support--but-its-not-his-child-n1548325/page/full

etc.",disagree,gold_300,32,0.0625,0.03125,0.0,0.375,True,False,True,True,False,22,0.0,0.045454545454545456,0.045454545454545456,0.09090909090909091,False,False,True,False,False
"*Dark Souls* is just one game. Even if I did prefer that game with a controller, it wouldn't change my view that K&amp;M is, overall, the superior input method.

Edit: I also used a mod (I can't remember the name right now - it's been a few years) that really helped make the K&amp;M experience a lot smoother. I tried a few times with a controller and was notably worse in the game.","Dark souls shows there is no overall better scheme, it's game dependent.",disagree,gold_300,12,0.0,0.08333333333333333,0.08333333333333333,0.16666666666666666,False,False,True,False,False,76,0.0,0.02631578947368421,0.039473684210526314,0.05263157894736842,True,False,True,False,False
[Yes.](http://buttcoin.org/the-cargo-cult-of-bitcoin),...Well shit...,agree,gold_300,2,0.0,0.0,0.0,0.5,False,True,False,False,False,9,0.0,0.0,0.0,0.4444444444444444,False,False,False,False,False
"this. Nobody owes you anything.  Since OP used his own interactions as examples in this thread, I dont feel bad for pointing it out.  But women have to be more guarded with their social interactions, especially with what I'd call strangers.

Is it considerate for them to tell you their feelings?  yes of course.

Should they be obligated to do so?  With the risk involved in a woman outright rejecting a dude, I'd say no.  They should do whatever they feel like they need to in order to protect themselves.  Some will tell you, and some will not.  

To claim that you're owed an explanation is pretty egotistical.  Its not all about you braj.",here lays the truth,agree,gold_300,4,0.0,0.0,0.0,0.25,False,True,False,False,False,114,0.008771929824561403,0.03508771929824561,0.02631578947368421,0.09649122807017543,True,False,True,True,False
"I don't know and neither do you. Although I would point out that most volunteer fire fighters do the exact same training and certifications as professional fire fighters. I do know that there are large swaths of this country that without volunteers fighting fires there would not be sufficient response time for it to matter if they made things worse or not because the fire would have more than enough time to produce a total property loss. 

Anyone who's lived in a truly rural community for any length of time recognizes that ""professional"" help is simply something that will not be there in time, no matter what the emergency you're talking about it is. 

Ever been to northern St. Louis county in MN? The county has a population of about 200,000 people. About 160,000 of them live in and around Duluth.  It's 6,000 square miles of nothing. If you aren't next to Duluth, and you call emergency services, the wait may be measured in hours.",Good points.,agree,gold_300,2,0.0,0.0,0.0,0.5,False,True,False,False,False,162,0.006172839506172839,0.04938271604938271,0.030864197530864196,0.06790123456790123,True,False,True,True,False
There are more than 2 colours,Exactly. Not everything is black and white.,agree,gold_300,7,0.0,0.14285714285714285,0.0,0.0,False,False,True,False,False,5,0.0,0.0,0.0,0.2,False,True,False,False,False
"Sometimes it's both. Many medications associated with mental health have warnings that you may gain weight while taking them, as do birth controls and a host of other meds.",It's not both. It just isn't.,disagree,gold_300,6,0.0,0.3333333333333333,0.3333333333333333,0.0,False,False,True,False,False,29,0.0,0.0,0.034482758620689655,0.13793103448275862,False,False,False,False,False
"English has changed pronouns before.

No one says thee, thine, or ye anymore.",It's just you now.,disagree,gold_300,4,0.0,0.0,0.25,0.0,False,True,False,False,False,13,0.0,0.07692307692307693,0.0,0.38461538461538464,False,False,True,False,False
Has it occurred to you that you aren't entitled to have sex with people just because you exist?,Yes,agree,gold_300,1,0.0,0.0,0.0,0.0,False,True,False,False,False,18,0.0,0.05555555555555555,0.05555555555555555,0.1111111111111111,False,False,True,False,True
"James Franco recently got caught up trying to have sex with an extremely attractive 17 year old girl. His manner, to be fair, was boorish and very direct, asking her, simply, ""should I get a hotel room?"" skipping all the pleasantries. However, not only did she tell him she was 18, but in New York State 17 is legal age. 

There was an uproar from feminist groups, and the media in general, accusing Franco of being a pervert. He publicly apologized.

What should he apologize for? Wanting to have sex with a beautiful young girl?

The desire and drive to have sex with women is not only entirely normal, it's what society is based on. Youngness is attractive to men.

For society to be outraged at James Franco for wanting, and trying, to have sex with this girl is absurd. It's based on a fundamental lie, that men are not supposed to be attracted to women under a certain age. Sure, age limits should be respected in states where the age limit is 18, but when he's informed that she is 18, and even if she were 17 it would be legal, there is nothing to apologize for.

_____

&gt; *Hello, users of CMV! This is a footnote from your moderators. We'd just like to remind you of a couple of things. Firstly, please remember to* ***[read through our rules](http://www.reddit.com/r/changemyview/wiki/rules)***. *If you see a comment that has broken one, it is more effective to report it than just downvote it. Speaking of which,* ***[downvotes don't change views](http://www.reddit.com/r/changemyview/wiki/guidelines#wiki_upvoting.2Fdownvoting)****! If you are thinking about submitting a CMV yourself, please have a look through our* ***[popular topics wiki](http://www.reddit.com/r/changemyview/wiki/populartopics)*** *first. Any questions or concerns? Feel free to* ***[message us](http://www.reddit.com/message/compose?to=/r/changemyview)***. *Happy CMVing!*","Maybe it's not so much youth and beauty, but the fact that a woman of his own age can spot a douche bag/bullshit artist faster than a 17 year old.",disagree,gold_300,30,0.03333333333333333,0.03333333333333333,0.03333333333333333,0.03333333333333333,True,False,True,True,False,316,0.00949367088607595,0.015822784810126583,0.015822784810126583,0.16772151898734178,True,False,True,True,False
"Would you say surgeons should be breathalyzed every time they enter the OR, just in case? ",That would not be a bad idea actually.,agree,gold_300,8,0.0,0.125,0.0,0.0,False,False,True,False,False,16,0.0,0.0,0.0,0.125,False,False,False,False,True
"I read that whole thing, and I don't see anything comparing it to social problems and ease of living in Europe. Nor can I see how ""capitalism"" is the sole thing at fault here.",Slide 14. This is your future.,statement,gold_300,5,0.0,0.0,0.0,0.0,False,True,False,False,False,34,0.0,0.058823529411764705,0.029411764705882353,0.058823529411764705,True,False,True,False,False
"North Korea is more untrustworthy than the U.S., but that doesn't mean that just because the U.S. is more trustworthy than NK, it's trustworthy on an acceptable level.","If the US is ""completely untrustworthy,"" then that's logically impossible.",disagree,gold_300,10,0.0,0.0,0.1,0.0,False,False,False,False,False,30,0.03333333333333333,0.03333333333333333,0.06666666666666667,0.0,True,False,True,True,False
It's almost impossible to say a word there without the mods jumping on you with their little Hilter routine.  They ban people at the drop of a hat.,You have to play nice.  I've got three strikes against me myself but I figured it out.  And the mods AFAICT just decide whether to delete comments which others report.,disagree,gold_300,30,0.03333333333333333,0.0,0.03333333333333333,0.13333333333333333,True,False,False,True,False,28,0.0,0.0,0.03571428571428571,0.07142857142857142,False,False,False,False,False
"I am seeing more and more analog smokers swapping to ecigs, and honestly it has a very unique and social community built around them as well. Lots of smokers carry around extra eliquid to let people try their flavors. If you see another vaper, you have something to talk about. However, confused people come up all the time asking about it as well. Although many places allow you to smoke ecigs inside where I live people often go outside to curb confusion and also just out of habit.","Adding to this, the lack of second hand smoke also allows other people to follow and socialize without having allergic reactions.",statement,gold_300,21,0.0,0.0,0.0,0.14285714285714285,False,False,False,False,False,88,0.022727272727272728,0.0,0.0,0.125,True,False,False,True,False
"Maybe I'm reading this wrong, but it seems to me that you are conflating *scientific* ideas and *intellectual* ideas.


I agree that scientific dialog must stick to falsifiable claims.  But I disagree that intellectual thought must be scientific.  Philosophy often deals with non-falsifiable ideas.


I think u/Superkeys' point was that critical thinking *must* lead you to the conclusion that we cannot know one way or the other.  *Knowing* that god does not exist is as illogical as *knowing* that god exists.


Sorry if I misread your argument.",You are correct.,agree,gold_300,3,0.0,0.0,0.0,0.0,False,True,False,False,False,89,0.02247191011235955,0.02247191011235955,0.011235955056179775,0.10112359550561797,True,False,True,True,False
"Edit: I just realized that there's a Popular Topic archive with this topic in it. I'm not sure if the mods are supposed to leave this one or remove it, but I'll be reading through some of the older versions of this topic.

Let me preface this by saying that I'm not okay with raping babies. However, the idea of moral relativity, and the question, ""How far can we take it?"" are troubling ones. I've done some careful thinking and I believe that there are no objective morals at all. I'm interested in hearing what others think of my case, and equally interested in hearing theirs.

Basically, my case for complete moral relativity is this:

* Human perception of morality varies wildly based on time, place, situation, and who you ask. For example, many of the moral guidelines described in religious texts would be completely unacceptable today, but back then they were the norm. We don't consider people from those eras of those religions ""evil,"" even if we do say they are misguided. Therefore, it follows that morality must depend on context.

* As another example, I once had a very heated argument with a religious friend who claimed that cannibalism was objectively wrong. It is disrespectful to the dead. However, some cultures consider eating your dead a way of showing respect. It does not seem fair to call these people ""evil"" for doing what their culture does. In addition, if a person's survival depends on cannibalism, it does not seem fair to call them evil to prioritize their own life over the sanctity of a corpse. Therefore, even things that ""feel"" wrong to us, like eating human flesh, cannot be.

* Humans do not agree on moral issues. Euthanasia, abortion, and war are controversial issues. If morality were objective, we would all agree on these issues.

* Legality is a human construct, and is an attempt to enforce objective morality onto a relatively moral world. This is why the law is not always right. For example, criminals can sometimes get away with their actions by finding a loophole, and innocent people can be punished for breaking the law, even when it seems obvious that their actions were not immoral and did not present any significant danger to anyone. Therefore, objective morality cannot work in the real world.

* Human morality often reflects evolution. (And evolution can be used to explain certain ""objective"" morals) We intuitively value altruism because it is good for the population. We despise child abuse because we have an instinctive urge to protect our young. Most, if not all, of the things we consider ""objectively wrong"" are things that are harmful, to the individual or to the whole. It's probable, therefore, that a different civilization evolved in different conditions would not follow our objective morality. We cannot safely consider them ""evil,"" so we must conclude that even if their morality is completely different from ours, they are still just as morally correct.

* To use an example from popular culture, the Formics from Ender's Game possess no free will on an individual level, and do not consider killing morally wrong. Humans hold free will and agency in high regard, yet the Formics do not, and even a seemingly objective moral rule, ""Don't kill people,"" is not universal. However, as the author demonstrates, this does not make them evil. It just means that finding common morals is very difficult, if possible at all.

From this case, it seems that the only possible moral code is that there isn't one; Morality is determined by those it concerns. Child abuse, rape, murder, stealing, these things are wrong *because we consider them wrong*, and because they are harmful to us. Objective morality of any kind cannot exist.

This is not to say that I believe serial killers are just as moral as saints. It is clear that morals are necessary to the structure of society. We still must stop criminals who are harmful to society, even if we are unclear on the most moral way to go about doing so. We still must have moral standards, to help individuals get along with each other and keep humans happy. However, we have to accept that objective morality is inherently flawed.

Edit: I've gotten some very good replies, and I'm answering all I can. I think I've arrived at the following conclusion:

Morality cannot be thought of as strictly objective or relative. Instead, there are certain things that almost all humans can agree are immoral, such as murder and rape, so they are objectively wrong. These are usually defined by what is beneficial to humanity's survival. On the other hand, there are some things that are, at least at the moment, impossible to objectively determine as right or wrong, and for these we have to rely on personal experience and careful reflection until we have a better way of deciding.

So I have changed my view a little, and I'm working on refining this into something a little clearer. Thank you guys for your input.
_____

&gt; *Hello, users of CMV! This is a footnote from your moderators. We'd just like to remind you of a couple of things. Firstly, please remember to* ***[read through our rules](http://www.reddit.com/r/changemyview/wiki/rules)***. *If you see a comment that has broken one, it is more effective to report it than downvote it. Speaking of which,* ***[downvotes don't change views](http://www.reddit.com/r/changemyview/wiki/guidelines#wiki_upvoting.2Fdownvoting)****! If you are thinking about submitting a CMV yourself, please have a look through our* ***[popular topics wiki](http://www.reddit.com/r/changemyview/wiki/populartopics)*** *first. Any questions or concerns? Feel free to* ***[message us](http://www.reddit.com/message/compose?to=/r/changemyview)***. *Happy CMVing!*",Pretty much everything you said boils down to the cultural differences argument which is wrong. You should do some basic research before posting here.,disagree,gold_300,24,0.0,0.0,0.0,0.08333333333333333,False,False,False,False,False,960,0.010416666666666666,0.027083333333333334,0.019791666666666666,0.09791666666666667,True,False,True,True,False
Haters gonna hate.,Great counterargument. Clearly your logical reasoning and dialectical skills have been well honed through your schooling.,agree,gold_300,16,0.0,0.0,0.0,0.125,False,False,False,False,False,3,0.0,0.0,0.0,0.3333333333333333,False,True,False,False,False
"I've seen comments advocating anarchy as being preferable to having a state government regulate things. I can understand the frustration with the bureaucracy of the state, but the alternative, I feel, would be much, much worse. Lawlessness would run rampant. Infrastructure, especially interstate highways, would be neglected and fall into disrepair. **Can anybody tell me what practical benefits this political ideology has besides the rejection of a social contract?** I'd say I have a libertarian slant personally, I'm a US citizen, and I strongly disagree with my government on its spending and foreign policies. However anarchy would breed chaos, apathy, and selfishness in my opinion.",Let's start out by telling us what your definition of anarchy is.,question,gold_300,12,0.0,0.0,0.08333333333333333,0.0,False,False,False,False,False,105,0.01904761904761905,0.0,0.02857142857142857,0.08571428571428572,True,False,False,True,False
"You don't know much about drugs if you DONT think heroin is a recreational drug! 

This can shed some light: http://www.youtube.com/watch?v=-9huWlXFA1s","Holy shit, that is an incredibly accurate depiction.

It got a little exaggerated at the end (at least in my personal experience) - but the initial description is *spot on*.",agree,gold_300,29,0.034482758620689655,0.0,0.0,0.034482758620689655,False,False,False,True,False,28,0.0,0.03571428571428571,0.03571428571428571,0.21428571428571427,False,False,True,False,False
"I think that the president hasn't made any good decisions since he took office. I think he is the scum of America, downright Yelawolf style crook. If you can give me examples of some good things that he has done, that would suffice, I mean it's good to have an open mind and I don't want to seem purposefully ignorant. I'm surrounded by people who share the same ideals as I do, if you get what I mean. Can you name like 5 things he did well in?  

I live in New Jersey and I am 17 years old, I wish to gain an unbiased and factual answer for this.  Thank you.",He ended the war in Iraq.,statement,gold_300,6,0.0,0.0,0.0,0.0,False,False,False,False,False,110,0.0,0.01818181818181818,0.03636363636363636,0.06363636363636363,True,False,True,False,False
"That is a good point, which is why next time we play world police, we should avoid arming anyone we don't absolutely trust. We can learn from out mistakes.","But do we have good reason to believe that, as a country, we're qualified and competent enough to play world police without disastrous consequences?",question,gold_300,24,0.041666666666666664,0.0,0.041666666666666664,0.041666666666666664,False,False,False,True,True,29,0.0,0.034482758620689655,0.034482758620689655,0.034482758620689655,False,False,True,False,False
"Yes well that is why I made sure to specify ""competent"" and professional actors. Not to say that acting is not a skill, but simply that there is less variation in the quality of that skill than the variation in celebration for actors who managed to score particularly good roles.","What about Meryl Streep? She gets Oscar noms for almost every performance in films- the film can be good, bad, or mediocre, buts she's always award-winning caliber.",disagree,gold_300,28,0.0,0.0,0.03571428571428571,0.14285714285714285,False,False,False,False,False,50,0.02,0.04,0.0,0.08,True,False,True,True,False
"You wouldn't happen to be British, would you? PANTYDROP.",Why yes. Yes I am.,agree,gold_300,5,0.0,0.0,0.0,0.0,False,True,False,False,False,9,0.0,0.1111111111111111,0.1111111111111111,0.0,False,False,True,False,False
Is it not lazy and selfish to place the responsibility on a single person? What's selfish about trying to evenly distribute the work load?,Something can be both selfish and fair.,disagree,gold_300,7,0.0,0.0,0.0,0.0,False,False,False,False,False,24,0.0,0.041666666666666664,0.041666666666666664,0.0,False,False,True,False,True
"Title is fairly self explanatory. The latest front page post of the sticker that says ""Guns don't kill people, people with God kill people"" has led me to write this CMV.

I am not a religious man, so I don't feel this is a biased CMV.

I feel saying ""Gun's don't kill people, People with God kill people"" is equal to a religious person saying ""Guns don't kill people, people *without* God kill people"".

I feel /r/atheism is an extreme side of Atheism, and is as evil as an extreme religious sect. It harbours hatred towards a particular group of people; people who hold a different life view than their own. 

Change my view.",No one has to change your view because your absolutely right,agree,gold_300,11,0.0,0.09090909090909091,0.0,0.09090909090909091,False,False,True,False,False,115,0.0,0.043478260869565216,0.043478260869565216,0.034782608695652174,True,False,True,False,False
"If your view was changed, you should award a delta.

Not that /u/Amablue is hurting for them, of course.",RAWR FEED ME YOUR DELTAS,statement,gold_300,5,0.0,0.0,0.0,0.0,False,True,False,False,False,20,0.0,0.05,0.0,0.05,False,False,True,False,False
Complexity != worth. Dungeons and Dragons is complex - I don't expect a college department dedicated to it.,"No, it doesn't equal worth, but most of your complaints about ""worthless"" academic pursuits seem to grossly oversimplifying or completely misunderstanding those fields.",disagree,gold_300,23,0.043478260869565216,0.08695652173913043,0.043478260869565216,0.17391304347826086,False,False,True,True,False,16,0.0,0.0625,0.0625,0.0625,False,False,True,False,False
The forcing of people to disclose their private medical information is a breach of ethics.,I never said force. This would be consented to.,disagree,gold_300,9,0.0,0.1111111111111111,0.0,0.1111111111111111,False,False,True,False,False,15,0.0,0.0,0.0,0.0,False,False,False,False,False
"I assumed you were using that article as an effort to be against gay marriage, if I'm wrong then I apologize.",Nope.  Just an amusing article.,disagree,gold_300,5,0.0,0.0,0.0,0.0,False,True,False,False,False,21,0.0,0.0,0.047619047619047616,0.047619047619047616,False,False,False,False,False
"&gt;Do you have a different type of truth in mind?

Not particularly, we can just stick with moral truths. The point is that if you're open to more than one kind of truth, then unless physics studies them all equally well, it is only one particular tool in the toolbox.


&gt;That's why the phrase ""shared characteristics"" is important. What are the characteristics shared by organism, governments, and economies? They are all extensions of the fundamental laws of physics. Both physics and philosophy attempts to make general theories of truth. Neither cares much about the specifics that political science and biology describe. 

But we don't use physics to describe such phenomena, and I rather doubt most physicists are even all that interested in doing so. The level of analysis we use matters - otherwise all physics would just atomic and quantum-scale phenomena, at least until the unified theory comes about.",I'm not sure I'm following you. Physics isn't interested in the characteristics shared by all existing things?,question,gold_300,17,0.0,0.11764705882352941,0.17647058823529413,0.23529411764705882,False,False,True,False,True,151,0.006622516556291391,0.019867549668874173,0.019867549668874173,0.10596026490066225,True,False,True,True,False
You're not really refuting anything I said are you?,I kind of agreed with you; that rights are as about as real as morals.,agree,gold_300,15,0.0,0.0,0.0,0.06666666666666667,False,False,False,False,False,9,0.0,0.1111111111111111,0.1111111111111111,0.1111111111111111,False,False,True,False,True
"Disorders are defined and classified by the distress and/or harm they cause to themselves or others.

At this point, homosexuals do not harm others with their orientation, and for the most part it does not cause themselves distress to be homosexual (once they are 'out' and accepting of what they are).

For a pedophile, they have the potential to harm others (the children), and if they are not acting on those feelings and urges it is likely causing them some level of distress.  So either we would want to forcibly give treatment (if they attempted to indulge in their urges), or they would likely want treatment to help them cope with the attraction.

It's really that simple.

edit: The main point to take away from my post is that in our society, we don't allow pedophiles to act out on their urges, and I would argue that not being able to act on your sexual urges would definitely cause distress. So either pedophiles ARE acting out on their urges (which is basically rape in our society, since children can't give consent), or they are NOT, in which case I would imagine they would be feeling distress and would like help. To my understanding, that's enough to classify it as a disorder (though I dislike the negative connotations that disorder has).","how do I award a delta?

like this: &amp;#8710;",question,gold_300,9,0.0,0.0,0.0,0.1111111111111111,False,False,False,False,False,221,0.004524886877828055,0.03167420814479638,0.01809954751131222,0.09049773755656108,True,False,True,True,False
"Saying that someone ""decides"" to be transsexual is like saying that someone ""decides"" to be homosexual. You would never ask someone ""so when did you decide that you were cis?""",Why wouldn't you? It makes sense to.,question,gold_300,7,0.0,0.14285714285714285,0.14285714285714285,0.14285714285714285,False,False,True,False,False,30,0.0,0.03333333333333333,0.0,0.13333333333333333,True,False,True,False,False
"&gt; it's always the inertia of unaffected groups that hold things back

/u/CastrolGTX says it pretty well here.  Not to invoke Godwin's Law meaninglessly, I find NiemÃ¶ller's quote apt in explaining this mentality quite well:

&gt; First they came for the Socialists, and I did not speak out _ Because I was not a Socialist.

&gt; Then they came for the Trade Unionists, and I did not speak out _ Because I was not a Trade Unionist.

&gt; Then they came for the Jews, and I did not speak out _ Because I was not a Jew.

&gt; Then they came for me__nd there was no one left to speak for me.

If we only fight for what affects us, we doom each other to oppression.  As someone with a significant amount of power, assigned effectively by lottery of birth, I feel it's important to be outspoken, even if it doesn't affect me.

Further, my parents are Deaf, which is an invisible minority - I feel like it opened my eyes to how differently people treat ""normal"" people, vs a minority quite early.  The ignorance &amp; oppression can be quite shocking when you're used to how you get treated as a white male.

/stepping off my soapbox now",As long as you're aware white males get treated badly too and not painting an us vs them picture where white males are always the villain.,disagree,gold_300,26,0.0,0.038461538461538464,0.038461538461538464,0.11538461538461539,False,False,True,False,False,207,0.0,0.043478260869565216,0.028985507246376812,0.043478260869565216,True,False,True,False,False
"Modern society is comparable to an all-you-can-eat buffet. You being born in a first-world country is comparable to you gaining access to this buffet because someone lends you the entrance fee. If you refuse to pay taxes, it means that you don't want to pay this entrance fee back. 

""But I am not even eating right now!"". Doesn't matter, you can if you want to. I don't think you are going to refuse emergency services, firemen, or FEMA aid if you are about to need their services. Government is acting as an agent of society to make you pay back what was given to you. You have to acknowledge this debt.

Agreement to anything doesn't play a role. You didn't agree to getting born, nor to dying later on either. Or getting sick, or in an accident.

Your parents decided to sign you up for this buffet. They could have emigrated to Somalia or any other failed state, and you would now enjoy a tax-free life. Or, to stay within the example, to not opt for the buffet. 

Instead, they chose to pay the entrance fee with a loan in your name. Remember, it's your debt. It's incurred for the potential options, not for the actual eating. You are already in the room, any action whatsoever won't change that. You can refuse to contribute, simply by not earning anything. This doesn't change that you have a debt which you still are responsible for paying. If you don't, you are dodging your debt and your responsibility.

If you make a million $ and pay $330,000 of taxes, it's not that someone took your hard-earned money away. Compare with a no-tax situation in a failed state, where you live in a hut in the wilderness. Without all the support you have now and take for granted, you would be able to make maybe $10 / day as the smartest guy, when all others around make $1 / day. 

Not unrealistic for failed states where you don't have to pay taxes. Remember, clay huts with a well. You were able to make an additional $999,700 *only* because you are in the US and not in Somalia. Society is your dormant partner in this business venture and supplied the infrastructure, for this they demand $1 for every $3 you make. Sounds fair, and you need to recognize this partnership.

It's an investment in you from your dormant partner, society, which made all you can achieve possible. Taxes are the payout to your dormant partner, and government acts as a proxy to collect this debt. The debt originates from society. It builds with the generations.

This is way it's justified to tax, and why I feel good doing so. This enables our successors to do the same.

EDIT: A special welcome to all the brigadeers from /r/shitstatistssay/omments/31srt9/society_is_the_silent_partner_that_makes/ . Aren't you tired of the same old arguments? I swear, I heard the thing with the bum and the windshield now the third time. Didn't get any more relevant. Same for all your other BS. 
_____

&gt; *Hello, users of CMV! This is a footnote from your moderators. We'd just like to remind you of a couple of things. Firstly, please remember to* ***[read through our rules](http://www.reddit.com/r/changemyview/wiki/rules)***. *If you see a comment that has broken one, it is more effective to report it than downvote it. Speaking of which,* ***[downvotes don't change views](http://www.reddit.com/r/changemyview/wiki/guidelines#wiki_upvoting.2Fdownvoting)****! If you are thinking about submitting a CMV yourself, please have a look through our* ***[popular topics wiki](http://www.reddit.com/r/changemyview/wiki/populartopics)*** *first. Any questions or concerns? Feel free to* ***[message us](http://www.reddit.com/message/compose?to=/r/changemyview)***. *Happy CMVing!*","Don't shove your trumped up morals onto me, maaaaan.",disagree,gold_300,9,0.0,0.1111111111111111,0.1111111111111111,0.2222222222222222,False,False,True,False,False,638,0.003134796238244514,0.032915360501567396,0.02821316614420063,0.12225705329153605,True,False,True,True,False
"Thanks for the put down, does it make you feel superior?",You tried to make OP look like an ass by assuming an unnecessary and absurd level of complexity.l,statement,gold_300,19,0.0,0.0,0.0,0.0,False,False,False,False,False,11,0.0,0.0,0.0,0.0,False,False,False,False,True
"As always, it depends on the arena you're talking about. I don't care what immigrants do on their own time but when they interact with me I expect them to act appropriately.","what on earth does ""act appropriately"" mean",question,gold_300,7,0.0,0.0,0.0,0.0,False,False,False,False,False,32,0.03125,0.03125,0.0625,0.0625,True,False,True,True,False
Can you give deltas when you still agree with the OP?,"You can give a delta to any post that changes your view, be it towards OP's view or against it.",statement,gold_300,20,0.0,0.0,0.05,0.05,False,False,False,False,False,11,0.09090909090909091,0.0,0.0,0.09090909090909091,False,False,False,True,True
"Yours too but it doesn't matters for me now :
                     
                  
I changed my view","No, it's not his. The burden of proof falls on you, because *you* made the claim that ""most of the time they don't""",disagree,gold_300,23,0.0,0.13043478260869565,0.08695652173913043,0.043478260869565216,False,False,True,False,False,13,0.07692307692307693,0.07692307692307693,0.07692307692307693,0.15384615384615385,False,False,True,True,False
"Same with a 'normal' diet though. Fortified breads, fortified milk, fortified meats. We do not live in a society where our food is 'natural' no matter what your diet looks like.","Right, but omnivores can still thrive without fortified foods. Vegans cannot be healthy on strictly herbivorous diets without supplements.",disagree,gold_300,19,0.10526315789473684,0.05263157894736842,0.0,0.2631578947368421,False,False,True,True,False,31,0.03225806451612903,0.06451612903225806,0.0,0.16129032258064516,True,False,True,True,False
"Or we could accept that sometimes things are named in slightly inaccurate ways. What type of discussion do you think would actually fit on r/atheism? 

Atheism is extremely nebulous and really the only thing that all Atheist have in common is rejection of religion. Rejection isn't really a topic for discussion (""You don't believe in bearded sky men either? Cool! We should hang out!""). Frustration is the natural result of rejecting religion in places where religion has a strong influence. It is the closest thing to a universal Atheistic experience that I can think of.",Then the sub is just hateful? Thank you for proving OP correct.,disagree,gold_300,12,0.0,0.0,0.0,0.0,False,False,False,False,False,96,0.0,0.020833333333333332,0.020833333333333332,0.07291666666666667,True,False,True,False,False
"The US Government should provide READING incentives to encourage an increase in general population KNOWLEDGE. 

Fixed it.","I fail to understand. Are you insulting me, or simply commenting that we should focus on education instead? Because this program and education reform are not mutually exclusive.",question,gold_300,28,0.0,0.03571428571428571,0.0,0.03571428571428571,False,False,True,False,False,17,0.0,0.0,0.0,0.058823529411764705,False,False,False,False,False
"In this context, it sounds like you're suggesting that I (a) get sterilized and (b) provide proof of sterilization to my employer in order to get a job.

What the hell sort of Brave New World do you live in, buddy?","Reddit's dream world :)

AKA Reddit island :)",statement,gold_300,6,0.0,0.0,0.16666666666666666,0.0,False,False,False,False,False,41,0.0,0.0,0.024390243902439025,0.04878048780487805,True,False,False,False,True
"The medical nomenclature is not mentally retarded, it's intellectually disabled","Not in America, it isn't.",disagree,gold_300,5,0.0,0.4,0.2,0.0,False,True,True,False,False,10,0.0,0.1,0.1,0.0,False,False,True,False,False
"Yes. Yes it is. I believe in rugged individualism. The gun isn't that important, its a piece of metal and polymer. I believe in a human being's right to determine their own fate and am willing to go to the ends of the earth to defend that right.

If the punishment for owning a gun was a fine, similar to a speeding ticket; I would pay the fine with a smile and a laugh... which is exactly what I do with speeding tickets now. If the punishment was death, I would fight to it.",That's intense. Give me life over that liberty any day.,disagree,gold_300,10,0.0,0.0,0.1,0.0,False,False,False,False,False,94,0.0,0.010638297872340425,0.02127659574468085,0.031914893617021274,True,False,True,False,False
"As I move up in society (corporate jobs,education etc.), I've noticed more white people speaking in black ebonics to me. I'm sure most of its fun and games, because in America white people make fun of other white people and other races all the time (archer, trailer park boys, reno 911, etc.) As do black people, we're all people, but I guess when white people do it, it makes me self-conscious. Do I sound like I just got out the 'hood or plantation? lol I'm pretty sure I couldn't have even gotten an interview if I spoke like lil' Montrell up the street haha. A lot of my friends say women do it to flirt, or be cool. Is this the case? I'm not trying to make anyone feel guilty, just probing into the psyche of American minds. I'm just not sure how to respond, other than join in the fun of poking fun at stereotypes or just going introverted and running away like Napolean Dynamite... please CMV","It may be the [Chameleon effect](http://www.ncbi.nlm.nih.gov/pubmed/10402679) taking place. Aside from mimicking mannerisms, the chameleon effect also induces people to copy the other's accent.",statement,gold_300,30,0.0,0.0,0.03333333333333333,0.3333333333333333,True,False,False,False,False,169,0.005917159763313609,0.01775147928994083,0.04142011834319527,0.10059171597633136,True,False,True,True,False
"Let's assume that we have a CEO of a fortune 500 company, according to the AFL-CIO, in the top 100 highest paid of 2012-2013, all of them made between 15M-75M from salary and bonuses.  The lowest paid employees in their company maybe made $20k.  Ball park, that means that the CEO is 1000 times more valuable than her lowest paid janitor...

This speaks to me of a kind of hubris and greed that reasons in the following way:  The three of us work together, and all make 50k/yr.  At the end of the year, I'm promoted to 'manager' of the two remaining workers.  Now, it's not 'fair' for us all to still be paid the same, after all I'm in charge.  So take the same budget, $150k, and now I'm the 'boss' so I make 80k and so all that's left for the two people I manage is $35k each.  Repeat this say 4 or 5 times through middle and upper management, and we arrive at a situation like were in today.  Huge executive compensation, but why?

Now, if the maximum salary in the company was 60k and I was offered a promotion to manager, would I somehow be less inclined to take it? What about the next jump, to 70k? and the next to 80? Why isn't it enough that my decisions are now guiding and leading the group and I have received a small merit increase?  Why should I also make  ~50% to double what the people who report to me are making?

Why rely on a tax system to progressively tax higher incomes to provide services, rather impose a moral code that says companies may not salary(+bonuses) their employees at higher than a net total of 150k/yr during a 40 year career? [that is, liquid net worth should be &lt; 6M and our salary scale should be re-adjusted such that a diligent worker hits this 6M mark after 40 years, while a very hard worker could do it in 20-25).  Also, consider the studies that have shown people who make more than $80k/yr report to being just as happy and satisfied as people who make $800k/yr

Now I'd be willing to consider exemptions for Pro-athletes, or other 'time dependent' jobs (artist, architect etc) could still make nearly a million dollars per year, since their 'careers' when they are making a large amount of money could be relatively short.  I'm not convinced that the athletes who make 10s of millions work or train 10 times harder than a teammate who makes 250k/yr.  Or that the artist who manages to sell his painting for 1M worked a lot harder than the artist who sells it for $1,000

That is, I think that monetary value is inherently subjective and that we don't usefully understand the systems that determine the price of a good, or an appropriate salary for work performed. For example, [how much should it cost per night to board a dog?](http://dogvacay.com/)  In this case, regulation is needed.

Lastly, I think once you start making a large amount of money, it becomes nearly impossible to see how you 'aren't worth this much' and so it is up to society to provide the framework we can all agree to before we know how lucky, or talented we might be.


Ok but there's a huge problem; lots of people already have net worth more than 6M, or are paid way more than 150k/yr... and how do we handle telling them?

with that, CMV.

Obviously, since i just brought it up, I'm not that interested in counter arguments about how impractical such a change is/would be.  I'm asking for CMV arguments that look at why a maximum salary has little merit and so, why financial motivation is so strong a driver, despite the evidence that it does not making people any happier.

EDIT1: people seem to be arguing that it's not the payee, but the payer who has the moral or ethical obligation here.  What I'm looking for in the CMV is an compelling ethical argument that provides evidence that paying higher salaries yields some MORE good in the world than the inequality it creates.  That society is better off because people can be paid arbitrarily high salaries. I'm asking for someone to convincingly honestly articulate a Gordon Gekko 'Greed is good' point of view.

Edit2: Thanks for all the responses.  I'll get back to more of you tomorrow.

Edit3: People are hung up or think that by saying there is an ethical limit, that implies a legal limit, or a taxable limit.  This is not the case.  People can continue to request huge salaries, and companies will continue to pay them. My point is that their behavior (by me) is viewed as unethical.  Why should I think that because the market will pay them that salary that they should accept it?  What imbues the market with knowledge of what is right and wrong, rather than what 'can be done'?  All things that can be done, shouldn't.

Edit4:  Well, 500+ comments later, and I only awarded two __... However, this has been really interesting and stimulating. So thanks everyone.  I went through and upvoted all the top posts because I did want to thank everyone in some small way for participating.  I think my biggest take-away is that lots of you think that growth and/or efficiency are inherently good.  I readily admit to being skeptical.  I think that measured growth is good/necessary, but like nature, only so much growth should be allowable before some other check should come in.
_____

&gt; *Hello, users of CMV! This is a footnote from your moderators. We'd just like to remind you of a couple of things. Firstly, please remember to* ***[read through our rules](http://www.reddit.com/r/changemyview/wiki/rules)***. *If you see a comment that has broken one, it is more effective to report it than downvote it. Speaking of which,* ***[downvotes don't change views](http://www.reddit.com/r/changemyview/wiki/guidelines#wiki_upvoting.2Fdownvoting)****! If you are thinking about submitting a CMV yourself, please have a look through our* ***[popular topics wiki](http://www.reddit.com/r/changemyview/wiki/populartopics)*** *first. Any questions or concerns? Feel free to* ***[message us](http://www.reddit.com/message/compose?to=/r/changemyview)***. *Happy CMVing!*",They get paid in proportion to how much money they make the company or organization they work for,disagree,gold_300,18,0.0,0.0,0.0,0.05555555555555555,False,False,False,False,False,1053,0.006647673314339981,0.011396011396011397,0.019943019943019943,0.10731244064577398,True,False,True,True,False
"&gt; There's nothing wrong with being ""men-oriented"", except


I stopped reading when you said ""except"".

I am a man,  there is **nothing** wrong with something being ""oriented to men"" period. Don't try to shame me for being male.","I never did. I *did* shame you for excluding other men from your definition of ""being male"".",disagree,gold_300,17,0.0,0.058823529411764705,0.0,0.0,False,False,True,False,False,39,0.05128205128205128,0.07692307692307693,0.05128205128205128,0.05128205128205128,True,False,True,True,False
Never been a fan of hops personally. I try to IBU scale and enjoy more fruity flavors.,Tillermans kriek cherry lambic is a god.,statement,gold_300,7,0.0,0.0,0.0,0.2857142857142857,False,False,False,False,False,17,0.0,0.058823529411764705,0.0,0.11764705882352941,False,False,True,False,False
"The problem here is that the Britannica used subject matter experts to create its entries and once written, the entry didn't change very often. There's no such assurance about the expertise of anyone who has written a Wikipedia entry and no guarantee that the Wikipedia entry I look at following your citation is the same entry that you used, since it's potentially subject to editing every day.",That latter point is a very good one.  Thanks very much for your response.,agree,gold_300,14,0.0,0.0,0.0,0.0,False,False,False,False,False,67,0.0,0.04477611940298507,0.04477611940298507,0.07462686567164178,True,False,True,False,False
"In the title of your post, you say that they are put into films to make them appear smarter. If /u/bluefyre73 challenges that part of the view, he's challenging your view. You made the ""why"" part of your view when you put it in the title.","You are right, I changed my post.",agree,gold_300,7,0.0,0.0,0.0,0.14285714285714285,False,False,False,False,False,47,0.0,0.0,0.02127659574468085,0.10638297872340426,True,False,False,False,False
My bad,kiss?,question,gold_300,1,0.0,0.0,0.0,0.0,False,True,False,False,True,2,0.0,0.0,0.0,0.0,False,True,False,False,False
"Because that's like comparing apples to hand lotion. There are so many different forms of art out there, but let's just look at 3 of them to make this easy: music, fictional novels, and 2-D paintings. Which of these is the best?

No, I don't mean which do you like more, I mean which of those is *objectively* the best form of art? Which one has the highest ability to convoke emotions or bring about change?

That's an impossible argument to make as all 3 of those art form effect different responses in different people. You can't ranks them.

Now, you can rank the members of an art class (ex: the Mona Lisa is superior to a child's finger painting) but that's not what you're talking about.",Novels.,disagree,gold_300,1,0.0,0.0,0.0,0.0,False,True,False,False,False,125,0.016,0.032,0.064,0.08,True,False,True,True,False
"Regular night clubs like you describe are shit IMO.

Try finding a smaller venue that's more underground, and is there for providing great music, not people hooking up.

A small venue with an amazing dj playing deep house is literally my element, and I'm an introverted INTP. I'll dance from the second I step in that door, to the second I leave. I feel at home.",I love that!,agree,gold_300,3,0.0,0.0,0.0,0.0,False,True,False,False,False,66,0.0,0.015151515151515152,0.045454545454545456,0.06060606060606061,True,False,True,False,False
What exactly is a religious fallacy?,Something he made up to justify his traditional beliefs,statement,gold_300,9,0.0,0.0,0.0,0.1111111111111111,False,False,False,False,False,6,0.0,0.0,0.0,0.0,False,False,False,False,True
"On the topic of the French Revolution: in history classes, it's sometimes mentioned that some historians don't view the American Revolution as a real revolution bc it kept a lot of existing class structures the same, just without British rule, while they laud the destination (but definitely not the journey) of the French Revolution, since it resulted in big changes in how the government was set up (moving away from the 3 estates). So it might be possible that you took that and kind of ran with it a bit, since I'm pretty sure that most don't view the French Revolution in nearly as good terms as the American one",that was more than likely the case.,agree,gold_300,7,0.0,0.0,0.0,0.0,False,False,False,False,False,109,0.009174311926605505,0.027522935779816515,0.03669724770642202,0.07339449541284404,True,False,True,True,False
"I often read argument Reddit or with my American friends (I am Canadian) where people reference the Founding Fathers and the constitution. These people always talk about present day politicians as scummy and untrustworthy, while talking about the Founding Fathers like they could do no wrong and have the ultimate perfect opinion. The way I see it...they're politicians too. Now, I don't have such a bleak view of politicians as some; I think politicians are people and as such they can do great things or make mistakes.  I just don't think it's healthy to think that every word out of the Founding Fathers mouths is pure gospel. They can make mistakes, and a few hundred years is a long time for the world to change around their words.

This has come up a lot with recent gun debates. Redditors will talk about the right to bear arms and cite the Founding Fathers etc. 

Well.CMV",[There is a legal reason to figure out what the founding fathers' meant](http://en.wikipedia.org/wiki/Originalism),disagree,gold_300,19,0.0,0.0,0.0,0.21052631578947367,False,False,False,False,False,156,0.0,0.019230769230769232,0.02564102564102564,0.08974358974358974,True,False,True,False,False
"I'm sure you can imagine circumstances in which you'd want to do this. For example, my PC is hooked up to my TV.","I do that with my laptop, I love it",agree,gold_300,9,0.0,0.0,0.0,0.1111111111111111,False,False,False,False,False,23,0.0,0.0,0.08695652173913043,0.043478260869565216,False,False,False,False,False
"You really aren't trying to have a productive conversation, are you? One-sentence counterargument and a reassertion of your point?",Verbosity isn't the path to being correct.,disagree,gold_300,7,0.0,0.14285714285714285,0.14285714285714285,0.0,False,False,True,False,False,20,0.0,0.05,0.05,0.0,False,False,True,False,True
"Duvergers law is a recognized fact of political and behavioral science, and no amount of victim-blaming can change the way the vast majority of the people are going to think.","Then don't do anything about it. The situation is obviously hopeless. (Really though, victim blaming. Unbelievable...)",statement,gold_300,16,0.0625,0.0625,0.0625,0.0,False,False,True,True,False,31,0.0,0.03225806451612903,0.0,0.03225806451612903,True,False,True,False,False
"_ Well done, good sir. For the lowly peasants of the world, perhaps the pancake (maybe renamed to the peasantcake) is the superior choice.",Such plebs,agree,gold_300,2,0.0,0.0,0.0,0.0,False,True,False,False,False,23,0.0,0.0,0.0,0.13043478260869565,False,False,False,False,False
"&gt; you equivocate egalitarians to white supremacists

Just as a friendly heads up:  http://en.wikipedia.org/wiki/Equivocation

You were looking for ""equate"".","Thanks, boo",statement,gold_300,2,0.0,0.0,0.0,0.0,False,True,False,False,False,24,0.0,0.0,0.0,0.2916666666666667,False,False,False,False,False
"Hardly reckless? You seriously underestimate how much damage a 4000+ pound machine can do, even driving at 40 mph, which is a relatively low speed.

&gt;People have real lives and shit to do.

And I don't? Good to know.","If you're going the speed limit the majority of the time, you clearly don't have much to do.",disagree,gold_300,18,0.0,0.05555555555555555,0.1111111111111111,0.0,False,False,True,False,False,38,0.0,0.02631578947368421,0.02631578947368421,0.07894736842105263,True,False,True,False,False
Source?,"Here's a couple papers (warning, both PDFs):

http://www.minneapolisfed.org/research/prescott/papers/LaborSupply.pdf

http://eml.berkeley.edu/~saez/course/Hausman_Handbook.pdf

Edit to add a third that's more recent:

http://www.cbo.gov/sites/default/files/cbofiles/attachments/10-25-2012-Recent_Research_on_Labor_Supply_Elasticities.pdf",statement,gold_300,49,0.0,0.0,0.04081632653061224,0.46938775510204084,True,False,False,False,False,1,0.0,0.0,0.0,0.0,False,True,False,False,True
"In your opinion, what makes someone a particular gender, then?  You say *""sexual organs and hormones,""* but could you detail your view a bit more?","I think that gender is something you're born in to, and that it has nothing to do with how you identify.  A strictly scientific definition",statement,gold_300,25,0.0,0.04,0.04,0.04,False,False,True,False,False,25,0.04,0.0,0.0,0.12,False,False,False,True,True
"A huge part of the world issues stem from the fact that people can lie and get away with it.

To prevent people from lying, we have morals, ethics and principles, and the deterrent that is suposed to be the justice system.

I think it's fair to say the tools aforementioned are not working the way they should, as we all continue to lie on a day to day basis. And when the people with power lie, bad stuff likely happens.

I read somewhere here that cops with cameras strapped to their heads reduce police abuse by 90%. Well I'm proposing to make people abuse reduced by 90%.

If we were able to put google glasses or similar on eveyrone, AND everyone else could see the feed (otherwise just leaving a few people in charge of it would turn us into 1984), we would be initially ""forced"" to act like decent people, and we'd have a hard time adjusting at first but eventually it would be awesome.

Edit: This has been incredibly enriching, thank you so much. My view has changed, not because I don't choose privacy over potential wellness of the human population, but because everything humans builld can be hacked, and this doesn't work unless there's certainty that information assymetry is abolished. But I still believe we're heading towards a less private society, and it will be better to make the best of it.
_____

&gt; *Hello, users of CMV! This is a footnote from your moderators. We'd just like to remind you of a couple of things. Firstly, please remember to* ***[read through our rules](http://www.reddit.com/r/changemyview/wiki/rules)***. *If you see a comment that has broken one, it is more effective to report it than just downvote it. Speaking of which,* ***[downvotes don't change views](http://www.reddit.com/r/changemyview/wiki/guidelines#wiki_upvoting.2Fdownvoting)****! If you are thinking about submitting a CMV yourself, please have a look through our* ***[popular topics wiki](http://www.reddit.com/r/changemyview/wiki/populartopics)*** *first. Any questions or concerns? Feel free to* ***[message us](http://www.reddit.com/message/compose?to=/r/changemyview)***. *Happy CMVing!*","Writing a book, OP?",disagree,gold_300,4,0.0,0.0,0.0,0.0,False,True,False,False,True,357,0.011204481792717087,0.014005602240896359,0.025210084033613446,0.17086834733893558,True,False,True,True,False
The recordings thing was stupid I admit that. I just didn't know how else to describe it. Its the feeling that matters not the scenario.,"lol I DO get you. And it is definitely uncomfortable but I just think that the word ""creepy"" is inappropriate. Awkward, socially uncomfortable, bad etiquette.",disagree,gold_300,25,0.04,0.0,0.0,0.04,False,False,False,True,False,25,0.0,0.08,0.04,0.08,False,False,True,False,False
"That is because being gay is not a disorder, it is a sexual preference, and shouldn't be treated in any way.

Being gay is not in any way comparable to being trans.

Truth be told, i don't give too much thought about the subject as it doesn't concern me at all. If theese people are happy living the way they do, then i wish them the best of luck.

But it is *not* biologically normal",Neither is being gay.  It leads to species suicide.,disagree,gold_300,9,0.0,0.1111111111111111,0.0,0.0,False,False,True,False,False,75,0.013333333333333334,0.08,0.04,0.04,True,False,True,True,False
I've had to rev my engine multiple times to warn drivers that I'm there that would have just clipped me otherwise.,There is a horn for that ...,disagree,gold_300,6,0.0,0.0,0.0,0.0,False,False,False,False,False,21,0.0,0.0,0.09523809523809523,0.047619047619047616,False,False,False,False,False
"Yeah, I'm seeing why using anecdotal evidence to ""disprove"" a positive correlation is totally wrong.

However, what if someone were to say:

A: Did you read that X is good for your health?

B: No, that can't be true. My grandfather got sick and died after he consumed X.

It could very well be possible that X made his grandfather sick right?

Edit: formatting","It could, but it is **not** evidence for that position in any way, unless they can point to a trend.",disagree,gold_300,20,0.05,0.05,0.0,0.0,False,False,True,True,False,64,0.015625,0.03125,0.03125,0.0625,True,False,True,True,False
You didn't answer his question. I'm curious if your answer.,"That question is irrelevant. A much more relevant one would be ""what will it take for people to actually read the *entire* post before asking stupid questions?""",disagree,gold_300,27,0.0,0.0,0.0,0.07407407407407407,False,False,False,False,False,10,0.0,0.1,0.2,0.0,False,False,True,False,False
"One thing that I never understood btw: If they stopped so much terror-attacks before they happened, why don't they publicize these successes? Surely, that would be a good way to demoralize potential terrorists, by showing them that others did not succeed.","My rationale was that it would somehow give away details about the methods that were used, which might be beyond what we think is available to them.",disagree,gold_300,27,0.0,0.0,0.0,0.07407407407407407,False,False,False,False,False,42,0.0,0.07142857142857142,0.023809523809523808,0.14285714285714285,True,False,True,False,False
"Right, so new dad here, and a hugely, crazily happy breastfeeding wife spending her day telling me hundreds of marvelous things about breastfeeding.

My argument is fairly simple: Too often new mothers are given Formula to feed their babies, which is unjust. Formula isn't as good of nutrition, and should only be neccesary if there is a legitimate health concern where the mother and child can't feed.

Over the course of millions of years, the Mammals have dominated our planet since the Cenozoic age. Our Name, ""mammal"" is a derivative of the word ""mammary"", the Teat gland. We've existed for millions of years feeding off our mother's teats, yet only recently have adopted synthetic formula. Breastmilk s literally biologically built to nurture babies, and It's a fools errand to try and prove that Formula is a better, healthier substitute for breastmilk. (By all means, show me data otherwise, i'm looking to give away a Delt)

Formula isn't as good for baby, and it causes undue financial distress, but unfortunately is easier for new mothers. Breastfeeding is hard work, especially for new mothers, so oftentimes (In America, at least) we abandon hope of breastfeeding and switch to formula within the first day. formula companies stock hospitals and line doctors' pockets in order to rope new, frustrated mothers into the formula easy-train. I feel that this shouldn't be allowed, especially when formula is as expensive as it is.

The world heath organization says that Children should be breastfed exclusively until 6 months, and should continue to breastfeed with solid food until 2 years. 

http://www.who.int/topics/breastfeeding/en/

In America, roughly 4/5 of mothers ever try breastfeeding, and only 1/4 of mothers breastfeed until 6 months.

(PDF via CDC: http://www.cdc.gov/breastfeeding/data/reportcard.htm)

My solution is simple: There is an international board that trains and certifies lactation consultants to inernational standards. they exist in America, but in appallingly small numbers. A session from an IBCLC (International Board-certified lactation consultant) should be necessary before you are given a prescription for formula. In that session, the Consultant can educate you on why feeding is difficult, and reassure you that you CAN breastfeed. The modern American Model isn't focused enough on catering to the fears and needs of new mothers, and too often give them formula before mothers actually need it. Formula should be kept at a pharmacy, not at the hospital, and not in the grocery aisle. the only people who should need to give formula to their babies are in medical emergencies; much like how we only prescribe pharmaceuticals to the ill.

Breastfeeding rates need to come up, because as we breastfeed more, it will lessen financial strain for new families and raise the public health standards. I feel that the only way we can increase breastfeeding rates is to require a lactation consultant to diagnose you and your child as incapable of breastfeeding.

Convince me there is any reason besides an immediate medical concern that a mother should be allowed to purchase baby formula.

EDIT: formatting.

EDIT2: Ok, Jesus Christ, stop shouting at me. I'll have to change my view. Prescriptions aren't neccesary, because formula isn't addictive or harmful. Just because they are less healthy than boobs doesn't mean they should be regulated.
https://gifyoutube.com/gif/y3B610
My opinion on the International Standard still seems to stand, though. (as of now) we all seem to agree that breastmilk is better, so why shouldn't we do our best to ensure that all women are given the support and education needed to properly breastfeed? Breastfeeding is hard work, and unfortunately there are lots of problems that mothers don't know how to cope with. For instance: if you'd like to breastfeed, but your supply lessens, giving your baby formula is the worst thing you can do for your supply. I feel that there should be a certified group of experts to see you when you have a child to help and inform you of things you may either be confused or scared about. Privatized healthcare seems to make this impossible, however.

&gt; *Hello, users of CMV! This is a footnote from your moderators. We'd just like to remind you of a couple of things. Firstly, please remember to* ***[read through our rules](http://www.reddit.com/r/changemyview/wiki/rules)***. *If you see a comment that has broken one, it is more effective to report it than downvote it. Speaking of which,* ***[downvotes don't change views](http://www.reddit.com/r/changemyview/wiki/guidelines#wiki_upvoting.2Fdownvoting)****! If you are thinking about submitting a CMV yourself, please have a look through our* ***[popular topics wiki](http://www.reddit.com/r/changemyview/wiki/populartopics)*** *first. Any questions or concerns? Feel free to* ***[message us](http://www.reddit.com/message/compose?to=/r/changemyview)***. *Happy CMVing!*","It is food, not medicine. You cannot ethically regulate food in this manner.",disagree,gold_300,13,0.0,0.15384615384615385,0.0,0.0,False,False,True,False,False,804,0.008706467661691543,0.01616915422885572,0.022388059701492536,0.15547263681592038,True,False,True,True,False
"I'm not saying ALL the growth in China has been fake, but pointing to one of the country's largest cities as a case study is bad. By that standard, have you actually been to Miami, New York, or San Francisco? I can show you new neighborhoods, fancy cars, and large amounts of construction but that says very little about the US as a whole. Shanghai is doing well, but the cost of living is a huge barrier to entry comparable to requiring a work visa to enter the USA, and for every Shanghai there's an Ordos or Harbin that is 50% vacant and drowning in debt.","[Yeah, sure...](http://www.macroscan.org/fet/jan09/Chart/Rural_Poverty/Chart1.jpg)",disagree,gold_300,13,0.0,0.0,0.0,0.38461538461538464,False,False,False,False,False,105,0.02857142857142857,0.009523809523809525,0.02857142857142857,0.08571428571428572,True,False,True,True,False
Source? I've heard the opposite that day care is a hellhole of neglect and causes social disfunction.,Not that I disagree but do you have any sources on that?,question,gold_300,12,0.08333333333333333,0.08333333333333333,0.0,0.08333333333333333,False,False,True,True,True,17,0.0,0.0,0.058823529411764705,0.17647058823529413,False,False,False,False,False
"There are probably aliens, but the odds of them being on earth are close to nil. Your boyfriend would be correct in that there are tremendous numbers of planets the size of earth, with water, carbon, and complex organic molecules to form life. Out of all the trillions of planets with the ingredients of life, at least a few ought to have followed the same process that led to life on earth.

Knowing that the creation of intelligent life is possible and that there were trillions of chances for it happen, you may ask why we haven't seen any. We don't know the answer, but it's unlikely that scientists are covering it up.  We would not be spending billions of dollars to look for something that we needed to hide. It's also unlikely that aliens would take the time to cloak themselves from all of earth's telescopes, amateur and scientific, but flutter around completely visible to airline pilots. 

The most likely possibility is that whatever aliens may exist are too far away to contact us.",We just don't know the odds of life forming.,disagree,gold_300,9,0.0,0.1111111111111111,0.1111111111111111,0.0,False,False,True,False,False,175,0.017142857142857144,0.017142857142857144,0.02857142857142857,0.11428571428571428,True,False,True,True,False
"My exposure to dance (Dancers I know) would lead me to believe that a) Dance isn't an Art in the same way that say Theater/ Film is, or b) my school simply doesnt emphasize that side of dance (which in my mind is the reason to study art of any kind at a university level)

Film Majors and Theater Majors will spend the at least 2 semesters of Coursework on Theory, History, and Analysis. The dance majors I'm friends with say they don't have to do any of that.

Which is the core of my issue with dance as a major, I don't see the other side of dance. It's 100% possible that's just my school, and other programs are different. 

Assuming you (or someone on this thread) has studied dance, could you enlighten me to Technique, Theory, and history? Whats Dance's ""Metropolis"", ""Romeo and Juliet"". Whose Dance's Shakespeare or Orson Wells or Rembrandt? I'm genuinely interested, and largely ignorant to the art side of dance.","out of curiosity, what kind of dance do your friends do?",question,gold_300,11,0.0,0.0,0.0,0.09090909090909091,False,False,False,False,True,164,0.0,0.018292682926829267,0.054878048780487805,0.03048780487804878,True,False,True,False,False
"Basically if there ISN'T a distinct subgroup of the population that is labeled ""native"" or ""aboriginal"" that is a minority.","But all that is is a factor of time (and the efficacy of the ensuing genocide, cultural or otherwise). What's the cutoff?",disagree,gold_300,22,0.045454545454545456,0.0,0.045454545454545456,0.045454545454545456,False,False,False,True,True,20,0.0,0.05,0.05,0.05,False,False,True,False,False
"I don't know about yours, but in my country we don't require minors to pay taxes because they don't have income. You owe taxes when you get a job, not when you're born.","If minors have income, they have to pay taxes. Everywhere.",disagree,gold_300,10,0.0,0.0,0.0,0.2,False,False,False,False,False,33,0.030303030303030304,0.12121212121212122,0.12121212121212122,0.09090909090909091,True,False,True,True,False
"This isn't a conversation I want to have. This heated debate has spread *all* across the thread, and it wasn't what I wanted to discuss in the first place.

I don't **CARE** if Zimmerman was guilty or not. I really don't. Unless someone can prove to me that it *matters* (which no one has), I have no *interest* in discussing it.","You're right sorry. I would agree that its impressive - that everyone hated these two, and it didn't influence the descision.",agree,gold_300,20,0.0,0.05,0.1,0.1,False,False,True,False,False,61,0.0,0.11475409836065574,0.06557377049180328,0.09836065573770492,True,False,True,False,False
What reason do I have to exercise that principle in regard to creatures which have no way of retaliating if I don't follow it?,"The Golden Rule isn't a game-theory rule to maximize benefit to yourself, it's a moral proscription for how to empathize with people and attempt to treat them fairly.",disagree,gold_300,29,0.0,0.034482758620689655,0.06896551724137931,0.0,False,False,True,False,False,24,0.0,0.08333333333333333,0.041666666666666664,0.08333333333333333,False,False,True,False,True
"You're welcome: it's always a pleasure to talk about these matters !

I completely agree with you when you say that non-existence is the norm and existence the exception. But again, the fact that there is -by definition- no awareness to experience non-existence, nullifies this concept of non-existence.  

I share your doubts about the idea of consciousness retaining its sense of self. In fact, I don't really believe in ""full reincarnation"", to be honest.

However, I believe that the vital force that inhabits us is not lost and will be recycled/merged(the ultimate goal ?)/divided into another form of awareness at some point after death.

And if it doesn't, well that's kinda sad but I can take it: in this case it means that before we were born, we were also non-existent (same that after death) and when I think of it, it makes me more or less OK with this  idea.

In any case we are left with suppositions. For some reason, I like the metaphor that says ""asking what's after life is like asking what's at the north of the North Pole"".

Anyway, good luck in your quest for answers and have a good one !","Thanks, you too!",agree,gold_300,3,0.0,0.0,0.0,0.0,False,True,False,False,False,201,0.014925373134328358,0.01990049751243781,0.03482587064676617,0.06965174129353234,True,False,True,True,False
Depends on your definition of bad. My point was a student who gets low grades or in trouble a lot would have a way to blame the teacher. I have seen people refuse to do their work and sit doing nothing coming to the teacher a week later asking not all that politely why they are failing. There are some people who seem to think it that they are entitled to do whatever they want and still pass.,Do terrible students opions not matter? And I remind you they don't choose to be there.,disagree,gold_300,16,0.0,0.125,0.0625,0.125,False,False,True,False,False,78,0.01282051282051282,0.02564102564102564,0.0,0.05128205128205128,True,False,True,True,False
Nice historical revisionism there.  No serious historian/economist argues that.,"http://newsroom.ucla.edu/portal/ucla/fdr-s-policies-prolonged-depression-5409.aspx

http://m.us.wsj.com/articles/a/SB123353276749137485?mg=reno64-wsj

http://money.cnn.com/2009/02/10/news/economy/yang_newdeal.fortune/

Some links for you. The cnn article is probably the most balanced.

Pretty solid ""no true Scotsman"" fallacy there, btw.",disagree,gold_300,52,0.0,0.019230769230769232,0.0,0.38461538461538464,True,False,True,False,False,10,0.0,0.1,0.0,0.1,False,False,True,False,False
"&gt;  what is the big deal?

That's a tough question to answer directly, because the emotional effect of art is going to differ from person to person.  You might not have an emotional reaction to poetry but other people do, and the ""big deal"" is that emotional reaction.","Fair, but it doesn't make up for a good argument; something are and somethings are not.",disagree,gold_300,16,0.0625,0.125,0.0625,0.0625,False,False,True,True,False,48,0.020833333333333332,0.020833333333333332,0.020833333333333332,0.0,True,False,True,True,False
"Thinking a little more on this: Not sure if transliteration or transcription is the right word. Indian languages have a fairly strong corrolation between spelling and pronunciation, but it's not exact.

Kolkata is a good illustration of the problem. To break à¦_¦²à¦__à¦¤à_ down: à¦ is ""k"", there is an implied vowel ""o"", à¦ is ""l"", à¦__ is ""ka"" and à¦¤à_ is ""ta"" as a direct transliteration, which also happens to be how is sounds. 

Although if you don't know the pronunciation and just followed the general rules, you might want to transliterate as Kolokata. To let someone know the implied vowel is not there you either need a sign under the à¦ like à¦_¦²à§__à¦¾à¦¤à¦ or joining the consonants, à¦_¦²à§_à¦¾à¦¤à¦. But, this is an example where the formal rules, where the writing reflects speech, are bent because it is understood.","This is why the South Indian languages are better! Don't drop those vowels, just say them inhumanly fast!",disagree,gold_300,18,0.0,0.05555555555555555,0.05555555555555555,0.1111111111111111,False,False,True,False,False,131,0.022900763358778626,0.030534351145038167,0.015267175572519083,0.08396946564885496,True,False,True,True,False
[Pie can be art too.](http://imgur.com/yBMRa4g),full seriousness: submit this to /r/art or something.,agree,gold_300,9,0.0,0.0,0.0,0.0,False,False,False,False,False,10,0.0,0.0,0.0,0.4,False,False,False,False,False
Is a man imprisoned if he is locked in a room that he has no intention of leaving?,I'm saying he doesn't even get to choose if he has an intention of leaving or not.,disagree,gold_300,17,0.0,0.11764705882352941,0.11764705882352941,0.058823529411764705,False,False,True,False,False,18,0.0,0.05555555555555555,0.0,0.1111111111111111,False,False,True,False,True
"Many people who now eat their steaks rare didn't like it the first few times they had it, either. I'm one of them. I didn't like whiskey or sushi at first, but now they are two of my favorite things. Tastes evolve, and we like to think that in the process they are refined.",I'm not gonna force myself to eat something I don't like - that just defies logic.,disagree,gold_300,15,0.0,0.13333333333333333,0.13333333333333333,0.13333333333333333,False,False,True,False,False,54,0.018518518518518517,0.037037037037037035,0.05555555555555555,0.05555555555555555,True,False,True,True,False
Do you have a link to a study of some kind that proves this?,I don't feel like this needs a study behind it. You hear louder things better. The end.,disagree,gold_300,17,0.0,0.058823529411764705,0.058823529411764705,0.11764705882352941,False,False,True,False,False,14,0.0,0.0,0.0,0.07142857142857142,False,False,False,False,True
"Western society has agreed that a fetus isn't alive until it's 24 weeks old and until then the mother has the right to an abortion. Her reason for having an abortion doesn't matter so if a pregnant woman finds out that her fetus has a big chance of having a disease (usually Down syndrome, but using your example we could say cancer), she does* and should have the right to prevent that child being born. Doctors don't tell her that she has to have an abortion, but instead allow her to choose for herself. 

So yeah, you might decide that you want to keep your baby despite the fact that it'll probably have a disease and that choice is perfectly fine, but another person might choose to not have it and I think that it's extremely important to note that even though you might disagree, it's vital to respect that choice as well. 

* = Not in every country of course",Excellent point. So I guess it is already being done in a sense. I hadn't really thought about that. _,agree,gold_300,19,0.0,0.05263157894736842,0.05263157894736842,0.0,False,False,True,False,False,158,0.02531645569620253,0.03164556962025317,0.04430379746835443,0.056962025316455694,True,False,True,True,False
So they would lash out declaring sexism like men are doing now?,"Exactly and nothing is being done. You can bet your ass when women speak up, it turns everyone else into the suspect.",agree,gold_300,22,0.0,0.045454545454545456,0.0,0.045454545454545456,False,False,True,False,False,12,0.0,0.0,0.0,0.16666666666666666,False,False,False,False,True
"We have executed innocent people.

End of debate.",Uh. So has everyone else.,disagree,gold_300,5,0.0,0.0,0.0,0.2,False,True,False,False,False,8,0.0,0.0,0.0,0.0,False,False,False,False,False
"On the one hand, yes- you *know* you should limit your Oreo intake.

On the other hand, food companies do some pretty shady shit with what's in their food.  Recently Monsanto and Starbucks sued Vermont to be allowed to hide their ingredients from consumers.

Also very subtle shit like putting sugar in grams instead of tablespoons solely because most Americans can't visualize a gram of sugar.","A tablespoon is 15 grams. Not that hard. Then again, I'm not American.",disagree,gold_300,12,0.0,0.16666666666666666,0.08333333333333333,0.08333333333333333,False,False,True,False,False,66,0.0,0.015151515151515152,0.030303030303030304,0.15151515151515152,True,False,True,False,False
"I don't think we can assume that either.  Or that their compensation represents their actual productivity, for that matter.",Why don't you think that the richest people in the country pay the most dollars in taxes?,question,gold_300,17,0.0,0.058823529411764705,0.058823529411764705,0.17647058823529413,False,False,True,False,True,19,0.0,0.05263157894736842,0.05263157894736842,0.05263157894736842,False,False,True,False,False
"&gt;Someone with Down's does not possess the tools to pull himself out of his own issues. Someone that just isn't trying does.

This really seems like it's drawing an arbitrary line. If someone has an IQ of 75 we declare them helpless, but not IQ 100, say. What about 90? 85? 77? Where do we draw the line? Why do we draw a line? Why not just treat all of the people as having medical problems, rather than moral ones?",Because we don't use IQ to diagnose mental illness. The line is drawn when there is a distinct physiological difference in one persons brain compared to a normal one.,disagree,gold_300,29,0.0,0.034482758620689655,0.034482758620689655,0.06896551724137931,False,False,True,False,False,76,0.013157894736842105,0.05263157894736842,0.039473684210526314,0.09210526315789473,True,False,True,True,True
Your name had better not be a Game of Thrones spoiler.,"No, I'm just an advocate for gavelkind succession laws, even in fantasy worlds.  ;)",disagree,gold_300,13,0.0,0.07692307692307693,0.07692307692307693,0.15384615384615385,False,False,True,False,False,11,0.0,0.09090909090909091,0.0,0.0,False,False,True,False,False
"Why does it matter if it's natural or not, exactly? The result is the same whether you use hormones, physically extract the baby, or dissolve it in hydrofluoric acid. The clump of cells ceases to divide and differentiate, and the parent clump of cells (aka mom) lives on, unaffected and happy.","it doesn't, it is still the killing of another person.",disagree,gold_300,10,0.1,0.1,0.1,0.0,False,False,True,True,False,51,0.0,0.0196078431372549,0.0196078431372549,0.11764705882352941,True,False,True,False,False
And who gives anyone the right to decide who *needs* to die? Because I certainly don't remember voting for a local executioner.,"We all decide that as individuals and it's, usually, the people that have guns that decide this.",disagree,gold_300,17,0.0,0.0,0.058823529411764705,0.11764705882352941,False,False,False,False,False,22,0.0,0.045454545454545456,0.045454545454545456,0.045454545454545456,False,False,True,False,False
"You say ""we"" a hell of a lot for some white person who has no experience being a black person",Ad hominem.,statement,gold_300,2,0.0,0.0,0.0,0.5,False,True,False,False,False,20,0.0,0.05,0.0,0.05,False,False,True,False,False
"THANK YOU. I'm getting up and downvoted variably in r/TwoX for this exact view. When I look at that shirt the first thing I notice is ""beautiful, powerful women."" Why I'm so comfortable with the association of sex appeal and power (a common theme in the nerd industry) as a female is a problem.","I wish more people would take this viewpoint, instead of assuming it's objectification.  ""Hey, that badass scientist is also into badass women!  Rock on!""  

Solidarity, my sister/brother.",agree,gold_300,28,0.0,0.0,0.03571428571428571,0.10714285714285714,False,False,False,False,False,55,0.0,0.0,0.03636363636363636,0.05454545454545454,True,False,False,False,False
"It's my view that people that drive motorcylces and cars with those loud mufflers are simply inconsiderate in that they don't care about other's peace and quiet.  
  
I've always found them annoying, say you're reading or studying at a cafe and they roar by louder than an invading Mongolian horde. God forbid they stop at a light since now you're stuck listening to that ungodly chortle for a good minute or so.  
  
I'm a single parent now and live by a fairly well travelled road. They wake my baby up consistently, and he has a hard time with his sleeping habits.  
  
It's a choice to make your vehicle that loud, not a necessity. On top of that, the rider or driver does not have to hear his most of his own racket since most of the sound is projected backwards.  
  
These people are assholes. I wish I could wake them up every 15 minutes with their own stupid vehicle.

***EDIT:***   
  
I had no idea this post would get this big and, as much as I'd like to, I can't possibly hope to discuss this with all of you. Thank you to everyone, on both sides of the issue, for your reasoned and very interesting replies.  
  
The argument that got me closest to changing my view was surely that of safety. Other people are saying being loud is not as important for safety as actually driving well on a motorcycle, and this seems to be coming from cyclists as well, so unless I see some sort of peer reviewed study over anecdotal evidence that line of thinking isn't doing it for me.
  
My favorite arguments were those along the lines of ""It's a free country, you're the one that's being inconsiderate by expecting the riders to be silent."" The image of some tatted up Hell's Angel roaring through town and impinging on the hearing of 500 people and then screaming ""IM BEING OPPRESSED"" when someone suggests he tones down the throttle is simply delicious.  A special thank you to everyone who called me a pussy via PM. It's good to know you care so much.
  
I also learned that the sound that irritates so many of us so well is the sound of straight pipe exhausts. Cheers all!  
  
***EDIT 2:*** 
  
/u/ToastitoTheBandito did manage to change my view on this. [Here is the link to his comment](http://www.reddit.com/r/changemyview/comments/3bfrve/cmv_people_who_drive_loud_cars_and_motorcycles/csmj6kc)  Thank you Toastito, and thank you for being considerate to others.
  
Just a caveat here, there's a few comments in this thread that highlight the problem with some drivers very well. I'm not gonna call anyone out by name but the gist is that I'm annoyed over a minor inconvenience and I should get over it, people like driving loud cars and they're gonna keep doing it.   
  
I don't think any new parent would call it a minor inconvenience after spending 30 minutes putting a baby to sleep only to be woken up 5 minutes into his nap by a purposely loud vehicle. **But this post isn't JUST about me, or my baby.** These drivers drive past countless people. People who are gravely ill. People who own dogs that will shit on the carpet because they're scared of the sound. Nursing homes. Someone with a migraine headache. People who work the night shift. And all these little acts, each one is a little fuck you from the driver. And all these little fuck yous add up to one huge mega fuck you to your community. **People with empathy get mad at this not just because it inconveniences them but because they know it inconveniences many others as well and the act is seen as grossly disrespectful because of that.**  
  
One PM I got said:  
  
&gt;I drive a loud car. Why? Because I like it.  
  
He doesn't take the time to think, ""How will my actions affect those around me? Is there any chance the thing I am about to do will harm someone, and, if that is the case, should I still do the thing?"" No, this person doesn't give a shit. And that, ladies and gentlemen, is the very essence of being inconsiderate. ^and^an^asshole","""It's a choice to make your vehicle that loud, not a necessity.""

It's also your choice to live on a heavily traveled road.",disagree,gold_300,23,0.0,0.043478260869565216,0.08695652173913043,0.0,False,False,True,False,False,707,0.005657708628005658,0.019801980198019802,0.03536067892503536,0.09476661951909476,True,False,True,True,False
"&gt;The situation I envision is one where he won't die if you don't consent, won't die if you go all the way through with it, and will die only if you agree and then renege.

This situation is mirrored almost exactly in marrow donation.  The recipient is ill (but not always terminal and often with some time left).  The donor consents to the operation and the recipient undergoes radiation to kill their native, diseased marrow - without the new marrow promised by the donor the patient will die.  At this point the donor can refuse to undergo the procedure, even though it means the death of the recipient - a death which would be the direct result of his reversal of consent.  Such is the strength of our right to bodily autonomy.","Thank you, very good example. I will have to look into this further.",agree,gold_300,13,0.0,0.0,0.0,0.0,False,False,False,False,False,131,0.015267175572519083,0.030534351145038167,0.022900763358778626,0.030534351145038167,True,False,True,True,False
"&gt; I hold this belief because I feel as though this world will never be fully accepting of the LGBT community.

This is simply wrong. In Western Europe (or at least where I live) homophobia is almost non-existent and the few people that are homophobic speak in hushed tones as to not be shunned. Is the LGBT+ community completely accepted here? No, but it's getting there. Hating gays is not an innate human trait. 

I also think that diversity actively improves the world. A world where more and different experiences are possible is simply a better world. If you remove human homosexuality from the human race, you are removing positive experiences from it, just because some fuckwads can't play nice. If your view is that it is good to appease fuckwads, I don't think I can change it.",It is not that way in America. And in many other cultures you will be hung if you are gay.,disagree,gold_300,20,0.0,0.05,0.0,0.05,False,False,True,False,False,139,0.014388489208633094,0.04316546762589928,0.02158273381294964,0.08633093525179857,True,False,True,True,False
"the phrase 'man born in a woman's body' refers to the fact that sex (male/female) is biological while gender(man, woman, etc) are social constructs. As such, there are some who are born male, who identify more closely with women than with men. and vice versa.","You're not born into a social construct, though. That's why it's a social construct.",disagree,gold_300,14,0.07142857142857142,0.07142857142857142,0.21428571428571427,0.0,False,False,True,True,False,47,0.0,0.0,0.02127659574468085,0.10638297872340426,True,False,False,False,False
"I would be super against anything like what you describe. Regulations like that are what cause all sorts of problems for the poor. Regulations on welfare and food stamps created because people feel like some people who don't ""deserve"" these benefits are abusing them. So they create new regulations intended to target these ""undeserving poor"", not realizing just how few people actually abuse the benefits and end up just hurting shit tons of people who really needed to be able to use food stamps to buy diapers, but now can't because of regulations like that. But people who think like you just accept it because you would rather 1,000 poor people have harder lives than one person get something you don't think they deserve.",Bravo!,agree,gold_300,1,0.0,0.0,0.0,0.0,False,True,False,False,False,123,0.016260162601626018,0.032520325203252036,0.024390243902439025,0.12195121951219512,True,False,True,True,False
"I like this idea. It allows for the odd cases where somebody would want their headlights on while their car is off covered in other comments, but makes it much harder to do accidentally and doesn't clutter the headlight switch with another mode.

However, I'm not sure I should award a delta, because the idea of a special mode where the headlights can be on while the car is off is covered under [this delta](https://www.reddit.com/r/changemyview/comments/3ffta7/cmv_auto_manufacturers_should_make_their_vehicles/cto7tnn?context=1).","No problem, deltas are just another internet currency anyway.",agree,gold_300,9,0.0,0.1111111111111111,0.0,0.2222222222222222,False,False,True,False,False,93,0.021505376344086023,0.021505376344086023,0.021505376344086023,0.1935483870967742,True,False,True,True,False
"*Perhaps* Senators, but I highly doubt every member of the House is well-off enough not to receive pay.

Plus, it's very likely illegal to force someone to work without pay.",Nobody is forcing anybody.  They can just be the representative who abandoned his/her post during a shut down.,disagree,gold_300,19,0.0,0.05263157894736842,0.0,0.0,False,False,True,False,False,31,0.03225806451612903,0.03225806451612903,0.03225806451612903,0.0,True,False,True,True,False
Not in my hypothetical :) In my version they're all sent to watch re-runs of Jersey Shore for all eternity.,"Then put that in the CMV. If the ""rules"" deviate from reality, they need to be stated from the beginning.",disagree,gold_300,20,0.0,0.0,0.0,0.05,False,False,False,False,False,20,0.0,0.05,0.05,0.05,False,False,True,False,False
"&gt; There is no meal free from suffering  

I don't think anyone is making this claim.  This would turn your view into a strawman.  ]

What I see vegans claiming is doing everything they *can* to reduce animal suffering, not claim that what they do harms no-one ever.","I misunderstood their position. I haven't met many vegetarians or vegans, so I made some assumptions. Hence the CMV",agree,gold_300,19,0.0,0.05263157894736842,0.05263157894736842,0.15789473684210525,False,False,True,False,False,48,0.0,0.08333333333333333,0.020833333333333332,0.0625,True,False,True,False,False
"Yeah, waking up to 400 upvotes and an extra month of gold for having changed someone's views on a historically extremely marginalized group was nice. Especially considering I made that post at like 2:30 in the morning while playing FTL and trying to convince myself it was way past bed time :P",FTL is too difficult and repetitive to replay enough to unlock everything. CMV.,statement,gold_300,13,0.0,0.0,0.0,0.0,False,False,False,False,False,50,0.0,0.0,0.02,0.12,True,False,False,False,False
"The supreme court ruled that cops need either reasonable suspicion or probable cause to force someone to wait for a k9 unit, and how is that scarring psycological warfare?

Yes, the police aren't 100% perfect?  Should they be more careful, yes, are the small number of mistaken no knocks that have made the press evidence we live in a ""police state""?

If you can prove where the money came from you can get whatever was seized back.  Could you get your assets back in a police state?

Actually in around 2008 the NYT broke a story that the NSA had spliced into the core internet fiber.  You can look up the hardware they were using to collect data from those splices and read the manuals.  iirc it was mostly metadata stuff.

Well, yes, they look for pattern, like, how often does X person trade emails with person Y on a watchlist?  That's hardly sinister.","I wouldn't call it ""scarring psychological warfare"" but it absolutely does its job trying to show people that the cops have all the power.",disagree,gold_300,24,0.041666666666666664,0.041666666666666664,0.041666666666666664,0.041666666666666664,False,False,True,True,False,152,0.0,0.013157894736842105,0.013157894736842105,0.09210526315789473,True,False,True,False,False
"I have nothing against homosexuals and they deserve to be accepted in society and get married like everyone else but I believe the approach is all wrong.  I think it's wrong trying to promote gay pride by dressing in leather and latex.  If people want others to accept gays then they should make people see the gay community as morally upright people that most of them are instead of portraying themselves as kinky sex crazed people.  Also dressing lewd will do nothing but freak out the homophobes and disgust families that want things to be ""rated G"" for their young children.  I think all the things people do in gay pride parades just hurt their cause more than help it. That's why I believe gays should be a bit more family friendly if they want more acceptance.","Is there a necessary opposition between moral uprightness and kinkiness? Is ""leather and latex"" a moral issue?",question,gold_300,17,0.0,0.0,0.0,0.0,False,False,False,False,True,137,0.014598540145985401,0.014598540145985401,0.014598540145985401,0.08029197080291971,True,False,True,True,False
"Which is strange when you figure that there doesn't appear to be any conspiracy theories surrounding Leon Czolgosz. He was a random nobody that believed that he could change the world, so he assassinated McKinley. He was right and nobody really questions that like they do with Lee Harvey Oswald.",It's because his name is difficult to spell and pronounce.,statement,gold_300,10,0.0,0.0,0.1,0.0,False,False,False,False,False,50,0.0,0.06,0.02,0.08,True,False,True,False,False
"Is Walmart bad or are the people who hand over their dollars bad?

Even if they have a 'monopoly', I can shop for food and underwear elsewhere.",[What Walmart has isn't a monopoly.](http://en.wikipedia.org/wiki/Monopsony),disagree,gold_300,12,0.0,0.08333333333333333,0.08333333333333333,0.4166666666666667,False,False,True,False,False,27,0.0,0.0,0.0,0.037037037037037035,False,False,False,False,False
"Usually when people say natural, they have some agenda of condemning the unnatural and/or exalting the natural. That's when it's meaningless.

It's not meaningless when you realize that what's consistent among the majority of its different definitions is that it means ""devoid of interference"" from some implied party, most often the only party that has the ability to consciously affect the outcome of the system. For example, we have the ability to observe, remember, and act on knowledge of how our actions affect the world and the environment and all that while animals do not. Thus, when we interfere with ecological systems, that's unnatural interference. Based on how the word is actually used, which is far removed from its etymology at this point.",Jolly good. _,agree,gold_300,2,0.0,0.0,0.0,0.0,False,True,False,False,False,124,0.0,0.016129032258064516,0.04032258064516129,0.06451612903225806,True,False,True,False,False
"&gt; So many things are alive, and we don't care in the least if they die. What makes a fetus, particularly a fetus inside a woman who wishes not to be pregnant, so special?  

To play devil's advocate, couldn't this argument be used to defend infanticide.  Babies are alive.  But, they're not equal to full grown human beings.  Their brain isn't developed.  All they can really do is eat and shit.  

If we can argue that a fetus isn't really a person because its not fully developed, couldn't we also argue that babies aren't really people?  Is there a reason your argument can't be used to defend infanticide?","A fetus is like a simple circuit, electricity flows and the circuit is on. A baby is a computer. Still a circuit, but it now operates in a meaningful way.",disagree,gold_300,30,0.06666666666666667,0.0,0.0,0.06666666666666667,True,False,False,True,False,108,0.009259259259259259,0.09259259259259259,0.08333333333333333,0.07407407407407407,True,False,True,True,True
"but you can't make the call that the bad things surrounding the religions are down to the religions themselves. priests aren't fingerblasting 10 year old boys because they're religious, they're doing it because they're fucked up, evil old men who know the boy's won't tell. religion doesn't oppress us as a society, they don't go ""believe in God or we'll murder you"", it's ""if you'd like, you can join the church"". but, to be fair, i don't even want to get started on the effects of Islam. i do agree with you that if a religion's punishment for leaving is death, the religion should be abolished.",I think you replied to the wrong person.,statement,gold_300,8,0.0,0.0,0.0,0.125,False,False,False,False,False,105,0.01904761904761905,0.05714285714285714,0.13333333333333333,0.08571428571428572,True,False,True,True,False
"In many US states there is still a restriction on what type of alcohol you can buy on Sunday, if you are even allowed to buy alcohol at all. Sunday is just another day of the week, why is it just on sunday that this rule is enacted?

Also, why bother with just restricting certain types of alcohol? If I wanted to get drunk on a Sunday and no liquor is available I'm just going to buy a lot of beer. 

If it is for a religious purpose that is just silly. Who says that worship should has to be on a Sunday, and it seems to me that this law is harming non-christians who wish to purchase alcohol on a Sunday.",I'm In Washington.  This makes no sense to me.  Never heard of it unless you're from Utah or something,disagree,gold_300,19,0.0,0.10526315789473684,0.10526315789473684,0.10526315789473684,False,False,True,False,False,123,0.008130081300813009,0.008130081300813009,0.008130081300813009,0.08943089430894309,True,False,True,True,False
"Time Travel seems like the really obvious winner to me.  Teleportation is great and all, but imagine what you could do if you could travel in time.  Hell, if you didn't like it you could always go back to when you made this thread and make sure you choose teleportation instead anyway.  So zero risk.",Haven't thought of that. Man that's a really good practical application.,agree,gold_300,11,0.0,0.09090909090909091,0.18181818181818182,0.0,False,False,True,False,False,55,0.01818181818181818,0.01818181818181818,0.01818181818181818,0.03636363636363636,True,False,True,True,False
"People have already laid out these points, but I feel like understanding an unfamiliar perspective can sometimes be a simple matter of wording, so lemme give it a shot.

Race is real. Race is real like money, and national borders, and adoption, and the meaning of these squiggles I'm writing with--it's real because enough people collectively agreed that it was real and gave it importance. It isn't biologically or intrinsically real (even though we tried to find its 'location' so to speak) and it *shouldn't* matter, but thanks to the actions of the past (and present) it continues to be real. Racism makes no sense because these differences are based in our treatment of each other, our preference for one person or another, our limiting of people by their colour or nationality...not on something inherent. Racism treats people according to how we *think* they are as a category, not who they are as a person or a biological being.

These erroneous thoughts have consequences. I think we can agree that it would be foolish to say ""race has no biological basis, therefore slavery had nothing to do with dark skin."" Equally, these past actions continued to have effects with each passing generation. For example, we know that (regardless of race) people whose parents didn't go to college are themselves less likely to go to college. We know that people whose parents are poor will not inherit much money, and therefore have less assistance. We know that people whose parents were incarcerated are more likely to be incarcerated. So when your slave great grandparents couldn't own property and it was illegal to teach them to read...you're starting off a little behind everyone else.

But those are ripples of the past, and hopefully they'll catch up to the present, right? Once the differences of the past are smoothed out, perhaps some racism will diminish. However, people still discriminate based on race, even most of us think racism is bullshit. My grandpa wouldn't talk to me if I brought a black girlfriend home. There are literal neo-nazis out there in the world. My girlfriend is 3 times more likely to be raped than my sister, because my girlfriend is Native American. What I'm saying is that there are not only the effects of the past that people have to catch up to, but the stereotypes of the present that make it so that people are still hurt or disliked because of their colour. Are you doing it? I doubt it. Especially not on purpose, right? But if enough people out there are shitting on one group of people just because of their membership in a category that only exists because our ancestors were dumbasses...God, I want to even that playing field, don't you?","_

This is a plausible defense of holding both views at once - race as a biological construct does not exist, but racism as a social construct should be compensated.",agree,gold_300,28,0.03571428571428571,0.03571428571428571,0.0,0.07142857142857142,False,False,True,True,False,464,0.01939655172413793,0.03017241379310345,0.023706896551724137,0.07543103448275862,True,False,True,True,True
"The OP is actually much more clever than you all are giving her credit for

OP has only made a comment about what happens IF Batman can escape the first fight - so any crazy-powerful superbeing wins but is not relevant to the discussion.

What we really need is some sort of Lovecraftian villain that would allow Batman to escape the first fight, but which would nevertheless gradually take over and *become* insurmountable (maybe zombies, in general, although tbh I don't know if they count)

That, or somebody who reincarnates as a more powerful being (Phoenix?) or who could just outlast Batman (Hulk / Wolverine, maybe)","_

I posted my description in another post on this thread but put the delta at the bottom of the post. I just wanted to make sure /u/deltabot saw this.",statement,gold_300,30,0.03333333333333333,0.0,0.0,0.06666666666666667,True,False,False,True,False,105,0.0380952380952381,0.01904761904761905,0.009523809523809525,0.06666666666666667,True,False,True,True,False
please explain,"&gt;That adds to why Americans believe we are so free, we started it.

No you didn't, the French did.",disagree,gold_300,20,0.0,0.1,0.05,0.1,False,False,True,False,False,2,0.0,0.0,0.0,0.0,False,True,False,False,False
"We can't even digest cellulose or starch, how the hell can one conclude humans were designed to only eat plants? Look at your features and those of herbivores, did you take bio in middle school yet? The purpose of our teeth is obvious, our intestines are much shorter than those of herbivores limiting our ability to digest plants (and we lack the enzymes to digest plants properly anyway), and our eyes are placed in a position to be a predator.",My point remains regardless.,disagree,gold_300,4,0.0,0.0,0.0,0.0,False,True,False,False,False,80,0.0125,0.0125,0.0125,0.15,True,False,True,True,False
"Let's stay practical: In any country with several millions of voters (such as mine), my vote is irrelevant. Votes in groups of e.g. 5 people - that's a completely different matter.","So again, what level of statistical significance to do consider mattering?",question,gold_300,11,0.0,0.0,0.0,0.09090909090909091,False,False,False,False,True,30,0.0,0.0,0.06666666666666667,0.06666666666666667,True,False,False,False,False
"&gt; The logic and maths behind the programming. Not only that an algorithm works, but why and how it works. A better knowledge and understanding of time and space complexity. Those are things people who teach themselves programming often seem to not pay attention to, but which could come in handy

I think this is a key point. This is not a ""programming"" degree - computer science is basically a branch of mathematics, and programming languages are just a tool to a computer scientist. The OP's comment about learning a language which will be out of date somewhat misses the point. A competent developer will be skilled at programming ""in general"", and will pick up numerous languages throughout their career as and when it is necessary.",This suddenly makes sense. _,agree,gold_300,4,0.0,0.0,0.0,0.25,False,True,False,False,False,125,0.016,0.024,0.008,0.08,True,False,True,True,False
I don't think you understand the folly of assuming,I'm not assuming anything.  I'm speaking based on experience and on having read studies of the effects of racism.,disagree,gold_300,19,0.0,0.05263157894736842,0.10526315789473684,0.10526315789473684,False,False,True,False,False,9,0.0,0.1111111111111111,0.1111111111111111,0.0,False,False,True,False,False
"It doesn't matter if you agree. If someone inflicts pain on you, you may flinch, or recoil, or try to get away. That is physiological. Sorry.","lol, that's the very point of the matter, they're not inflicting pain on your unless you're already resisting.",disagree,gold_300,18,0.0,0.05555555555555555,0.16666666666666666,0.1111111111111111,False,False,True,False,False,26,0.0,0.038461538461538464,0.038461538461538464,0.038461538461538464,False,False,True,False,False
"I agree. But if you are so untrusting of your partner that you need a paternity test, then the relationship isn't very strong.",ok. whats the purpose of trust in a relationship?,question,gold_300,9,0.0,0.0,0.0,0.0,False,False,False,False,True,23,0.043478260869565216,0.043478260869565216,0.043478260869565216,0.0,False,False,True,True,False
"Do parents find joy in raising children...period?

Maybe relief? And pride? I dunno, the word ""joy"" is weird. Raising kids isn't supposed to be like sex or a hobby, it's a responsibility. And I guess people can find ""joy"" in living up to that. Like having pride in a strong work ethic.

I dunno, none of us got to choose to be born, and parents are well aware of this. What they do is up to the individual.",Are you a nihilist?,question,gold_300,4,0.0,0.0,0.0,0.0,False,True,False,False,True,79,0.0,0.02531645569620253,0.02531645569620253,0.0759493670886076,True,False,True,False,False
"Here's the thing that no one ever tells you about smoking: 

**Smoking is the best thing in the whole world**

No lies. It is the BEST thing. It creates a problem and it solves it. It is like winning the lottery fifteen times a day. 

I knew about heroin. I knew about cocaine. I knew heroin would feel like the best orgasm I've ever had times a thousand. I knew cocaine would make me feel sexier than god but also like, if I got in a fight with god, I would win. I knew X would make every weekend better so long as I had it. I stayed FAR FAR away from that shit. Good things are good until you don't have them and then life sucks beyond the telling of it. I had a handle on that. 

The only thing people told me about cigarettes was how much they sucked. Kissing a smoker was like licking an ashtray. They'll rob you blind. You'll die early. You'll smell bad. You'll talk through a hole in your throat. I watched them slowly march my father closer to death. Don't smoke.easy enough. 

Here's the problem: if cigarettes are so nasty and terrible you have nothing to worry about. Have one. Have another. You'd never be *stupid* enough to fall into that trap, right? You can be that magic unicorn that can just have one socially with your friends, right? After all, people who get hooked get hooked before they turn 18 and you're nineteen so you're past the cutoff? Plus you're so *smart*! You'd never do something as dumb as getting addicted to the dumbest, most loserish drug on the market, right?

It's never going to be you. Because smoking seems so innocuous. You know that 1/3 people who try heroin are addicted the first time out, but how can smoking, something so stupid, be so dangerous? It's just one cigarette.and the first time that's true! The first time you don't like it and it was as awful as you were expecting and you're completely disarmed for what's coming for you. 

Then it's a long weekend of drinking in college and your friends smoke and they keep going outside to do so and you get curious again or you want to be ""in"" and the first one did NOTHING do you have the second. Then the eighth. And then it's only on the weekends. And then it's only while you drink. And then you ""cut back"" and only smoke when your friends have them (and they ALWAYS have them). You kind of know, in the back of your head, that you want them but you'd have to be stupid (remember?) to fall in that pit. You're crazy smart and good at life and you know all the facts and you'd never be that kid. 

**Here's where it gets serious**: something terrible happens. You get broken up with, your dog gets hit by a car, you fail a class, something goes to hell in a hand basket. So you reward yourself with this self-destructive thing. Just for now. Just because this shitty thing has befallen you. So you go and buy some and you feel dirty doing it but feeling dirty is part and parcel with the shitty thing that happened. And you feel like an adult. And you feel like you're coping even though you're doing anything but. 

Cigarettes are the best part of your day. The feeling of wanting one and then getting one is straight up euphoria. In a world of turmoil and despair, they become your favorite life raft. They make everything better, they make everything that sucks immediately suck less. And that's why they are IMPOSSIBLE to quit. You know you're sinking, and you will do nothing. You'll suddenly come to the realization that you've become a smoker (how the fuck did that happen?) but you won't care. Because the best part of your day is this shitty, expensive, debilitating thing. It's like having a crush on someone who doesn't love you back or having a really arrogant best friend. You love them all the more for how much the situation sucks. 

At some point you realize you have to quit but you can't. Shitty things keep happening. Your job sucks, your relationship sucks, your classes suck. Finals are coming, your taxes are due, your friend is imploding in front of your face. Any stress, any little thing, becomes unbearable and you need that solution/problem in one to make it seem surmountable. You'll feel like your whole life is caving in and then you have a smoke and you're fine again. For twenty minutes. And twenty minutes is really all you need...for now. Until that time passes and you need it again. And in the back of your head you are RANTING at yourself about how dumb this is and how much you hate yourself for being this person but the pleasure, the relief, drowns it out. 

**You don't get it**. You can't. If you never went down the rabbit hole, it won't make sense to you. If you have gone down the rabbit hole, it won't really make sense either. But you will get why you do it to a certain extent. 

We **all** made the decision to never smoke. Some of us just fucked it up without meaning to. It was not all at once or with intention. It just happens. All the health facts and scary stories in the world won't change it. The thing that will change it is arming people with the foreknowledge that smoking is the best thing ever. That's what would have saved me. I've quit for two years and that's great, but I'm still not over it. It's still a thing for me. If you don't get it, be GLAD not arrogant. It could have easily been you. 

**Edit** Thank you for the gold! It means a lot.",I cried.,statement,gold_300,2,0.0,0.0,0.0,0.0,False,True,False,False,False,991,0.013118062563067608,0.026236125126135216,0.050454086781029264,0.05247225025227043,True,False,True,True,False
"&gt; Would it be fair to say that the blacks doing worse in all those metrics (crime, violence, poverty, disease, out of wedlock childbirth) also is not related to the real structural privilege? Or that it applies to blacks but not to asians?

The fact that Black Americans might do worse in all of these metrics is actually directly related to the structural privilege. White people have the structural advantage at *the expense* of Black American's welfare, health, etc.

&gt; You are saying that Asians succeed despite their lack of privilege and would do even better in a non-racist world?

I am saying that *some* Asian Americans succeed despite their lack of racial privilege. But,  there is not a structurally entrenched system of privilege *based on their race/ethnicity*. The may have privileges based on other factors, such as gender, sexual orientation, or socioeconomic status.

EDIT: nuance",Why don't white people use their structural advantage at the expense of Asian people too?  Why the difference?,disagree,gold_300,18,0.0,0.05555555555555555,0.05555555555555555,0.0,False,False,True,False,True,148,0.013513513513513514,0.02027027027027027,0.006756756756756757,0.060810810810810814,True,False,True,True,False
"I agree that it's a bad slippery slop argument. This issue remains: a large percentage of the population thinks incestuous marriages should be banned, and I'm proposing that most of them couldn't give a valid reason why. Do you have such a reason?",it's the same reason a father can't marry his daughter.  the older brother has too much power over his baby sister.,disagree,gold_300,21,0.0,0.047619047619047616,0.09523809523809523,0.047619047619047616,False,False,True,False,False,43,0.0,0.023255813953488372,0.06976744186046512,0.09302325581395349,True,False,True,False,True
"I'm a very observant Catholic, and something of a liberal, too, so allow me to moderate some of your views on the Pope. For the record, I'm trying to change your view that he's ""radically transforming"" the Catholic Church, as you stated in your submission title; as you say in your body of your post, he is handling the Catholic Church very well. I absolutely love Pope Francis, but I think you give him too much credit.

I'll start by defending Benedict XVI.  He is not very charismatic. You can tell that by looking at him; coupled with his extensive academic background (seriously, [he was a university professor for like 25 years](http://en.wikipedia.org/wiki/Benedict_XVI#Academic_career:_1951.E2.80.9377).) So, he's kinda a nerd.  I think of him as socially awkward; he's got great ideas, but he doesn't always say them without being offensive.  For example, he wrote a missal [On the Pastoral Care of Homosexual Persons](http://en.wikipedia.org/wiki/On_the_Pastoral_Care_of_Homosexual_Persons), in which he said ""It is deplorable that homosexual persons have been and are the object of violent malice in speech or in action. Such treatment deserves condemnation from the Church's pastors wherever it occurs.""  That letter got a bad rep, though, because he spent so much time talking about how homosexuality is a strong inclination towards sin.  Here's the thing, though: to a Catholic theologian, **[everyone is strongly inclined towards sin.](http://en.wikipedia.org/wiki/Concupiscence)**  So, while Francis said it better, both Popes have said that the Church should fight homophobia, even though homosexual sex isn't something the Church endorses. Also, while he wasn't the most effective at dealing with the child abuse scandal, [he wasn't exactly defending the child abusers.](http://en.wikipedia.org/wiki/Benedict_XVI#Sexual_abuse_in_the_Catholic_Church)  Back to Benny 16's nerdiness, though; he really wasn't good at seeing how outsiders perceive the Church.  He liked the ornate dress and big thrones and other art because it inspires joy, happiness, and holiness [I don't have a citation for that; it's from a conversation at a Church small group].  Art, and inspiration for it, comes from God. For a somewhat humorous piece on that, [see point 2 in this blog post.](http://www.patheos.com/blogs/badcatholic/2013/02/killchristianmusi.html)

So, let's contrast him with Pope Francis.  Francis is extremely charismatic. He's also a Jesuit, which means that he has taken vows of poverty, chastity, and obedience.  So, you know how he no longer wears the ornate things that made Pope Benedict XVI so unpopular with non-Catholics?  Well, that's a reflection of his vow of poverty.

[But Pope Francis hasn't done a whole lot about the sex abuse scandal yet.](http://en.wikipedia.org/wiki/Pope_Francis#Abuse) [In this article](http://www.romereports.com/palio/pope-francis-talks-to-press-about-benedict-xvi-vatican-bank-and-gay-lobby-english-10723.html#.UoE33-JsvKF), he talks about how ""...any person, lay, priests or nun, if any person commits a sin and then asks the Lord for forgiveness, they are forgiven. When the Lord forgives, He forgets... I'm not talking about crimes, that's something different. Child abuse is a crime, but I'm talking about sins.""  That doesn't sound to me like he will handle the sex abuse scandal in particular much better than his predecessors - although, he is pretty dedicated to getting rid of corruption in the Vatican in general.

When it comes to sexism, [he has flat out stated that women cannot be ordained as priests.](http://www.romereports.com/palio/pope-francis-talks-to-press-about-benedict-xvi-vatican-bank-and-gay-lobby-english-10723.html#.UoE33-JsvKF) The exact phrasing he used was ""The door is closed. But let me tell you something, Our Lady, was more important than the apostles,  bishops, deacons and priests. Women play a role that's more important than that of bishops, or priests.""  [That's called ""separate but equal,"" and it's bullshit.](http://www.smbc-comics.com/index.php?db=comics&amp;id=404#comic) EDIT: Sorry for my bad sense of humor, but I meant the ""and it's bullshit"" comment to be at least a little bit facetious.  The comic that I linked to makes the same joke, only he does it better.

I honestly don't know what you're referring to when you say that Pope Benedict condoned prejudice, so I can't try to change that view.

I'll give you that Pope Francis is probably going to change a minor Church policy on homosexuals, but that it wasn't really observed anyway. [To reference this article for a third time](http://www.romereports.com/palio/pope-francis-talks-to-press-about-benedict-xvi-vatican-bank-and-gay-lobby-english-10723.html#.UoE33-JsvKF), Francis was literally trying to summarize the Catechism ([which is itself a summary of Church teachings](http://en.wikipedia.org/wiki/Catechism_of_the_Catholic_Church)).  The Catechism to which he is referring was written in 1992, under John Paul II.  

The minor change is this: the ""Who am I to judge?"" quote came [in response to a question about gay priests.](http://www.nytimes.com/2013/07/30/world/europe/pope-francis-gay-priests.html?_r=0)  This is contrary to a [2005 Vatican document](http://en.wikipedia.org/wiki/Instruction_Concerning_the_Criteria_for_the_Discernment_of_Vocations_with_regard_to_Persons_with_Homosexual_Tendencies_in_view_of_their_Admission_to_the_Seminary_and_to_Holy_Orders) which stated that people with ""deep-seated homosexual tendencies"" may not become priests.  **HOWEVER**, this despite this document, it has been my observation that gay men in the Catholic Church are actually pressured into the priesthood by other Catholics.  They are encouraged into celibacy (since, you know, gay sex is bad). Then, because they're giving up sex already, their church friends encourage them to become a priest, to help with the current shortage of priests.  So, functionally, Pope Francis saying (informally, without any other actions) that a priest can be gay really doesn't change anything.","_

This did change my view, and the fact that you provided links is awesome. Also, it wasn't hard to understand, either.",agree,gold_300,21,0.0,0.047619047619047616,0.047619047619047616,0.0,False,False,True,False,False,1002,0.014970059880239521,0.016966067864271458,0.03493013972055888,0.14171656686626746,True,False,True,True,False
You missed the point. The issue is one of expectations. Just because you're not barred from looking through someone's information doesn't mean you have permission to do so or that it's acceptable.,Except the entire point of Facebook is to share your information.,disagree,gold_300,11,0.09090909090909091,0.0,0.0,0.0,False,False,False,True,False,32,0.0,0.0625,0.125,0.0625,True,False,True,False,False
"&gt; Let's say you have these two debts:

Whoops. At first your example was only due to the minimums and not due to interest but then I realized that is part of your view/debt snowball.  You even say it in ""ignoring interest rates"".  I was focused on the interest.  (Note to self: read slowly)

But I think the majority of my points still stand.

&gt;  With the entirety of a smaller loan you've lowered your minimum monthly expenses. 

Ok, this is a bit unfair.  You want to talk about minimum monthly payments but your view is only about size of the loan.  Its not about size of debt anymore, its about minimum payments.  

Say you have a $1,000 loan with a minimum payment of $100 and a $500 loan with a minimum payment of $0.  With debt snowball you pay off the $500 loan first but you are arguing that you should get a raise which means you try and pay off the $1,000 loan first.

What method do you say is better to pay off first, size of loan (debt snowball) or minimum payments?","Hey friend! I thought I'd remind you:

read slowly",disagree,gold_300,9,0.0,0.0,0.1111111111111111,0.0,False,False,False,False,False,180,0.027777777777777776,0.011111111111111112,0.011111111111111112,0.08333333333333333,True,False,True,True,True
"&gt; what they don't tell you is that it is a gimmick that you won't be able to keep up with for the rest of your life. SO, when you finally go off of it, all your weight is coming back!

That's your problem. A diet isn't something you go on for a while and then stop once you aren't fat anymore. YOUR diet is just what you eat most of the time.

The way to maintain a healthy weight isn't to eat only apples for 3 months and then go back to what you were doing before.

The way to maintain a healthy weight is to accumulate small healthy lifestyle changes and eat that way most of the time forever.",Its not my problem...  I don't suffer from that issue...,statement,gold_300,10,0.0,0.2,0.1,0.0,False,False,True,False,False,120,0.0,0.041666666666666664,0.05,0.041666666666666664,True,False,True,False,False
"He's not saying people with bad luck have it bad. He's saying that if you weren't an attractive, white woman that you'd have it even worse than you do now. Which is true.","See, this. Exactly.

I'm saying that a black man in your exact shoes would have had a tougher time.",agree,gold_300,19,0.0,0.0,0.05263157894736842,0.10526315789473684,False,False,False,False,False,33,0.0,0.06060606060606061,0.12121212121212122,0.0,True,False,True,False,False
"Then it might also benefit to carry a sort of diabetes card for a trans person, so the doctors can better deal with it; while the body chemistry of a trans person will likely not match their original sex, it may not match that of the intended sex, either.  Perhaps it would be best to include FtM or MtF on IDs.","It's not uncommon for trans folk to get a ""carry letter"" from their doctor that states they're undergoing or have transitioned, with the doctor's contact info.",statement,gold_300,26,0.0,0.038461538461538464,0.11538461538461539,0.15384615384615385,False,False,True,False,False,61,0.0,0.03278688524590164,0.0,0.04918032786885246,True,False,True,False,False
"I butted heads with my English teacher over her constant analysis of every tiny detail. I eventually refused to analyze at all, because no author ever puts **that** much thought into it.

Sometime a pipe is just a fucking pipe, Ms Roberts. Fuck. 

I now write for a living. Go figure.",You hadn't read Hemingway at that point had you,disagree,gold_300,9,0.0,0.1111111111111111,0.1111111111111111,0.0,False,False,True,False,False,51,0.0,0.0196078431372549,0.0,0.09803921568627451,True,False,True,False,False
This isn't strong enough to change my view. Convince me why breaking such copyright is immoral. Not everybody agrees with everything the UN does.,Why do you think breaking copyright is moral?,disagree,gold_300,8,0.0,0.0,0.0,0.0,False,False,False,False,True,24,0.0,0.08333333333333333,0.041666666666666664,0.041666666666666664,False,False,True,False,False
The rest of your argument was completely beside the point. None of your examples at all contradict what I say. The fact that women fight over men or that people speak possessively about each other is just another example of the whole diseased culture we live in. Do I really need to reply to it?,"If you feel that saying ""my girl/boyfriend"" in a monogamous relationship is evidence of a rape culture then there's clearly no point in debating any further.",disagree,gold_300,27,0.0,0.037037037037037035,0.037037037037037035,0.037037037037037035,False,False,True,False,False,55,0.0,0.01818181818181818,0.0,0.03636363636363636,True,False,True,False,True
"Hormone therapy wouldn't work? And I'm sorry you have to deal with that, hope my post didn't offend you.","No no its fine, and I'm sure it would, I just don't want to go down that path.",agree,gold_300,18,0.0,0.16666666666666666,0.1111111111111111,0.0,False,False,True,False,False,19,0.0,0.10526315789473684,0.15789473684210525,0.0,False,False,True,False,False
"I see it like this, it's a bit weird but, here goes:

The lock and the key aren't really referring to vagina/penis. What they refer to is the chaser and the chased.

What I mean is this, the lock is guarding something, it's always there, and you know there's something good behind it, but you don't know what. It could be anything. This is how women are generally portrayed. A lot of things in media generally portray the man as seeking out the woman, that's what makes him the key. The key seeks the lock.

Now forget about everything you've watched and been lead to believe, and think that men and women are the same and have no ""role"" as society/media suggests. Is there any reason to treat men as the keys? not really... both sexes will try to get with each other, both will seek out the lock, both of them are the key and the lock at the same time.","This is very interesting, thanks :) _",agree,gold_300,5,0.0,0.0,0.0,0.0,False,True,False,False,False,164,0.012195121951219513,0.024390243902439025,0.042682926829268296,0.06707317073170732,True,False,True,True,False
"""They"" is ambiguous.  It was just one cuntish officer who decided that the Imperials were taking no prisoners that day.  There are bad people on both sides, like the racist/nativist stormcloak supporters you find in Windhelm.","Yeah they Stormscloaks generally came across as incredible racial supremacists to me, which has thus far forced me to side with the Empire every time.",agree,gold_300,25,0.0,0.0,0.0,0.08,False,False,False,False,False,37,0.0,0.02702702702702703,0.0,0.10810810810810811,True,False,True,False,False
"Why does every aspect of a person's life need to be governed? 


People have the right to be inefficient if they choose.","And that's exactly why the rest need to be overall efficient !      
To keep the balance",disagree,gold_300,15,0.0,0.0,0.06666666666666667,0.0,False,False,False,False,False,22,0.0,0.0,0.045454545454545456,0.045454545454545456,False,False,False,False,False
"Which is similar to Christianity to be fair, and I presume other religions I know less about.","Yes, very similar, but with the other religions there is always a core belief which they share.",disagree,gold_300,17,0.058823529411764705,0.0,0.0,0.058823529411764705,False,False,False,True,False,17,0.0,0.0,0.0,0.058823529411764705,False,False,False,False,False
I just don't get why you would want your steak well-done. It usually comes out dry or tough.,"Not exactly trying to change my view, are you?",question,gold_300,9,0.0,0.1111111111111111,0.0,0.0,False,False,True,False,True,19,0.0,0.05263157894736842,0.05263157894736842,0.0,False,False,True,False,False
"&gt; a cup of tea is about 1 cup

Have you seen the little tea cups asians use?","Yes and that's a fair point, but those little cups never hurt anybody because not everything in life needs to be as serious and precise as the Manhattan Project.",disagree,gold_300,29,0.034482758620689655,0.06896551724137931,0.034482758620689655,0.034482758620689655,False,False,True,True,False,17,0.0,0.0,0.0,0.11764705882352941,False,False,False,False,True
"The theory of The Patriarchy, as I understand it, says that men have a great deal more control over society than women and use this to the benefit of men and the detriment of women. I would compare it to the theory of societal racism: that (in the USA, where I will draw all my data from) white people have a great deal more control over society than black people, and use it to their own benefit and black people's detriment.

These theories seem like they would both make a lot of similar predictions about the oppressed group they describe. They would predict that the oppressed group (women and black people) would be more likely to be low income, homeless, arrested, imprisoned, killed intentionally, killed accidentally (on the job, for instance), assaulted, robbed, have things characteristic of their culture and not of others made illegal, have less societal resources dedicated to addressing issues that affect them disproportionately, particularly medical issues, would have less representation in media, be less protected both legally and by social mores, be less likely to get into or graduate from higher education, etc etc.

When I look at that list, it seems as though everything on it is true of black people. Thus, the racism theory seems to me to be highly plausible, useful, and make good predictions. If I don't know whether black people are more likely to be assaulted than white people, I can use the racism theory to predict that they will, and I would be correct. 

However, it seems like only a very few of those things are true of women. The Patriarchy theory seems to not be plausible, useful, or make good predictions. If I don't know whether women are more likely to be assaulted than men, I could use the Patriarchy theory to predict that they would be, and I would be wrong. 

I can go into greater detail or examples about any of these, but that's the jist of my thinking. I have experienced a lot of unpleasant social interactions for holding this view, so it would be to my advantage to change it, but I can't change it without being honestly convinced, so please, change my view.","If Congress were to hold a hearing on reproductive rights, the concept of ""the patriarchy"" would predict that mostly men would be involved.",disagree,gold_300,23,0.0,0.0,0.0,0.043478260869565216,False,False,False,False,False,369,0.01084010840108401,0.013550135501355014,0.013550135501355014,0.0975609756097561,True,False,True,True,False
"The loud sound of a motorcycle is one of its most important safety features. It's the only thing that's saved me from serious injury or death many times.

Got no such defense for loud cars, but motorcycles are different. Without the noise, you cagers would kill a lot more of us than you already do.",We kill you? Wow.,question,gold_300,4,0.0,0.0,0.0,0.0,False,True,False,False,False,55,0.01818181818181818,0.01818181818181818,0.03636363636363636,0.07272727272727272,True,False,True,True,False
"It seems that your view of politics is very simplified. For UK politics even the right wing parties still have large left wing ideas, benefits, nhs etc. 

Also your last sentence about right wing politics being selfish should be views as pretty much all politicians are selfish and act for their benefit","I understand that I'm simplifying, obviously no-one is 'purely' right- or left-wing. But my view is that right-wing *ideas* are inherently selfish (not *necessarily* that right-wing people are selfish).",disagree,gold_300,33,0.030303030303030304,0.06060606060606061,0.030303030303030304,0.06060606060606061,True,False,True,True,False,52,0.019230769230769232,0.0,0.0,0.15384615384615385,True,False,False,True,False
Why would differing opinions on religion or politics be a deal-breaker?,"Some religions prohibit dating/marrying people of other religions. Also, some people with conservative religious views see people with liberal or secularist views as immoral and vice versa.",statement,gold_300,28,0.0,0.0,0.0,0.17857142857142858,False,False,False,False,False,12,0.0,0.0,0.0,0.16666666666666666,False,False,False,False,True
"There's no way to know how well-behaved anyone will be before allowing them in. Dogs pose no more risk than anybody else. Toddlers can also contaminate food &amp; bite (I wish I didn't know about the biting from experience). 

I don't believe allergies are a valid reason for banning dogs, because we allow lots of things in public that people have allergies to. Perfumes and peanuts come to mind.",Did you SERIOUSLY just imply that a fucking dog's bite is no worse than a toddlers?,disagree,gold_300,16,0.0,0.0625,0.0625,0.125,False,False,True,False,True,70,0.0,0.05714285714285714,0.04285714285714286,0.1,True,False,True,False,False
I thought it was an argument for avoiding being next to the guy the police are shooting at.,"A very good point, I will keep it in mind.",agree,gold_300,10,0.0,0.0,0.0,0.0,False,False,False,False,False,18,0.0,0.0,0.0,0.05555555555555555,False,False,False,False,False
"&gt; My point is that photo ID's are a way of making the voting process safer, this is not a restriction or limitation, it's just one more easy to comply requirement, like having to get out of your bed, go to the voting location, fully dressed and without breaking the law and vote.

My argument exactly. I agree that, in a sense, it could be perceived as a poll tax, but I don't think that justifies allowing the loophole to exist; if anything, it proves that having to pay to verify you are who you say you are (not just that you have the right and ability to vote, but that you are this specific person with the right and ability) is unconstitutional as well.",How do you feel about democracy in general?,question,gold_300,8,0.0,0.0,0.0,0.0,False,False,False,False,True,125,0.016,0.024,0.024,0.056,True,False,True,True,False
"I think reddit has a much more extensive and accessible collection of shocking and explicit content.  While some of it you'd have to search out and find, some of it makes frequent reappearances. r/spacedicks often attracts a lot of attention each time it's brought up. If a teen were to willingly seek out shocking and disturbing content it would be very easy to find loads of it. Sub-reddits are networked to provide any kind of disturbing content quickly and provide the most shocking submissions easily. I feel awful just mentioning a place like /r/watchpeopledie, there are others that I've decided against even mentioning.",Well is watching people die appropriate for any age?,disagree,gold_300,9,0.0,0.0,0.0,0.0,False,False,False,False,True,106,0.0,0.0,0.02830188679245283,0.1320754716981132,True,False,False,False,False
"I can relate to that.  I've been making an effort not to do that lately.

I learned how by posting to /r/conservative for a while.  They delete comments from an opposing view, but they aren't very smart and often don't recognize them.  I think it's interesting to disagree, and sometimes even insult, without them being aware of it.

edit:  Whoops!  Maybe they'll start watching for me on /r/conservative from now on.","Because /r/politics is a bastion of higher learning if i've ever seen one,",disagree,gold_300,14,0.0,0.0,0.07142857142857142,0.0,False,False,False,False,False,73,0.0136986301369863,0.0410958904109589,0.0684931506849315,0.0136986301369863,True,False,True,True,False
It isn't that no one is producing.  It is more that people are significantly less rich than they would be if the population was growing.  With less wealth comes a lower standard of living.,!delta Such is the world we live in I suppose. Our basic standard of living requires complex economics to function. That means lots of people,agree,gold_300,25,0.0,0.0,0.0,0.08,False,False,False,False,False,34,0.0,0.058823529411764705,0.029411764705882353,0.029411764705882353,True,False,True,False,False
OPs post is in general.  This reply is in general.,"The OP is saying ""if I go"", so they are talking about themselves, not in general.",disagree,gold_300,16,0.0,0.0625,0.0,0.0,False,False,True,False,False,10,0.0,0.0,0.0,0.0,False,False,False,False,False
"Yeah, but they didn't know *how* the US was spying on their communications and the extent of its capabilities. It was an unknown and, *at the very least*, that *unknown* would create an aura of uncertainty.

It's like a one of those generic mafia films, where the mobsters can never be sure whether or not their phones are tapped or their homes are bugged. It creates a certain level of paranoia. I mean, did the cops bust your jewelry heist 'cuz they tapped your phone? Was it just poor planning? Was there a mole? Obviously, any movie mobster is gonna operate under the *assumption* that his phone is bugged, but he can't no for sure until its too late. Unless he has a mole or something. But, you know, whatever.","&gt;Yeah, but they didn't know how the US was spying on their communications and the extent of its capabilities.

What specifics changed this?",question,gold_300,24,0.041666666666666664,0.041666666666666664,0.041666666666666664,0.20833333333333334,False,False,True,True,True,130,0.023076923076923078,0.038461538461538464,0.023076923076923078,0.13846153846153847,True,False,True,True,False
"I agree with you that if you and your fiance don't think it's responsible to have kids, then don't. I wish more people who didn't feel they could adequately support children would adopt the same view, honestly. 

However, I don't think that you can decide as a blanket statement for everyone else whether or not it's responsible to have children. As you mentioned, other people have different circumstances and considerations. A couple in their early 30s, in stable and established careers with a combined income in the 6 figures would be in a very different position, at least in the short term. The world may certainly change in unexpected ways, but those future children could be the ones to change things for the better.","I agree. Your example goes under my ""much richer"" exception.",agree,gold_300,10,0.0,0.0,0.0,0.1,False,False,False,False,False,123,0.016260162601626018,0.04065040650406504,0.04878048780487805,0.08130081300813008,True,False,True,True,False
"No ones saying it should be unsafe.  The men wouldn't be assaulting anyone, just being flirty.

There's got to be some net-benefit to evening the playing field, no?  Right now it's unsafe and intimidating for most women, because of men.  How is that better?","&gt; The men wouldn't be assaulting anyone, just being flirty.

Except the dudes being flirted with may not take kindly to a dude hitting on them and fights will occur.",disagree,gold_300,30,0.03333333333333333,0.06666666666666667,0.03333333333333333,0.16666666666666666,True,False,True,True,False,45,0.0,0.06666666666666667,0.06666666666666667,0.1111111111111111,True,False,True,False,True
"Oh, I know this has no chance in hell of happening in the foreseeable future. People constantly throw around ""end the war on drugs"" as a way of blaming drug laws for criminal activity, and I'm wondering whether anyone actually has a feasible plan for making that work. I personally think it's impossible to do without making the costs outweigh the benefits.",Check out the Brazil's way of combating crack-cocaine use. They have decriminalized possession but made mandatory educational measures and community service instead of prison.,statement,gold_300,25,0.04,0.0,0.04,0.12,False,False,False,True,False,62,0.0,0.016129032258064516,0.03225806451612903,0.0967741935483871,True,False,True,False,False
"&gt; The piece of the equation that everyone is leaving out here is that in WWII, the Allies won the war. Had Germany/Japan won, the Hiroshima and Nagasaki bombers would have been prosecuted and likely executed, while the guy who is the subject of this article would have lived out his life in peace and quiet.
&gt; The winners make the rules.

Had Germany and Japan won, they would have had kangaroo courts give whatever absurd judgments they wanted. That's not a valid comparison.

Here's a valid comparison: how many Axis officers were tried for war crimes based on strategic bombing? The answer is none. It was not considered against the rules of war at the time.",Nor was genocide.,disagree,gold_300,3,0.0,0.3333333333333333,0.0,0.0,False,True,True,False,False,118,0.0,0.025423728813559324,0.01694915254237288,0.09322033898305085,True,False,True,False,False
"While I agree that it would be difficult to regulate, I'm not convinced that is strong enough to warrant it's illegalization.

However, the disproportionate targeting of poor people is a strong enough argument to warrant my switching to a more neutral position on this issue. I believe major economic reform is needed to avoid scenarios like this but in our current economic environment...you make a good point. Is it that much different than stripping though? It seems like many women in poverty turn to stripping for the reasons listed above and while sex is obviously far more extreme, I'm not seeing the clear difference from a legal perspective.

Edit: Also porn. Doesn't porn already target the poor?

&amp;#8710;",What if prostitution were only allowed in brothels? Would that make it significantly safer?,question,gold_300,14,0.0,0.0,0.0,0.21428571428571427,False,False,False,False,True,119,0.025210084033613446,0.025210084033613446,0.03361344537815126,0.08403361344537816,True,False,True,True,False
"&gt; Tempting as hell, the Pepsi is now moved to the front of the fridge.

Open the fridge. [Do it!](https://www.youtube.com/watch?v=nuHfVn_cfHU)

You're the only one stopping yourself. Seriously, are you going to let your dislike for something stop you from doing something you've already decided to achieve? Of course not! 

You'll survive.probably. ;)",... I've done it.,statement,gold_300,3,0.0,0.0,0.3333333333333333,0.0,False,True,False,False,False,60,0.0,0.016666666666666666,0.05,0.15,True,False,True,False,False
There's no such thing as a 100% solution.,Well there you go. Your view has been changed from what you posted,statement,gold_300,13,0.0,0.0,0.0,0.15384615384615385,False,False,False,False,False,7,0.0,0.14285714285714285,0.14285714285714285,0.0,False,False,True,False,False
"First of all, this is not a post about gender equality, its about how to respectfully leave the bathroom for the next person. I am all for equal rights for men and women. I am not one of those rant and rave redpill folks. I think men, women, transgender or whoever you are deserves to be treated with the same respect. And that is where this view comes from. How is asking me to put the toilet seat down for her convenience, any different from me asking a woman to put it back up when she's done for my convenience? It only takes like 2 seconds to change the position of the seat anyway so why not just leave it as you leave it? Or if you think it should be left for the next person's convenience it would actually make more sense to leave it up if you have more men in your house than women because we pee more often than we poop so the up position will be more necessary. But really, it takes like 2 seconds.

EDIT: Holy shit this was not something I expected to blow up like this. I appreciate all the feedback. 
_____

&gt; *Hello, users of CMV! This is a footnote from your moderators. We'd just like to remind you of a couple of things. Firstly, please remember to* ***[read through our rules](http://www.reddit.com/r/changemyview/wiki/rules)***. *If you see a comment that has broken one, it is more effective to report it than downvote it. Speaking of which,* ***[downvotes don't change views](http://www.reddit.com/r/changemyview/wiki/guidelines#wiki_upvoting.2Fdownvoting)****! If you are thinking about submitting a CMV yourself, please have a look through our* ***[popular topics wiki](http://www.reddit.com/r/changemyview/wiki/populartopics)*** *first. Any questions or concerns? Feel free to* ***[message us](http://www.reddit.com/message/compose?to=/r/changemyview)***. *Happy CMVing!*",Both ya filthy bastards need to just close the lid.,disagree,gold_300,10,0.0,0.0,0.0,0.1,False,False,False,False,False,320,0.003125,0.015625,0.0125,0.18125,True,False,True,True,False
"I agree with you, but, will try to change your view.

John has used heroin for 10 years. He knows that using heroin is illegal, expensive, and he spends $100 of the $200 he gets paid weekly working at Pizza Hut to pay for his heroin. He uses the other $100 to buy food, but, that money isn't enough to feed himself and his son.

Maria has not used any illegal substances, and, works hard at her job at WalMart and gets paid $200 per week. She spends $100 on tutoring for her daughter to help her daughter get better grades in school. She uses the other $100 to buy food, but, that money isn't enough to feed herself and her daughter.

Maria and John both have only $100 to spend on food and need more money. Who do you think should get the money?","Maria obviously, but there is no cost effective way for the government to do that.",disagree,gold_300,15,0.06666666666666667,0.06666666666666667,0.0,0.0,False,False,True,True,False,137,0.021897810218978103,0.021897810218978103,0.014598540145985401,0.11678832116788321,True,False,True,True,True
"Sorry, I hadn't realized that you had already awarded deltas before. But yes, you're welcome to award more to others who have helped change your view.","no worries, more than happy to give credit where credit is due. Thanks again, cheers!",agree,gold_300,15,0.0,0.06666666666666667,0.0,0.13333333333333333,False,False,True,False,False,26,0.038461538461538464,0.038461538461538464,0.07692307692307693,0.19230769230769232,False,False,True,True,False
Why not just reward them to begin with and spare the suffering?,"&gt;reward

I dont think that word means what you think it means",disagree,gold_300,13,0.0,0.0,0.0,0.15384615384615385,False,False,False,False,False,12,0.0,0.08333333333333333,0.0,0.0,False,False,True,False,True
A medical decision is not a crime. Trying to criminalize it is.,"The crime isn't the part of the analogy I was going for, it's the fact that sex could be seen as consenting to pregnancy.",disagree,gold_300,24,0.0,0.041666666666666664,0.08333333333333333,0.0,False,False,True,False,False,12,0.0,0.08333333333333333,0.0,0.08333333333333333,False,False,True,False,False
"Perhaps a compromise would be to provide some minimum level of power, water, etc for free, then charge for ""overages"" essentially. Of course, determining what a minimum standard is would be quite difficult.",I think any minimum level at all would still make a difference to most people.,agree,gold_300,15,0.06666666666666667,0.0,0.0,0.0,False,False,False,True,False,33,0.0,0.0,0.0,0.09090909090909091,True,False,False,False,False
"Syntactically, he said ""They (all mexicans) are rapists.""  He just also seems to see the moral grayness that some rapists can be good people too. #teachthecontroversy",I really don't think that's what he meant...,disagree,gold_300,8,0.0,0.125,0.25,0.0,False,False,True,False,False,26,0.0,0.0,0.0,0.19230769230769232,False,False,False,False,False
Why shouldn't they pursue someone who broke the law? That's they're job. They're the government. They can't just let him off because he did something that was morally defensible. Just shrugging their shoulders would make the US and Obama look incredibly weak.,If only they pursued the guy who stole my bike last year like they're pursuing this guy...,disagree,gold_300,17,0.0,0.0,0.058823529411764705,0.11764705882352941,False,False,False,False,False,42,0.0,0.047619047619047616,0.11904761904761904,0.047619047619047616,True,False,True,False,False
"So a person who is unable to look after their own well-being should be prioritized over someone who can.

Is that more accurate?","Legally speaking, in the case of a child, yes. The child's safety and well being outweighs that of either parent.",agree,gold_300,20,0.0,0.0,0.05,0.05,False,False,False,False,False,24,0.0,0.0,0.0,0.041666666666666664,False,False,False,False,True
Maybe the managers need questioned and the not the white people they hired?,"That's the point.  It's not the fault of those who receive the preferential treatment, it's the fault of those that create it.",agree,gold_300,22,0.0,0.045454545454545456,0.13636363636363635,0.0,False,False,True,False,False,13,0.0,0.07692307692307693,0.0,0.15384615384615385,False,False,True,False,True
"Yes, supported by the United States.",Because we didn't care anymore.,statement,gold_300,5,0.0,0.2,0.2,0.2,False,True,True,False,False,6,0.0,0.0,0.0,0.16666666666666666,False,False,False,False,False
"I am very confident this is the correct answer. My view can be changed if someone can cite a tournament ruling proving otherwise (for example, breaking hotels down to houses to prevent others from buying houses warrants a game loss in a tournament scenario).

Monopoly is played on a competitive level, so it should not be difficult to find rulings for these questionable situations.",[I did.](http://www.reddit.com/r/changemyview/comments/2qb4ra/cmv_i_think_the_board_game_monopoly_is_poorly/cn4ob5c),disagree,gold_300,23,0.0,0.0,0.0,0.30434782608695654,False,False,False,False,False,64,0.0,0.015625,0.0,0.15625,True,False,True,False,False
"The word __atural_ implies something derived from nature, separate from humans. But why is there this distinction? Humans are obviously a part of and are derived from nature. So unless you__e under any religious persuasion, the word shouldn__ have any meaning. It seems outdated and non-applicable. 

For instance it__ meaningless to me when someone says __t__ only natural_. What isn__ natural? 

Saying __his happens in nature_ is the same as saying __his happens_. Because everything happens in nature. 

And so on.","To address the semantics argument that people are making, this is still inaccurate. There are elements that exist on Earth only because scientists created them.

[source](https://en.wikipedia.org/wiki/Synthetic_element)

These are not natural.",disagree,gold_300,37,0.02702702702702703,0.02702702702702703,0.0,0.1891891891891892,True,False,True,True,False,83,0.012048192771084338,0.0,0.0,0.12048192771084337,True,False,False,True,False
"While I'd agree with most of what you're saying, I'd claim it doesn't matter *at all*. 

By saying that a woman can be forced to carry a baby to term, we're giving that entity (doesn't matter what it is) a right that we don't give to any other beings. 

If your born child, or an adult, tried to attach itself to your body we would say you have a right to defend yourself, unequivocally. It wouldn't matter whether that person needed your body to live or not. 

So *even if* a fetus is a full human being with full human rights, and a consciousness that extended out to adulthood, so what? We still wouldn't give it the right to do what a fetus does to a mother against her will.

Now, *voluntarily* agreeing to host someone for a time is perfectly acceptable, and most people would even praise a person for doing this. But even if you did this, you *still* have the right to detach them if you change your mind. We might even look down on them morally if they did that, but we would all agree that they have the right. 

Any other stance goes completely against the notion that we have any rights of self-ownership or self-defense.",So abortion should be legal until the moment before birth?,question,gold_300,10,0.0,0.0,0.0,0.0,False,False,False,False,True,213,0.018779342723004695,0.028169014084507043,0.04225352112676056,0.018779342723004695,True,False,True,True,False
"Heh... I don't think people'd stomach a head tax unless they also got a dividend. You could do a ""mandatory tax when there's a deficit, payout when there's a surplus"" thing I suppose.

Over the long term, wouldn't a land-value tax give people incentive to divest themselves of land? Like, why keep the family farm when you could split it into three plots for your kids -- not necessarily more efficent/productive, but you'd save them money...",To what themselves land?  Honest confusion.,question,gold_300,6,0.0,0.0,0.0,0.0,False,False,False,False,False,77,0.012987012987012988,0.03896103896103896,0.07792207792207792,0.03896103896103896,True,False,True,True,False
"&gt; The radio spectrum itself (like land itself) is a public good, and most uses of it are zero-sum.

The radio spectrum (and land for that matter) is not a public good as it is rivalrous.

&gt; For that matter, how would the radio spectrum be parceled out in a voluntarist society?

The answer to this depends on the laws that develop. You can't really predict what will happen anymore than you can predict what cell phones will be like in 20 years (if they are even still widely used).

Some possibilities have been suggested though, but you still have to take them with a grain of salt. One is that the radio spectrum could be homesteaded. Thus if you start broadcasting on an unused frequency, you then gain a property right in that frequency in the area that your broadcasts meaningfully reach. Exact details, though, would depend on the emergent law.","&gt; The answer to this depends on the laws that develop. 

Isn't the whole point of voluntarism that you're not bound by a law if you didn't vote for it?",question,gold_300,30,0.0,0.1,0.1,0.06666666666666667,True,False,True,False,True,152,0.03289473684210526,0.013157894736842105,0.006578947368421052,0.08552631578947369,True,False,True,True,False
"I don't feel like my ability to detect racism is taken away by my tendency to treat everyone the same regardless of race.

I can still tell pretty easily when someone else is being racist, and I would not be opposed to letting them know about it. I'm not saying we should stop educating people about what is not acceptable. They do this in most schools nowadays, and should continue to do so.","Sorry, I didn't read the first post carefully, and I misunderstood what you meant by colorblindness.",statement,gold_300,16,0.0,0.0625,0.0625,0.0625,False,False,True,False,False,73,0.0136986301369863,0.0547945205479452,0.0273972602739726,0.0410958904109589,True,False,True,True,False
You are again mixing the idea of free speech vs saying whatever you want.,How so? I'm talking specifically about limits on free speech.,disagree,gold_300,10,0.0,0.0,0.1,0.1,False,False,False,False,False,14,0.0,0.0,0.0,0.07142857142857142,False,False,False,False,False
"Personally, I think you're overreacting waaaaaaaay too much. 

&gt;That I'm worried, because these individuals are heavily into gay culture that they will act 'very gay' and almost make the whole wedding about them being gays at a straight wedding look at us. 

Then you wouldn't have a problem that they're gay. You'd have a problem that they're being assholes. Gay people can be assholes too. Anyone that makes a wedding which is not theirs all about them is an asshole, gay, strait or whatever.",Haha true point. They are all a bit of a douche - regardless of if they are gay or not!,agree,gold_300,19,0.0,0.05263157894736842,0.0,0.0,False,False,True,False,False,85,0.0,0.023529411764705882,0.07058823529411765,0.09411764705882353,True,False,True,False,False
"Clearly, X is better than Y, for a number of reasons. 

1. Pronunciation. Saying X has a stronger, more powerful sound than saying Y, which only manages to sound a bit whiny, perhaps because is is too close to ""why.""

2. Exclusivity. Only about 300 words in English start with X. Y starts over 700 (per Wolfram-Alpha, and this appears to include proper nouns). X appears in only 0.15% of English words, while Y appears in far more. I could not find an estimated percentage, but so many adverbs end in ""ly"" that it rather proves my point. Even though it's so exclusive, it is so much more versatile, as shown below.

3. Consistency. X is always a consonant. Y? Well, it cannot make up its mind. 

4. Scrabble. X is worth twice as many points (8:4). 

5. Use in math. First, x is almost always the first letter used as you learn algebra. This could go with consistency above as well, but the x-axis shows the constant, stable variable. 

6. Appearance. X has a strong, stable stance. Y looks like it could topple over in a slight breeze. 

7. Sex. Our favorite word not only has X right in it, but the whole last 2/3 of the word sounds like saying X. Y? Nowhere to be found, unless it tags along to make something sexy. Not to mention the uses of XXX, and the fact that fairer sex is made up of X chromosomes. Y gives us baldness, hairy backs, and emotional immaturity. 

8. History. Malcolm X, not Malcolm Y. There's even ""American History X.""

9. Versatility in other areas. X can be used to show that something is crossed out, used as a check mark to indicate the choice on a form, used in cartoons to show that a person is dead, used in medicine (x-rays), used to show treasure on a map, 

10. = X. 

11. ~~No one has ever died in a state spelled with an X. Kentucky, New Jersey, New York, and Wyoming combine for 10% of the deaths in the US each year~~ I somehow came up with the 4 Y states off the top of my head and also thought there were no X states. New Mexico and Texas. 

12. If you're talking about unknown items, you always say ""X is better than Y,"" never ""Y is better than X"". 


EDIT: It worked. I was forced to rethink some of my strongest points. I still may think that X is better, but I can see that Y has its merits and can sometimes be even superior. Very clever responses in many cases, and I'm afraid I'll be banned for giving out too many deltas to people who make me rethink each point. 

_____

&gt; *Hello, users of CMV! This is a footnote from your moderators. We'd just like to remind you of a couple of things. Firstly, please remember to* ***[read through our rules](http://www.reddit.com/r/changemyview/wiki/rules)***. *If you see a comment that has broken one, it is more effective to report it than downvote it. Speaking of which,* ***[downvotes don't change views](http://www.reddit.com/r/changemyview/wiki/guidelines#wiki_upvoting.2Fdownvoting)****! If you are thinking about submitting a CMV yourself, please have a look through our* ***[popular topics wiki](http://www.reddit.com/r/changemyview/wiki/populartopics)*** *first. Any questions or concerns? Feel free to* ***[message us](http://www.reddit.com/message/compose?to=/r/changemyview)***. *Happy CMVing!*","Y is X2.0. Its sleeker, slimmer and sexier. All the extra bits have been taken out. And it saves on ink usage.",disagree,gold_300,22,0.0,0.0,0.0,0.18181818181818182,False,False,False,False,False,565,0.010619469026548672,0.01592920353982301,0.012389380530973451,0.1486725663716814,True,False,True,True,False
"Yes, I thought it was obvious too until nearly everyone gets confused on why I am not from China.","&gt; As a Chinese

You seem to at least partially identify yourself as such.",disagree,gold_300,14,0.0,0.0,0.0,0.0,False,False,False,False,False,19,0.0,0.05263157894736842,0.0,0.05263157894736842,False,False,True,False,False
"Ok, how is that difference relevant? Many countries with less guns than the US still have their police carry guns.",my point was only countries with much less guns than the US don't have their police carry guns,disagree,gold_300,18,0.0,0.05555555555555555,0.05555555555555555,0.16666666666666666,False,False,True,False,False,20,0.05,0.0,0.0,0.15,False,False,False,True,False
"I'm assuming you mean that you intend to live off the bush, hunting your own food, boiling your own water, etc. Whether you are to die depends on if you intend to remain like this forever or if you still potentially want to .. well.. do *something* productive with the rest of your life. If you intend to remain like this forever, it would go against this philosophy so I would have to put you to death. 

edit: the thing is... no person in this day and age would do that.. at least I don't see it happening. It's like reverting back to times past where we had less technology and means to everything.",You've never heard of the Amish?,disagree,gold_300,6,0.0,0.16666666666666666,0.16666666666666666,0.16666666666666666,False,False,True,False,True,113,0.008849557522123894,0.017699115044247787,0.02654867256637168,0.035398230088495575,True,False,True,True,False
"We don't vote on all laws in this country. We vote for politicians who are supposed to represent us. Many politicians are looking out for the big businesses, not for the individuals in America. It would be more expensive for companies to give us more time off, so they don't.","Yeah, but you still elect those politicians and could chose ones that worked for you instead of workng against you. You could run yourself. It's democracy.",disagree,gold_300,26,0.07692307692307693,0.0,0.038461538461538464,0.11538461538461539,False,False,False,True,False,50,0.0,0.06,0.04,0.12,True,False,True,False,False
"I'm less inclined to criticize a private university as I am a public university.  They're private companies and can do what they want.   (Standford is private, right?   I don't follow it all that close, I feel like an idiot... haha)","&gt;  They're private companies

Private universities are still non-profit entities.",disagree,gold_300,11,0.09090909090909091,0.0,0.09090909090909091,0.2727272727272727,False,False,False,True,False,40,0.0,0.025,0.075,0.075,True,False,True,False,False
"Also I bet if every album cost a quarter and every song cost 5 cents to download, there was a high quality, fast website to download them from where you knew you wouldn't get a virus, and they let you own the download exactly like when you pirate it, you would pay for the songs.",the virus thing is sorta bull if you ask me,disagree,gold_300,10,0.0,0.0,0.0,0.1,False,False,False,False,False,54,0.0,0.018518518518518517,0.018518518518518517,0.1111111111111111,True,False,True,False,False
I actually don't disagree with that logic as long as it's 100% proven the person committed the crime and thy're repeat offenders.,perhaps. But there's still a huge chance of doing this to innocent people who've been framed.,disagree,gold_300,16,0.125,0.0,0.125,0.0,False,False,False,True,False,21,0.0,0.047619047619047616,0.14285714285714285,0.09523809523809523,False,False,True,False,False
"Yeah, I understand, but you are viewing that from your point of view as a free human. Winston should fight when he doesn't agree, but he has learnt how to not worry in his final moments, I think after all his struggle he deserves some peace.","That isn't Winston though. Winston died when they reprogrammed him. That is an automaton, a shell.",disagree,gold_300,16,0.0625,0.0625,0.0625,0.125,False,False,True,True,False,46,0.043478260869565216,0.043478260869565216,0.021739130434782608,0.08695652173913043,True,False,True,True,False
I don't even know what a sales representative is!,"Fancy word for teacher, marketer, and cashier for everyday products.",statement,gold_300,10,0.0,0.0,0.0,0.1,False,False,False,False,False,9,0.0,0.1111111111111111,0.1111111111111111,0.1111111111111111,False,False,True,False,False
"In countries that use the metric system people still say '1 cup' when referring to measurements for food. They also know that that one cup contains 250ml and that 4 of those cups is 1 litre. 

Also - there is no such thing as an imperial cup measure. The 1 cup measures that you get in the USA still hold a metric 250ml, they just add oz marking up the side instead of mls.","The 1 cup measures that you get in the USA hold a metric 240 ml.

An imperial cup is 1.2 American cups.",disagree,gold_300,19,0.0,0.0,0.0,0.10526315789473684,False,False,False,False,False,70,0.02857142857142857,0.014285714285714285,0.0,0.11428571428571428,True,False,True,True,False
"We're not talking about random dates. That's not where ""nice guys"" have the problem. The problem is the situation of asking a friend or acquaintance out and then wanting absolutely nothing to do with them of rejected and blaming them for things.

That makes you an asshole",Maybe it's too painful for them to continue going on being friends with their crush? Why do you see this as being assholish behavior?,question,gold_300,24,0.0,0.0,0.041666666666666664,0.08333333333333333,False,False,False,False,True,47,0.0,0.06382978723404255,0.0425531914893617,0.14893617021276595,True,False,True,False,False
"If that were the case, I__ pay my share of the legislative and relevant judiciary and executive budgets and nothing else.",Well that's exactly what you pay now: your share of the budget for each of the 3 branches of government.  So there's no problem...,disagree,gold_300,23,0.0,0.043478260869565216,0.08695652173913043,0.043478260869565216,False,False,True,False,False,21,0.0,0.047619047619047616,0.0,0.047619047619047616,False,False,True,False,False
"The point of making it discretionary is not to encourage wise spending, but keeping people's self-worth intact.

It doesn't have to be a big amount, but just enough so they can buy a few things to make the most of an otherwise unfortunate situation.",Do you lose your self worth when the government's help comes in a form other than cash?,question,gold_300,17,0.0,0.0,0.058823529411764705,0.0,False,False,False,False,True,45,0.044444444444444446,0.044444444444444446,0.044444444444444446,0.022222222222222223,True,False,True,True,False
"Well, the force of the ""bully"" in this case allows for free, safe trade over the oceans for any country that can afford a boat, even the ones it's not very friendly with. The end result is a greater amount of trade and prosperity for all.",Prosperity for all? Who exactly is 'all' here?,question,gold_300,8,0.0,0.0,0.0,0.0,False,False,False,False,True,46,0.0,0.021739130434782608,0.021739130434782608,0.06521739130434782,True,False,True,False,False
That first sentence expresses a nice sentiment. Can you direct me to the part of the Qu'ran in which it is included? Thank you.,It's from a letter Muhammad [sent.](http://www.cyberistan.org/islamic/charter1.html),statement,gold_300,13,0.0,0.0,0.07692307692307693,0.38461538461538464,False,False,False,False,False,24,0.0,0.0,0.041666666666666664,0.041666666666666664,False,False,False,False,False
"&gt;hes the only Ind in our federal legislative body. 

That's not actually true anymore. Angus King from Maine is also an Ind. He was only voted in 2 years ago in 2013 so it hasn't been long.",Thank you i actually was not aware,agree,gold_300,7,0.0,0.14285714285714285,0.0,0.0,False,False,True,False,False,36,0.0,0.05555555555555555,0.05555555555555555,0.1111111111111111,True,False,True,False,False
"That just becomes an unnecessary expense for bars and other businesses of whom don't have bathroom attendants. Why not leave the bathrooms the way they are and have to worry a lot less about bathroom-conflict? And not have to pay extra in employment wages to have someone essentially ""guard"" the bathrooms because some people thought ""different gendered bathrooms are dumb"". 

I really don't see any argument in this thread so far to support that there is any benefit whatsoever to desegregating public bathrooms. All I've been reading essentially is that ""well it wont benefit anyone, it'll be a little annoying, but it wont be *that* bad"". What is this thread even.",If there is so much harassment going on in a night club that they can't dare have unisex bathrooms then this night club should ALREADY have bathroom attendants frankly.,disagree,gold_300,29,0.0,0.034482758620689655,0.034482758620689655,0.10344827586206896,False,False,True,False,False,112,0.008928571428571428,0.03571428571428571,0.03571428571428571,0.08035714285714286,True,False,True,True,False
"It looks like you didn't have much trouble finding a transgender person who's not attracted to their original gender. Myself and 3 other transgender people in my group of transgender friends are attracted to women. We are all male to female transgender.

Edit: I missed a letter.","The internet is a wonderful place. 

EDIT: That's still beyond the point I'm trying to make. I'll admit I have quite a bit of ignorance regarding transgender.",statement,gold_300,27,0.037037037037037035,0.0,0.1111111111111111,0.07407407407407407,False,False,False,True,False,46,0.0,0.043478260869565216,0.043478260869565216,0.21739130434782608,True,False,True,False,False
"Racing games?

Using WASD for steering and having no way to apply variable acceleration really sucks.

Fighting games are similar.

Also how do wheels/hotas/fighting sticks figure into your view?","On the same note, moving your character with the analog stick of a controller is much more precise and fluid than wasd.",agree,gold_300,22,0.0,0.0,0.0,0.09090909090909091,False,False,False,False,False,31,0.0,0.03225806451612903,0.0,0.1935483870967742,True,False,True,False,True
Neither of those are functionality.,"Yeah they are. I don't have to worry about my phone battery, and I have a cool looking watch.",disagree,gold_300,19,0.0,0.05263157894736842,0.05263157894736842,0.0,False,False,True,False,False,5,0.0,0.2,0.0,0.0,False,True,True,False,False
"I am most concerned about the debate between the theories of libertarian free will and hard determinism, because I believe that this debate has philosophical consequences that should tend to be important to people, affecting moral responsibility and reactions of moral contempt and meritocracy. 

The closest numbered criteria that this could fall into would be number 2, meaning that you believe that the default position should be one or the other (I think, for example, that it is quite clear that hard determinism is clearly correct). 

However, I would assert that any philosophical question can be seen as having a 'true' answer (this answer could be that the question itself is logically inconsistent with the world), and people just seem to disagree on what that true answer is. So anything might be able to logically be put in that category, as long as you are able to say that the question itself is illogical.",Heisenberg's uncertainty principle highly goes against hard determinism and is far more support of volitional determinism.,disagree,gold_300,16,0.0,0.0,0.0625,0.0,False,False,False,False,False,153,0.006535947712418301,0.0,0.0,0.05228758169934641,True,False,False,True,False
"And just like that, Kant and Hobbes began spinning in their graves.","Graves?

Go on.",question,gold_300,3,0.0,0.0,0.0,0.0,False,True,False,False,False,12,0.0,0.0,0.0,0.08333333333333333,False,False,False,False,False
"Sorry, I should have used the word 'brain'. The brain is the physical object in my head that in which the process of consciousness is occurring, much the same way a program is a process that runs in a physical computer.","If consciousness isn't physical then it can't have a location i.e. in the brain, your hands or anywhere.",disagree,gold_300,19,0.0,0.10526315789473684,0.10526315789473684,0.05263157894736842,False,False,True,False,False,41,0.0,0.0,0.0,0.04878048780487805,True,False,False,False,False
It's the end of emocracy if everybody can see who you are voting for.,I'm advocating for supressing all secrecy. Decomcracy would evolve with it.,disagree,gold_300,11,0.0,0.0,0.09090909090909091,0.18181818181818182,False,False,False,False,False,14,0.0,0.0,0.07142857142857142,0.07142857142857142,False,False,False,False,False
So why doesn't a Russia just relocate half of their population around the world and just vote for every country to be Russia?,"That is the winning strategy. Now imagine if all countries, not only Russia, would partake in doing the same thing.",statement,gold_300,20,0.0,0.05,0.0,0.05,False,False,True,False,False,23,0.0,0.043478260869565216,0.043478260869565216,0.0,False,False,True,False,True
"&gt; You couldn't justly be prosecuted for fraudulent voting during the timeframe when you had obtained citizenship for example.

I don't know about that; I think it's just not worth the trouble to pursue those additional charges; they've already got you on citizenship fraud and are already canceling your citizenship. But I think they also wouldn't want to prosecute because it might have a slightly chilling effect on voting among naturalized citizens, even though the vast majority obtained citizenship legitimately.",What if they wanted a chilling effect on voting amongst actual citizens?,question,gold_300,12,0.0,0.0,0.0,0.16666666666666666,False,False,False,False,True,80,0.025,0.05,0.0625,0.1,True,False,True,True,False
"how many primary languages are there in the USA? i would say somewhere in the estimate of. 1.

you can't do the same for Europe where everything is completely different - money/currency, religions, general lifestyle.

it's also worth noting that having an EU passport means that you can go to those countries with no problems - so it is effectively like one large community anyway, and realistically, has no benefits in changing into an official 'mono-country' effectively.",For most of the history of the UK there were at least three languages widely spoken. Switzerland manages fine. Why is a single language a requirement.,disagree,gold_300,26,0.0,0.0,0.0,0.07692307692307693,False,False,False,False,False,76,0.0,0.039473684210526314,0.02631578947368421,0.14473684210526316,True,False,True,False,False
"In a realistic scenario all major cities in the US will not have 1 nuke coming towards it.  1 city will have 10+ nukes to ensure a hit.

Most humans will die, but life on earth will go on.",This is true.,agree,gold_300,3,0.0,0.0,0.0,0.0,False,True,False,False,False,36,0.027777777777777776,0.027777777777777776,0.0,0.08333333333333333,True,False,True,True,False
"Many religions hold believers to a higher standard than non-believers, so this is empirically not true.",That isn't the appropriate use of empirically.,disagree,gold_300,7,0.0,0.14285714285714285,0.14285714285714285,0.14285714285714285,False,False,True,False,False,17,0.0,0.058823529411764705,0.0,0.23529411764705882,False,False,True,False,False
"Cigarettes are the leading cause of preventable death, responsible for roughly 480,000 deaths per year in the US. 41,000 of those deaths aren't even those of users -- they are the deaths of those exposed to secondhand smoke. If you use the drug (nicotine), it can directly affect the health of those close to you. 

Smoking harms nearly every organ in the body, causing cancer and disease. Cigarettes are extremely addictive and many people can't quit even if they try.

Yet other drugs pose less threats and have a much lower or even a nonexistent fatality rate. They certainly aren't killing 1,300 people per day. 

Can you imagine if an illegal drug killed over 1,000 people everyday, users and nonusers? There would be political crusades.

For all illicit drugs combined, the number of resulting deaths were about 17,000 in 2013. For all drugs combined -- legal and illegal -- that number jumped to about 46,500 for that same year. That's an extra 29,500 deaths from legal drugs.

Cigarettes cause 10x more deaths per year than all the drugs in the US.

Why are we pouring so much time, resources and money into the Drug War to keep these *super dangerous* illegal drugs out of the hands of the American public such as marijuana (easy argument, 0 deaths) or even heroin (much more difficult argument, ~6,000 deaths in 2013) when cigarettes are so acceptable? 

Cigarettes kill nearly half a million people per year and are the direct cause for serious health issues and reduced lifespan. They are highly addictive. If the objective of the War on Drugs is to keep people safe and not addicted to drugs, how can we rationalize this continuing support of cigarettes while stigmatizing the use of other, less harmful drugs? 

- - -

**Reasons I think we overlook this high fatality rate...**

* culture and ingrained public perception of acceptance. 

Cigarettes used to be advertised as good for you and everybody knows somebody who smokes. Smoking is not something you necessarily have to hide. Jobs don't (generally) screen for cigarette smokers.

* in the eyes of the public, cigarettes aren't really ""drugs"" (i.e. they don't alter your state of consciousness; they don't get you high)

An 18 year old can legally buy as many packs of cigarettes as they want.  In the US, they can't even do that with alcohol (which gets you drunk). In states with legal marijuana, you also have to be 21 to buy/consume. 

* cigarettes don't cause immediate death. (shortsightedness)

You don't overdose on nicotine. Instead, cigarettes slowly kill you so there is no instant connection between cigarettes and death. For example, a heroin OD would be an instant ""drugs kill you."" If you smoke a cigarette, you know you aren't risking your life right that second.

- - -

**What are some other reasons we overlook this fatality rate and continue to socially and legislatively accept cigarettes?** 

*Sources*

[X](http://www.cdc.gov/tobacco/data_statistics/fact_sheets/fast_facts/) [X](http://www.drugwarfacts.org/cms/Causes_of_Death#sthash.2ALBksdH.dpbs)",Smoking cigarettes helps prevent second hand bullets,statement,gold_300,7,0.0,0.0,0.0,0.42857142857142855,False,False,False,False,False,488,0.0020491803278688526,0.028688524590163935,0.02459016393442623,0.13319672131147542,True,False,True,True,False
"Hmm, odd. Well, I can't fault Apple for focusing on their products. Just seems odd that the devs for the other browsers haven't tried to optimize their's for iOS.","Well we are talking about Mac, on iOS they all use the same browser engine",disagree,gold_300,15,0.0,0.0,0.0,0.06666666666666667,False,False,False,False,False,29,0.0,0.06896551724137931,0.10344827586206896,0.20689655172413793,False,False,True,False,False
"The football team lost by 30 points, they played just like a Rippsonite.

That guy just drove through a redlight and almost hit someone, he's driving like a Rippsonite.

You got 80% of the questions wrong on the test!  What's wrong with you are you a Rippsonite or something?",I know you are but what am I?,disagree,gold_300,8,0.125,0.0,0.0,0.0,False,False,False,True,True,47,0.0,0.0,0.0425531914893617,0.0851063829787234,True,False,False,False,True
because state ownership is not the definition of socialism.,"From the OP:

&gt; ""Socialism"" is defined as a system in which the government owns the means of production",disagree,gold_300,19,0.0,0.0,0.0,0.10526315789473684,False,False,False,False,False,9,0.0,0.1111111111111111,0.0,0.0,False,False,True,False,False
"I don't think it is all that disgusting to pee in the shower, but it should be discouraged at an early age. If they think its okay to pee in the shower then logically to the child it is okay to use it the same as the toilet. Meaning that you could have to clean something out of your shower. This something being the child's poop.",Can agree. I pooped in the shower around age 3-4,agree,gold_300,9,0.0,0.0,0.0,0.0,False,False,False,False,False,66,0.015151515151515152,0.015151515151515152,0.030303030303030304,0.045454545454545456,True,False,True,True,False
"Sure, of it was flown by one particular group in the UK.",Also because you know... We were considered traitors by England.,statement,gold_300,10,0.0,0.0,0.0,0.1,False,False,False,False,False,12,0.0,0.0,0.0,0.0,False,False,False,False,False
"So I currently got handed an HOA that wasn't my choice via being the executrix for my late father's estate. 

The people in that community have to be the most miserable, fun-sucking, batshit excuses for human beings I've ever met. There is nothing neighborly about anything they do. 

I have witnessed in the last six months, no less than 12 times several of the members threaten to sue each other (one of the times was because one of the residents was sitting on her lawn grilling out with friends and there was a kiddie pool with ice and Bud Lite in it) for everything you could possibly think of. 

My father wasn't even living there when several of the votes came through for all of the ""upgrades"" that were decided on for the community (they're condos) which is costing about $2000 per resident for a slightly larger wooden deck. Trust me when I say it's not worth $2000. At least 3 of the residents take every email as a personal attack against them and proceed to let everyone know they're forwarding everything to their lawyer for harassment. 

I've also been told the door needs to be replaced because it's not current with what they want and they took off his screen door without even asking me because ""it was voted on"". 

In addition, his dues for the year already total over $2000 and this is in KENTUCKY.

I hate all of them, they're all crazy and make me want to punch kittens. I will be informing them via email the day the condo is sold and I no longer have to deal with them, exactly how fucking crazy they are.",Executrix is an awesome word.,statement,gold_300,5,0.0,0.0,0.0,0.0,False,True,False,False,False,276,0.0,0.025362318840579712,0.036231884057971016,0.09057971014492754,True,False,True,False,False
"No, they're addictions.","In which case, how do you define what is/isn't a mental illness?",question,gold_300,13,0.0,0.07692307692307693,0.07692307692307693,0.0,False,False,True,False,True,3,0.0,0.3333333333333333,0.3333333333333333,0.3333333333333333,False,True,True,False,False
"Source: http://www.niaaa.nih.gov/alcohol-health/overview-alcohol-consumption/alcohol-facts-and-statistics

Looks like I was wrong about that number though, it's 25% of users who binge drink. The number for AUD (Alcohol Use Disorder) is closer to 10%. 

Addiction is diagnosed as a ""Substance Use Disorder"" based on criteria established in the DSM-V, which was recently updated and they changed the criteria around quite a bit.",Cool thanks.,agree,gold_300,2,0.0,0.0,0.0,0.0,False,True,False,False,False,69,0.014492753623188406,0.0,0.014492753623188406,0.14492753623188406,True,False,False,True,False
What's the point of telling you again when you can't get it despite my pointing it out the first time?,"Indulge me, since you are clearly so well-informed.",statement,gold_300,9,0.0,0.0,0.0,0.0,False,False,False,False,False,20,0.0,0.05,0.1,0.0,False,False,True,False,True
"I just learned not to long ago that the Oxford comma, or when you apply a comma to the last word of a list. For example:

I am having a surprise party today: I need ice cream, balloons**,** and chairs. 

The oxford comma says that a comma should be where I bolded. However, I learned that some people are taught that they *don't* need to put a comma there, which would read as 

I am having a surprise party today: I need ice cream, balloons and chairs.



Why is this such a big deal? You can clearly understand what I am saying there. But what if the sentence made a tad less sense?


For example, I was eating a restaurant to too long ago and was looking at what flavor of wings they have. They had A, B, C.Y and Z. 

I was going to order two types, A and Y and Z. I assumed that Y and Z was a combination of two flavors. 


This is only but one anecdotal evidence for why I find the Oxford strictly better in almost every case. The only case where I believe it can be argued is in journalism where they can only use so many characters.


Also, [here's](http://i.imgur.com/rTEJkwH.jpg) a funny example of what I mean.","Sometime it improves the sentence, sometimes it doesn't.",disagree,gold_300,8,0.0,0.125,0.125,0.125,False,False,True,False,False,221,0.013574660633484163,0.00904977375565611,0.00904977375565611,0.08144796380090498,True,False,True,True,False
"&gt;Personally, I do not think that victims of any serious, mentally traumatizing crime should be given a lecture on how they could have avoided their plight. This is distasteful, especially after the fact, even if it is well meaning. However, I do not think that these warnings are a result of ""rape culture"". CMV!

But you do acknowledge that that happens a lot right? That people try to give rape victims ""advice"" after the fact? Because that's exactly what rape culture is.  

People put so much effort into looking at how to blame the victim rather than putting the full force of their ire at the perpetrator.  

Look at any rape case involving a prostitute and see how those get treated. It's disgusting.","I think that it's distasteful, but not meant to excuse or trivialize the crime of the rapist. Some people don't fully consider that this is rude and pointless.",disagree,gold_300,28,0.03571428571428571,0.07142857142857142,0.07142857142857142,0.0,False,False,True,True,False,124,0.016129032258064516,0.016129032258064516,0.016129032258064516,0.07258064516129033,True,False,True,True,False
"You're right about it becoming a de facto requirement for participation, and I suppose that the status quo is just a little more conservative than what I think would be the optimum level of use if it were made legal",You might be interested in this article: http://sports.espn.go.com/dallas/nba/news/story?id=4581839,statement,gold_300,17,0.0,0.0,0.0,0.29411764705882354,False,False,False,False,False,40,0.0,0.0,0.025,0.025,True,False,False,False,False
"That's a pretty good idea. Maybe even set the first friday for every month for public swimming pool to be opened for blacks only, so that they wont feel that they'll be mocked by other races for learning to swim.",Pools Closed.,disagree,gold_300,2,0.0,0.0,0.0,0.0,False,True,False,False,False,40,0.0,0.0,0.05,0.1,True,False,False,False,False
"A few months ago, my brother was taking a constitutional law class, and he came home and explained to us how his professor was telling them that coercion/duress was never a defense to murder, i.e. if someone held a gun to your head and said kill that person over there or die, you are stilly legally responsible if you shoot the person over there. I've been looking for sources. So far, I've found one about how that's the law in [California](http://www.shouselaw.com/duress.html#1.2) and a source that lists all the defenses to the charge of murder, and [does not include duress/coercion](http://criminal.findlaw.com/criminal-charges/first-degree-murder-defenses.html). I'll edit more sources in as I find them.

Edit: This is about [international law](http://www.lawschool.cornell.edu/research/ILJ/upload/Heim-final.pdf), but in response to OP's question, it clearly eliminates duress/ coercion as a full defense to murder of innocents","Wouldn't that be self defense though? Either I shoot that person, or I get shot.",question,gold_300,15,0.06666666666666667,0.06666666666666667,0.06666666666666667,0.0,False,False,True,True,False,164,0.006097560975609756,0.012195121951219513,0.03048780487804878,0.16463414634146342,True,False,True,True,False
"Thank you!  I am seeking a debate on specifically the utility of racial profile.

Its like I am asking CMV on how I think apples are tasty, and everyone is saying I should try oranges.

Thank you for understanding.","It's only of utility if your crime rates across races are constant and known, otherwise it's highly exploitable, disruptive and ends up looking very much like systematic racism.",disagree,gold_300,28,0.0,0.0,0.07142857142857142,0.10714285714285714,False,False,False,False,False,39,0.0,0.0,0.0,0.07692307692307693,True,False,False,False,False
"Why does the duration the hypothetical rescuer holds the person  over the cliff determine whether it's murder?


It doesn't seem it's because one is deliberate because in one of those hypotheticals the person deliberately let's go yet you ruled it an accident.",They're not even close to the same scenario so it's pointless to compare the two,disagree,gold_300,15,0.0,0.06666666666666667,0.13333333333333333,0.0,False,False,True,False,False,42,0.023809523809523808,0.023809523809523808,0.09523809523809523,0.07142857142857142,True,False,True,True,False
"We live in a world now that is monopolized by websites like Facebook, Twitter, Instagram, etc. These technologies, in addition to the advent of smartphones, have changed the way we interact with one another for the worse. 

Thirty years ago, if I wanted to talk to a friend, I would physically go and see them. I would make connections that can only be made in person--I would look them in the eye and really see what they were feeling, and further improve my relationship with them.

Now, instead, people would Facebook message or text message that friend. Calling is a more healthy means of communication in that you actually hear each other's voice and it's often abbreviated to a few minutes, but texting ruins the relationships it seeks to create. It replaces actual, meaningful conversation with a 24/7 drone of sore fingers and artificial emotional connections.

CMV--is there some benefit, on a deeper level, to these tools that I am missing?
_____

&gt; *Hello, users of CMV! This is a footnote from your moderators. We'd just like to remind you of a couple of things. Firstly, please remember to* ***[read through our rules](http://www.reddit.com/r/changemyview/wiki/rules)***. *If you see a comment that has broken one, it is more effective to report it than downvote it. Speaking of which,* ***[downvotes don't change views](http://www.reddit.com/r/changemyview/wiki/guidelines#wiki_upvoting.2Fdownvoting)****! If you are thinking about submitting a CMV yourself, please have a look through our* ***[popular topics wiki](http://www.reddit.com/r/changemyview/wiki/populartopics)*** *first. Any questions or concerns? Feel free to* ***[message us](http://www.reddit.com/message/compose?to=/r/changemyview)***. *Happy CMVing!*","&gt; Thirty years ago, if I wanted to talk to a friend, I would physically go and see them.

You wouldn't have used a phone to call them in 1984?",disagree,gold_300,29,0.0,0.034482758620689655,0.034482758620689655,0.06896551724137931,False,False,True,False,True,285,0.0035087719298245615,0.0035087719298245615,0.014035087719298246,0.21754385964912282,True,False,True,True,False
"&gt;And your point about making a swastika pizza applies to the Pizza makers in my example. They didn't ""arbitrarily refuse to serve some members of the community"", they refused to cater to a certain type of event. It's like an atheist pizza maker refusing to cater a ""God hates sinner atheists"" event.

An atheist pizza maker is allowed to refuse an anti-atheist event because religion is a chosen affiliation, not an inherent trait.

In the case of the bakery refusing to participate in a wedding between gay people, they only refused to cater the event because of the demographics of the people involved. If a bakery refuses to serve all weddings, that would be fine, but to say that a gay wedding is a different type of event from a straight wedding is disingenuous.","Religion is hardly a pure choice, if you believe devoutly in the tenets of a particular faith you can hardly make a reasonable decision to just quit.",disagree,gold_300,27,0.0,0.0,0.0,0.037037037037037035,False,False,False,False,False,136,0.007352941176470588,0.014705882352941176,0.014705882352941176,0.08088235294117647,True,False,True,True,False
"Not everyone cares about their own health or longevity. If they accept the risks in return for the benefits, I wouldn't consider it a stupid decision.",Isn't the issue here more about the absence of benefits?,question,gold_300,10,0.0,0.1,0.1,0.1,False,False,True,False,True,26,0.0,0.07692307692307693,0.038461538461538464,0.11538461538461539,False,False,True,False,False
What type of company won't tell you that you're not hired after multiple rounds of interviews? (To make the set-up comparable.),"Shitty ones, but they're many.",statement,gold_300,5,0.2,0.0,0.2,0.2,False,True,False,True,False,22,0.0,0.09090909090909091,0.09090909090909091,0.09090909090909091,False,False,True,False,False
"That's my point.

When the army is a domestic army, there's only so long you can *keep* them on the government's side.",And of course the most effective way to turn them against the government is to shoot at them.,disagree,gold_300,18,0.0,0.0,0.0,0.0,False,False,False,False,False,22,0.0,0.0,0.13636363636363635,0.0,False,False,False,False,False
"If you want him to get a delta, make sure you explain why your view was changed. A delta by itself will be ignored by the bot.

EDIT: THE MOD SAYS IM WRONG I CANT LIVE WITH MYSELF ANYMORE IM GOING TO GO RUNNING NOW TO END THE PAIN BY INTRODUCING A DIFFERENT KIND OF IT","&gt;A delta by itself will be ignored by the bot.  

Not yet, actually. The bot's next update will cover that.",disagree,gold_300,21,0.047619047619047616,0.047619047619047616,0.047619047619047616,0.047619047619047616,False,False,True,True,False,56,0.0,0.017857142857142856,0.0,0.03571428571428571,True,False,True,False,False
Yeah sure. Find an example of an officer shooting someone who followed every single command given to them and I'll absolutely award a delta.,Take your pick from anything the [Black and Tans](http://en.wikipedia.org/wiki/Black_and_Tans) did in Ireland during their war of independence. They were notorious for arbitrarily sacking towns and killing civilians.,disagree,gold_300,35,0.0,0.0,0.0,0.17142857142857143,True,False,False,False,False,24,0.0,0.0,0.041666666666666664,0.041666666666666664,False,False,False,False,False
If you're worried about somebody being clingy or unstable there are lots of other more reliable attributes about a person which you could use to make a statistical guess about them.  Trying to determine anything about how dateable a person is using statistics is only going to bring you a lot of disappointment and missed opportunities when you could just try to look at people on their own merits.  If you just want to save yourself time by ruling out as many clingy/unstable people as possible try going for people who appear to have healthy relationships with their friends and family and a generally happy life with hobbies they enjoy.  This will tell you so much more about the person than their sexual history.,"Agree with this. There are much better indicators than sexual history. Sexual history is still an indicator, however.",agree,gold_300,18,0.1111111111111111,0.0,0.0,0.05555555555555555,False,False,False,True,False,125,0.0,0.0,0.008,0.072,True,False,False,False,False
The thing that always baffled me was dyslexic people in the uk get 20% extra time but no other aids. Are they supposed to magically remember how to spell in that time?,They get more time to try and figure out what actually was spelled out or something.,statement,gold_300,16,0.0,0.0,0.0,0.0625,False,False,False,False,False,31,0.03225806451612903,0.03225806451612903,0.0,0.0967741935483871,True,False,True,True,True
.I'm pretty sure most people's are.  How tall are you?,"5' 1""",statement,gold_300,1,0.0,0.0,0.0,0.0,False,True,False,False,False,10,0.0,0.0,0.2,0.0,False,False,False,False,True
Because law enforcement and military action are different things.,They are.,agree,gold_300,2,0.0,0.0,0.0,0.0,False,True,False,False,False,9,0.0,0.0,0.0,0.1111111111111111,False,False,False,False,False
"You actually just confirmed my point, that politicians have too much power and can make very poor decisions for short-term rewards, specifically by ignoring the experts in said fields, and that it would be better to add another check to said system.","I think you've missed what I was saying. In that example, how does giving more power to the scientists make that situation *better*, and not worse?",disagree,gold_300,26,0.0,0.038461538461538464,0.038461538461538464,0.07692307692307693,False,False,True,False,True,43,0.0,0.0,0.0,0.13953488372093023,True,False,False,False,False
So you agree that if Amazon offered a discount for payment with bitcoin then many people would find it worthwhile to save money by paying Amazon in bitcoin?,I think its certainly probable. But amazon is not the entire market. I would say amazon is the exception rather than the rule when it comes to customer service.,agree,gold_300,29,0.034482758620689655,0.034482758620689655,0.0,0.0,False,False,True,True,False,28,0.0,0.0,0.0,0.14285714285714285,False,False,False,False,True
"I think this is the best answer out there- that it is one large down payment on the future of space travel, even if the tangible benefits right now are almost zero- which they are. _",I feel like your delta should belong to elephant bird,disagree,gold_300,10,0.0,0.0,0.0,0.0,False,False,False,False,False,35,0.0,0.0,0.0,0.02857142857142857,True,False,False,False,False
"1. I didn't admit that they have that right, I simply said that that's not the point I'm making. Prove to me that not providing them with compensation and using their product is worse than not providing them with compensation and *not* using their product, especially considering the points I made in my original post.

2. For the hypothetical pirate in question, t does not have the value to them that the creator asks for, and thus the only way they're willing to enter a relationship with the creator is if it's such an ""unfair"" one.","[By the way, you still have yet to respond to this argument](http://www.reddit.com/r/changemyview/comments/1yhd8w/pirating_isnt_immoral_if_you_would_not_have/cfkrckb). Did you miss it?",question,gold_300,34,0.058823529411764705,0.029411764705882353,0.0,0.29411764705882354,True,False,True,True,True,94,0.0,0.06382978723404255,0.05319148936170213,0.0425531914893617,True,False,True,False,False
"I said ""I'm aware"".   I don't listen to kanye so this is based on a community gained knowledge.  However, I refuse to give his music a *personal* chance based on his personality.","Fair enough,  you're entitled to your own opinion.

 Though I believe you're limiting yourself musically if you hold the musician above his music.",disagree,gold_300,23,0.043478260869565216,0.0,0.08695652173913043,0.043478260869565216,False,False,False,True,False,32,0.03125,0.03125,0.0625,0.0625,True,False,True,True,False
"Power is bad, because cooperation is better.  
Greed is bad, because appreciation is better.",Thank you for sprouting the argument. It's been useful towards changing my view. Delta for you. :) &amp;#8710;,agree,gold_300,17,0.0,0.0,0.058823529411764705,0.11764705882352941,False,False,False,False,False,14,0.0,0.0,0.0,0.07142857142857142,False,False,False,False,False
"Well if you're going to cut off somebody's hand, then yes?",But we're talking about repeat offenders.if you are convicted multiple times then I'm not very sympathetic if you were framed on the 5th.,disagree,gold_300,24,0.041666666666666664,0.041666666666666664,0.08333333333333333,0.08333333333333333,False,False,True,True,False,11,0.0,0.0,0.18181818181818182,0.0,False,False,False,False,True
"Because it wanted the South back. Once the war was over, there was no need to charge everyone.","But still, since it didn't charge anyone, nobody in the South was a ""traitor"", officially.",disagree,gold_300,15,0.13333333333333333,0.13333333333333333,0.06666666666666667,0.0,False,False,True,True,False,18,0.0,0.05555555555555555,0.0,0.05555555555555555,False,False,True,False,False
"the only reason the north ""invaded"", which makes no sense because it was union land, was to stop slavery.","That's revisionism at its finest. There were a lot of reasons, primarily economic, for the invasion.",disagree,gold_300,16,0.0,0.0,0.0625,0.125,False,False,False,False,False,19,0.0,0.05263157894736842,0.0,0.10526315789473684,False,False,True,False,False
I've answered both these questions in other comments,Please shed light on the latter point. Could not find it in your comment history.,question,gold_300,15,0.0,0.06666666666666667,0.0,0.0,False,False,True,False,False,8,0.0,0.0,0.125,0.375,False,False,False,False,False
Your link indicates that 56% of Americans identify as Democrat or Republican.,"The key word is ""or""",disagree,gold_300,5,0.0,0.0,0.0,0.0,False,True,False,False,False,11,0.0,0.0,0.0,0.09090909090909091,False,False,False,False,False
"How is atheism a movement? I'm an agnostic atheist, but I fail to see how not identifying with a group makes me part of a (counter)movement.",Non-golfer here.,agree,gold_300,3,0.0,0.0,0.0,0.0,False,True,False,False,False,27,0.037037037037037035,0.037037037037037035,0.037037037037037035,0.07407407407407407,False,False,True,True,False
Also already answered.  Please stop trying to waste my time.,Your answers all make a bunch of unexamined assumptions. And you never even defined bodily autonomy to begin with.,disagree,gold_300,19,0.0,0.05263157894736842,0.0,0.10526315789473684,False,False,True,False,False,10,0.0,0.0,0.0,0.1,False,False,False,False,False
"People who hold back society through these personality traits have been comfortably settled in with these thought patterns. People, generally resistant to change won't change the views they have of the world and instead find ways to rationalize it to suit their ideology.

The only way to remove these traits (or at least minimize it to such an extent that it becomes a minor inconvenience at the most) is to invest on the future generations.

I acknowledge that every generation has a percentage of kids who are exposed to the ideologies of racism, supremacy, conservative and restrictive religious beliefs, and grow up to accept these ideas. But this percentage can be reduced with every subsequent generation.

EDIT : Based on the comments so far, I realized I was a little remiss in conveying my argument. I don't believe people cannot change their opinions. I also don't believe NO racist can change. What I do believe, however, is that for for every such person who changes his/her views, there'll be three more such people who would vociferously defend their ideas and that is what allows the prominence of such traits in our society.

EDIT 2: When I said 'weed out these negative traits', I meant the TRAITS, not the PEOPLE with those traits. I DO NOT advocate extermination of such people. Also, The quoted delta was a mistake. Not a dick move. Apologies.

EDIT 3: I've noticed people seem to be concentrating only on the 'racist' part. I would like to clarify that I'm talking about negative traits in general. The negative world views is what I think cannot be changed in those extremists.

EDIT 4: Wow. This blew up. Let me clarify a few things. I AM NOT NOT NOT advocating removing the people who harbor such thoughts. I am talking about culling these kind of views from the society. The negative views. NOT the people with the negative views.So, no, I am NOT suggesting extermination or sterilization.

EDIT 5: A lot of comments have been putting forward the argument that we cannot know which views are wrong or negative and which are not.  We don't have the authority to decide that. While I acknowledge that to be an excellent argument, that is not my view I'm here to change. My view is that to remove negative world views (WHATEVER THOSE HAPPEN TO BE) from this society, we need to concentrate on the future generations, instead of trying to change the current generation's viewpoints. I am talking about changing this view.

_____

&gt; *Hello, users of CMV! This is a footnote from your moderators. We'd just like to remind you of a couple of things. Firstly, please remember to* ***[read through our rules](http://www.reddit.com/r/changemyview/wiki/rules)***. *If you see a comment that has broken one, it is more effective to report it than downvote it. Speaking of which,* ***[downvotes don't change views](http://www.reddit.com/r/changemyview/wiki/guidelines#wiki_upvoting.2Fdownvoting)****! If you are thinking about submitting a CMV yourself, please have a look through our* ***[popular topics wiki](http://www.reddit.com/r/changemyview/wiki/populartopics)*** *first. Any questions or concerns? Feel free to* ***[message us](http://www.reddit.com/message/compose?to=/r/changemyview)***. *Happy CMVing!*",I knew a skinhead in highschool who did a complete reversal after taking ecstasy.,disagree,gold_300,14,0.0,0.0,0.0,0.14285714285714285,False,False,False,False,False,541,0.0036968576709796672,0.036968576709796676,0.02033271719038817,0.14972273567467653,True,False,True,True,False
"Im pretty sure Mythbusters did a segment on this. If I recall correctly, they found putting the lid down didnt provide any real protection from the above.

Yes. There are shit and piss particles everywhere you live. 

EDIT: From a snopes thread about the segment:

Yeah RelicMan is right. Mythbusters already did it. IIRC, their answers are as follows:

1) Does aerosolization occur as a result of flushing a toilet?
Yes

2) If so, does this mean urine and fecal matter come into contact with faucets, mirrors, toothbrushes, etc.?
Yes

3) If so, does this pose a significant health hazard, or is this one of those basic germ facts o' life--you come into contact with them every day, and they're not gonna kill you?
No

**4) If aerosolization occurs and poses a significant health risk, would closing the toilet lid actually do anything to reduce the risk? (It's not like it forms an airtight seal!)
No**

**5) Would any risk reduction be significant enough to justify badgering my roommate to start closing the lid when he uses the toilet, or should I confine this to my own neurotic tableu of habits?
No**

You know, come to think of it, it might be a good idea to have a ""Mythbusters already did it"" section on the site, assuming of course the Discovery Channel would be OK with it. [Razz]

http://msgboard.snopes.com/cgi-bin/ultimatebb.cgi?ubb=get_topic;f=35;t=001754;p=0","Thank you, the amount of confirmation bias in germophobes' lives really bothers me. As if one could successfully wage war on quadrillions of mostly-benign microbes.",agree,gold_300,26,0.0,0.0,0.0,0.15384615384615385,False,False,False,False,False,238,0.0,0.02100840336134454,0.008403361344537815,0.13025210084033614,True,False,True,False,False
In all of it? Unless by morals you mean some kind of morality that doesn't see promiscuity as a problem. Wasn't it implicit in my comment?,That's kinda my question. How is promiscuity immoral?,question,gold_300,8,0.0,0.0,0.125,0.125,False,False,False,False,True,26,0.0,0.07692307692307693,0.07692307692307693,0.0,False,False,True,False,True
That's a red herring.  We're not talking about disability programs.  That's entirely separate from welfare.,"More than half of people who are disabled and receiving SSI disability benefits also receive food stamps.

http://www.ssa.gov/policy/docs/ssb/v67n4/67n4p71.html",disagree,gold_300,29,0.0,0.0,0.0,0.3448275862068966,False,False,False,False,False,15,0.0,0.06666666666666667,0.2,0.06666666666666667,False,False,True,False,False
"Sorry plentyofrabbits, your post has been removed:  

&gt; Comment Rule 2\. ""Don't be rude or hostile to other users. Your comment will be removed even if the rest of it is solid."" [See the wiki page for more information.](http://www.reddit.com/r/changemyview/wiki/rules#wiki_rule_2)  

If you would like to appeal, please [message the moderators by clicking this link.](http://www.reddit.com/message/compose?to=%2Fr%2Fchangemyview&amp;subject=Removed+Comment+Rule+2+Post+Appeal&amp;message=plentyofrabbits+would+like+to+appeal+the+removal+of+[his/her+post](http://www.reddit.com/r/changemyview/comments/217z08/i_have_never_and_will_never_hire_a_woman_under_50/cgalqjt\))","No big, I got heated.",agree,gold_300,5,0.0,0.2,0.0,0.2,False,True,True,False,False,110,0.0,0.02727272727272727,0.00909090909090909,0.2545454545454545,True,False,True,False,False
"Doctor Who, at its core, is a kid's show. It's not meant to be like Star Trek.",Star Trek is not a kids show?,question,gold_300,7,0.0,0.14285714285714285,0.0,0.0,False,False,True,False,True,17,0.0,0.058823529411764705,0.11764705882352941,0.0,False,False,True,False,False
"I'm very surprised at the lack of hard sources in this thread, given that research into this topic is widespread.  [This study clearly demonstrates that advertisements of products do not tell the entire picture.](http://www.ncbi.nlm.nih.gov/pmc/articles/PMC1783924/)

This [paper](http://www.ncbi.nlm.nih.gov/pmc/articles/PMC3278148/#b27-ptj3610669) reviews pros and cons.",This thread is about ethics and policy. You cannot do a study that says we as a country should or should not ban advertisements.,disagree,gold_300,24,0.0,0.08333333333333333,0.0,0.08333333333333333,False,False,True,False,False,60,0.0,0.016666666666666666,0.016666666666666666,0.4166666666666667,True,False,True,False,False
"Physically, intellectually, and any other category of life I believe in general men are superior. I do recognize that there are very talented women in the world, some far better than men, but if you put the best man in a field against the best female in the same field I believe the male will dominate every time, no matter what the subject is. This seems to be true in academics, sports, and any other area in life. Even on a personal level I have found that girls are petty and silly, while men I have interacted with are far more interesting to have conversations with. I admit, I am very biased based on the fact that I have a male's perspective, but I have tried to be very open minded in talking to females but I find the majority of them dull and uninteresting. I think that the only successful girls in society are the ones that have natural ability (even then they don't get paid as much as men) or they use their looks to slide through life. Yes, I expect hordes of angry feminists to down vote me into oblivion (my sexism showing) and I could avoid this if I reworded my statements, but instead I'm choosing to pull on the oh so fragile female emotional strings. Instead of down voting me, prove me wrong. EDIT: You have all made excellent points. The error was not with the people around me, but myself and I appreciate all of your inputs, they honestly helped.",[That's right!](http://m.youtube.com/watch?client=mv-google&amp;hl=en&amp;gl=US&amp;v=b2Bc71SAGuI),agree,gold_300,21,0.0,0.0,0.047619047619047616,0.3333333333333333,False,False,False,False,False,256,0.01953125,0.01171875,0.01171875,0.08203125,True,False,True,True,False
"Very true, but again, this is veering off topic.",Agreed.,agree,heldout_pilot80,1,0.0,0.0,0.0,0.0,False,True,False,False,False,9,0.1111111111111111,0.0,0.0,0.1111111111111111,False,False,False,True,False
"Those crocodiles seem to be being very forward and rapey.

The woman has closed off submissive body language and they take advantage of that to, in a group, raise a storm and make her feel like crap. 

They probably wouldn't do that to a more confident woman. People are very protective of women. They dislike it when you publicly harass them. Someone wearing skimpy clothing isn't an excuse to be a douchebag, and if you are a douchebag to confident women they may well call you out and another guy will step in to defend her. 

I have seen women who were dressing conservatively have their ass slapped, be wolf whistled, have people try to grab at them. I've had that happen too to me. It's really, really annoying. I haven't seen any special correlation between clothing and whether people feel free to harass you. They normally just harass people who they don't think will raise up a storm.

If you are quite aggressive in trying to convince women that it's their fault that whatever sexual harassment happened they are less likely to call male allies in and less likely to be safe from sexual harassment.","Nepene uses : arguments
it's super effective !

Thanks for changing my view, although it takes time to completely switch opinion =)",agree,heldout_pilot80,19,0.05263157894736842,0.0,0.05263157894736842,0.21052631578947367,False,False,False,True,False,196,0.0,0.02040816326530612,0.03571428571428571,0.061224489795918366,True,False,True,False,False
"&gt; It is also selfish for you to tell the world that they should find this behavior rude if you do, so there's that.

I'm not telling the world in general.  This is a subreddit specifically dedicated to discussing ideas and opinions.",Fair point. Consider that redacted.,agree,heldout_pilot80,5,0.0,0.0,0.0,0.2,False,True,False,False,False,42,0.0,0.023809523809523808,0.047619047619047616,0.11904761904761904,True,False,True,False,False
"Then legally there's still a contradiction, even if pro-choicers (assuming they all feel that it's not murder but physical assault, which a lot on this thread don't seem to believe) don't think that it is. My premise is that it's a contradiction to legally have those two definitions, and you're basically agreeing by saying that pro-choicers don't even believe in those two definitions.",Okay yeah.,agree,heldout_pilot80,2,0.0,0.0,0.0,0.0,False,True,False,False,False,65,0.03076923076923077,0.06153846153846154,0.1076923076923077,0.06153846153846154,True,False,True,True,False
"/r/imgoingtohellforthis magically manages to be both offensive *and* less funny than /b/, which is a pretty big achievement in my book.","Seriously. Half the time it's gold, half the time it's the most irritatingly middle-school shit on the front page.",agree,heldout_pilot80,20,0.0,0.0,0.1,0.05,False,False,False,False,False,22,0.0,0.0,0.0,0.09090909090909091,False,False,False,False,False
"The author's intent while important, doesn't make what others get from the book wrong.","Some sanity, even if my views aren't sane haha.",agree,heldout_pilot80,9,0.0,0.1111111111111111,0.1111111111111111,0.2222222222222222,False,False,True,False,False,14,0.0,0.07142857142857142,0.14285714285714285,0.07142857142857142,False,False,True,False,False
"Suppose he *did* create an ecommerce website that functioned poorly. Even though he couldn't do better, he would still be justified in criticizing him. He didn't pay a professional for a semi-functional ecommerce website. He paid for a fully functional one.","Yeah, that's exactly what I say on the second paragraph, using other words.",agree,heldout_pilot80,13,0.0,0.0,0.07692307692307693,0.15384615384615385,False,False,False,False,False,42,0.047619047619047616,0.047619047619047616,0.047619047619047616,0.19047619047619047,True,False,True,True,False
"Here's the thing. Even if you say ""obese people are stupid or lazy,"" it doesn't get you anywhere. For the sake of argument, let's just admit that I (an overweight person) am indeed stupid and lazy.

Now what? Stop being stupid? Don't be lazy? How does that help me lose weight? It doesn't; in fact, it makes it seem even harder, because now I have to solve my stupidity and laziness problem before I can even begin thinking about tackling the weight problem.

Before I listened to you, I had only one insoluble problem. Now I have three! Thanks a *bunch,* man.

Truth is, we are all lazy. Civilization exists to allow us to be lazy. Most of us have jobs in which we sit in a chair all day! We drive cars everywhere so we don't have to exert ourselves, burning irreplaceable fossil fuels in the process, and we circle the parking lots looking for a space close to the door to further reduce our effort. We buy food so we don't have to grow it ourselves, with all the effort that entails, and in some cases we don't even cook it ourselves either! Then on top of that, the most readily available foods are almost uniformly unhealthy. 

I don't think you can make the case that human nature has suddenly changed in the last fifty or so years, that we are more lazy than we once were. We all *want* to work as little as possible. We're just, as a society, *better* at being lazy than we ever have been. Some people have genes that make them more susceptible than others to getting fat, but it's just a matter of time.",I know it doesn't get me anywhere. It is clearly not a positive thing hence the CMV post.,agree,heldout_pilot80,18,0.0,0.1111111111111111,0.05555555555555555,0.0,False,False,True,False,False,283,0.0035335689045936395,0.024734982332155476,0.038869257950530034,0.04946996466431095,True,False,True,True,False
"&gt;A white man with a criminal record is more likely to get the job than a.black man with no record but the same qualifications.
&gt;A person with an asian sounding name is about half as likely to get an interview as a white sounding name with the same qualifications.

Source on either of those? Businesses' number one priority is making a profit. While there are still some vestiges of overt racism left in certain parts of the country, and subtle racism in the rest, hiring a man with a criminal record over an equally qualified man with dark skin and no record is a huge stretch, and sounds more like rhetoric than truth.","https://www.princeton.edu/~pager/pager_ajs.pdf

It's true. The study found that a white man with a drug felony fared the same or better than a black man.",agree,heldout_pilot80,30,0.0,0.0,0.03333333333333333,0.23333333333333334,True,False,False,False,False,116,0.017241379310344827,0.017241379310344827,0.0,0.05172413793103448,True,False,True,True,False
"I have two links for you: [this one](https://www.youtube.com/watch?v=Ikd0ZYQoDko) and [that one](http://www.reddit.com/r/AskReddit/comments/1jwuuw/serious_male_victims_of_sexual_assault_harassment/). These are examples of male experiences of rape and sexual assault, and you'll see from both links that men who are raped can and often do become traumatised by it. 

I agree with you that there are problems with how rape is talked about in society, but I don't believe that minimising women's experiences of rape the same way that men's experiences are minimised will help anything. Rather than assuming that people's experiences with rape are universal, we should instead move towards being accepting that people can have different experiences, different emotions and different responses to rape. Society should become more open to the fact that men can suffer extreme trauma from rape and sexual assault, and also be open to the idea that a woman isn't necessarily a broken person/victim forevermore after being raped.
That is not to say that female experiences of rape aren't that big a deal, they certainly are and I would not at all suggest lessening the seriousness with which rape is treated in the legal system, but being open-minded and aware that rape and rape victims/survivors do not all look the same or act the same, will only make it easier for people of any gender to report the crime and have it be taken seriously, as well as receiving support from their family and friends.",When I read the original post the first video was what I immediately thought of. Brilliant video.,agree,heldout_pilot80,17,0.0,0.0,0.0,0.0,False,False,False,False,False,259,0.007722007722007722,0.023166023166023165,0.02702702702702703,0.13127413127413126,True,False,True,True,False
"You're missing one very important thing, Dr. Terrible:

Familiarity.

In times of crisis, the familiar is what is going to register the quickest. Your average bank customer or clerk isn't going to associate a supersoaker with danger, and even the smell of lighter fluid probably won't be enough to impress upon people the trouble that they are in. 

It's true that this is due both to years of conditioning, as you mention, by the entertainment industry, as well as our public school system's sorely lacking coverage of the criminal industry. 

Shameful, really. It's all guns, guns, guns. Where, indeed, is the creativity?

But the sad truth is, while your supersoaker full of lighter fluid presents a much more urgent and general threat to the clerks pressed into your service, it's very likely that humanity's lack of ability for complex thought during crisis situations means that they will underestimate the danger and, regrettably, press your hand.

The ensuing conflagration presents an additional danger: while the possibility of a stray bullet ricocheting and hitting you, the shooter, is slim, the possibility of a fiery conflgration  spreading quickly to your person is quite high. 

In short:

In the panic of the moment, clerks and the public will not recognize the threat your weapon poses, likely resulting in injuries and deaths not only to your unwilling assistants but also to yourself. Should you survive, the charges for murder or attempted murder will carry much greater penalties than the charge for armed robbery, which would be the case when a gun-educated populace sees your pistol.

Stick with the tried and true. One day, perhaps after threads like this educate the public to the dangers of lighter fluid-filled supersoakers, there may come a robber who can carry off the supersoaker job. 

But today, that robber is not you.",Good point ∆. I agree w unrelated_incident,agree,heldout_pilot80,7,0.0,0.0,0.0,0.0,False,False,False,False,False,304,0.009868421052631578,0.01644736842105263,0.02631578947368421,0.10526315789473684,True,False,True,True,False
"The problem is, who the hell spanks a kid when they're not angry? I surely have never done that.",Brilliant point.,agree,heldout_pilot80,2,0.0,0.0,0.0,0.0,False,True,False,False,False,19,0.0,0.10526315789473684,0.05263157894736842,0.10526315789473684,False,False,True,False,False
Don't Jamaicans have African ancestry though?,"Well technically, everyone has African ancestry.",agree,heldout_pilot80,6,0.0,0.0,0.0,0.16666666666666666,False,False,False,False,False,6,0.16666666666666666,0.16666666666666666,0.16666666666666666,0.0,False,False,True,True,True
"The purpose of life is to *enjoy life* and not be a dick -- by that I mean help other's enjoy their lives too. You should care about the environment, because a penny of your effort will save future generations a pound. Help them enjoy life too! After all, that's the entire point. 

You're on team human, man! No amount of infinite nothingness and cold can erase the fun we had! 

EDIT: I don't know what silly combination of words just came out of my fingers, but I feel like I just won the CMV lottery.",Team human - great concept! :),agree,heldout_pilot80,4,0.0,0.0,0.0,0.0,False,True,False,False,False,95,0.010526315789473684,0.031578947368421054,0.042105263157894736,0.042105263157894736,True,False,True,True,False
What else is pain than a response to a negative stimulus? I believe that is the *only* meaningful definition of pain.,"Ah it is cool then. Your rules, your game.",agree,heldout_pilot80,9,0.0,0.0,0.0,0.1111111111111111,False,False,False,False,False,21,0.0,0.0,0.0,0.0,False,False,False,False,False
"&gt; ...traces the act to your registered Internet service and says that you are the criminal.

&gt; Even if by some chance prove that you did not commit the crime, the hassle and legal expense wouldn't be worth it.

More clear, maybe, but the idea that ""You are responsible"" is clearly represented in caw81's response.","Also, /u/lostminty had never gotten a delta so I decided to spread it around.",agree,heldout_pilot80,15,0.0,0.06666666666666667,0.0,0.06666666666666667,False,False,True,False,False,56,0.017857142857142856,0.03571428571428571,0.03571428571428571,0.05357142857142857,True,False,True,True,False
"Point 4 is incorrect in that you mention many southerners who didn't own slaves might have supported the practice thinking they would one day. Being from the south it's more likely to me they thought that slavery was ""just the way of things"" rather than having any illusions about their own mobility.

That's about all worth trying to change I think. Most of your other stuff is right imho.","Maybe your right, I absently remember reading something about that in college.  I will investegate further and either back up or retract my point.",agree,heldout_pilot80,24,0.0,0.0,0.0,0.041666666666666664,False,False,False,False,False,68,0.0,0.014705882352941176,0.04411764705882353,0.10294117647058823,True,False,True,False,False
"There's no Constitutional Amendment guaranteeing that we shall be free from religion, quite the contrary. 

What it says is that *government* shall not endorse or promote religion. This is an entirely different argument.","That's exactly what I was getting at, I wanted to see what OP had to say.",agree,heldout_pilot80,16,0.0,0.0,0.0625,0.0625,False,False,False,False,False,33,0.0,0.06060606060606061,0.030303030303030304,0.06060606060606061,True,False,True,False,False
You shouldn't take anything you see in porn to be true. At all.,You're right. For the most part.,agree,heldout_pilot80,6,0.0,0.0,0.16666666666666666,0.0,False,False,False,False,False,13,0.0,0.07692307692307693,0.07692307692307693,0.07692307692307693,False,False,True,False,False
"I understand your point about the whole gay = bad thing, but I was mainly talking about when someone acts stereotypically gay. Gay people may not actually act like that, but everyone knows what the stereotype is about gay people.

 So people who want to attribute those stereotypes to someone would just use 'gay' instead of saying effeminate and lisps and homosexual. Then because people may not identify with those attributes, they will feel insulted, even if those attributes are not bad.",Huh. I must have misunderstood. My bad.,agree,heldout_pilot80,7,0.0,0.0,0.0,0.0,False,False,False,False,False,81,0.024691358024691357,0.037037037037037035,0.0,0.08641975308641975,True,False,True,True,False
"I don't think hip-hop is defined as a genre by the use of ""nigger"" in lyrics, but no, I don't think even the use of the word by black people to describe each other in comradery is in anyone's best interest.","Not just black people use that word, by any means.",disagree,heldout_pilot80,10,0.0,0.1,0.0,0.1,False,False,True,False,False,42,0.023809523809523808,0.07142857142857142,0.07142857142857142,0.023809523809523808,True,False,True,True,False
"I think you kind of have to look at the totality of the circumstances to determine the parties' respective bargaining power.  

So, raising the minimum wage to a living wage would have a smaller effect on labor with certain kinds of skills/training, for example, than having public sector jobs that pay well for those skills.

Likewise, that's also an argument for universal healthcare, because if people aren't concerned about losing their access to healthcare when they lose their jobs, then that gives them a bit more freedom and bargaining power with employers as well.

So bargaining power is an all things considered kind of deal, but making public sector jobs worse definitely gives private sector employers another bludgeon on their employees, or takes away a big bargaining chip of employees depending on how you want to look at it.","According to the U.S. Bureau of Labor Statistics, government accounts for about 8% of jobs in the United States.  Is that really significant enough to meaningfully affect the other 92%?",disagree,heldout_pilot80,29,0.0,0.0,0.0,0.06896551724137931,False,False,False,False,True,140,0.007142857142857143,0.007142857142857143,0.014285714285714285,0.15714285714285714,True,False,True,True,False
"It's not as clear of a message as you would think. You could be an asshole. You could be cheap. You could have forgotten to tip. Or, you could be trying to make a point. People tend to be defensive, and most people in customer service hate their customers, so I would daresay that your message is one of the less likely interpretations.","&gt; I would daresay that your message is one of the less likely interpretations.

Having been a server, I disagree.",disagree,heldout_pilot80,20,0.0,0.0,0.0,0.05,False,False,False,False,False,63,0.0,0.015873015873015872,0.015873015873015872,0.047619047619047616,True,False,True,False,False
"&gt; because big companies are selling infertile seeds to third-world countries so that these country are forced to buy the GMO seeds from rich countries

100% false, where did you get this impression from?

&gt; Some of these same infertile seeds are also made to kill the fertile ones, thus enforcing even more the obligation to buy GMO seeds. This is a twisted form of abusive and forced partnership. 

This is even more twisted and also 100% false.

&gt;  there isn't genetic diversity in GMO products

Genetically engineered traits are backcrossed into various varieties. Look at any corn/soy seed catalog and you'll see hundreds of varieties, each available with and without GE traits (e.g. glyphosate resistance, Bt expression).

&gt; So no, anti-GMOers aren't anti-progress or ""morons""

Perhaps, but there's a lot of ignorance and misunderstanding.",Maybe you could provide some sources instead of just screaming lies...,disagree,heldout_pilot80,11,0.0,0.0,0.0,0.18181818181818182,False,False,False,False,False,138,0.007246376811594203,0.021739130434782608,0.028985507246376812,0.14492753623188406,True,False,True,True,False
"This type of post has probably already been made a handful of times but I wanted to include some of my own thoughts. I live in the UK, so I have grown up in a country that does provide universal healthcare. I firmly believe in this model from an ethical and social standpoint.

I've recently started reading the book Freakonomics. I wanted to see some discussions of the book on reddit, and I came across an AmA of the author, Steven Levitt. Somebody asked him his views on universal healthcare, to which he replied;

'I'm not so sure about universal healthcare.

what i think we really need is for people to pay a big chunk of their own health care costs so the whole system starts to act more like a market and less like an entitlement.  when health care is 20% of GDP, we can't treat it like an all you can eat buffet.'

Now, I'm not ranting or saying I flat out disagree with his statement factually, because I do not know enough about financial economics to do so, but as somebody who believes universal healthcare ""should"" be a human right, or 'entitlement' as Steven Levitt has put it, I struggle to understand how humanity as a whole would benefit from persisting with privatised health care. 

Essentially, to change my view, I would need to be convinced that privatised health care actually does have longstanding benefits for humanity, and not just for the 'economy'. Perhaps sustaining the economy and longevity of humanity come hand in hand, but I've always felt privatised health care primarily serves the rich who own it, and to deny healthcare to somebody who cannot afford it seems outright inhumane  to me. Perhaps somebody could show me privatised healthcare actually does benefit humanity as a whole, and not just a small percentage. 

EDIT: I was asked to link the post that 'changed my view' the most, so here it is. 

http://www.reddit.com/r/changemyview/comments/2wzag2/cmv_i_believe_universal_healthcare_should_be_a/covh1ws

Here is the post that I awarded a 'delta' quite early on. Admittedly I perhaps could have been more involved in the thread but I was quite literally overwhelmed with the amount of replies, to the point that the same types of responses were pouring through, deeming it almost impossible to identify which further posts would be deserving of another delta. 

Although my view is not changed in that I still believe as a society we should work towards everybody having 'free' access to basic healthcare, I am now aware of the implications of a 'human right', and how that could have serious adverse effects. 

I'm sorry if I was not totally compliant with the rules of the thread, but overall I see it as a success as it made me see things in a different perspective, and perhaps others have learnt from it as much I have.

Thank you for all of your replies.","What about procedures that cost $10ks, $100ks? Others should still have to foot the bill then?",disagree,heldout_pilot80,16,0.0625,0.0,0.0,0.0625,False,False,False,True,True,498,0.014056224899598393,0.018072289156626505,0.012048192771084338,0.10843373493975904,True,False,True,True,False
So you're a supporter of the wbc?,where did I say that?,disagree,heldout_pilot80,5,0.0,0.0,0.0,0.0,False,True,False,False,True,7,0.0,0.0,0.14285714285714285,0.14285714285714285,False,False,False,False,True
"&gt;Yes they are.

Is there any evidence to indicate that dashcams improve the quality of public health? Your OP did not indicate that I would be less likely to die if my car had a camera installed into it, only that I might save money (which was not substantiated by any evidence)

&gt;So should government have NO rules for the public roads?

That's not what I'm saying. Just because the government *is* able to do something, doesn't mean they ought to do it. So for example, the United States government is able to outlaw marijuana, but whether they should is an entirely different matter entirely.",Refute point (2) from OP.,disagree,heldout_pilot80,4,0.0,0.0,0.0,0.0,False,True,False,False,False,107,0.009345794392523364,0.04672897196261682,0.028037383177570093,0.04672897196261682,True,False,True,True,False
"Well, that and companies that have manipulated the system in obtaining government welfare, they are supported no matter who shops there. See: meat industry, Walmart. 

As a vegetarian my voice is completely unheard because my tax dollars subsidize the industry.",But you get really cheap corn too.,disagree,heldout_pilot80,7,0.14285714285714285,0.0,0.0,0.0,False,False,False,True,False,40,0.0,0.025,0.0,0.15,True,False,True,False,False
That's completely asinine. You might as well try and invoke explicit quantum mechanics in a courtroom.,I didn't say it would hold up as a defense for anything.  Only that it is true.,disagree,heldout_pilot80,17,0.0,0.058823529411764705,0.058823529411764705,0.0,False,False,True,False,False,16,0.0,0.0,0.0625,0.0,False,False,False,False,False
Until you are the one that dies because they don't have the gun.  Buried in your statistics is individual use.  Gun rights like all constitutional rights are individual rights.,The rest of the world disagrees.,disagree,heldout_pilot80,6,0.0,0.0,0.0,0.16666666666666666,False,False,False,False,False,29,0.0,0.034482758620689655,0.034482758620689655,0.13793103448275862,False,False,True,False,False
"Referring to [this](http://www.reddit.com/r/WTF/comments/23vedm/ju_jitsu_fighter_raped_stabbed_20_times_in_prison/) thread.

I know it's wrong, I would criticise it in others, I know you can't fight fire with fire and that I am not making the world a better place, but when I saw [the photo](http://imgur.com/DYQd706) of an injured child rapist and murderer and just pictured him doing the same to a step son I just shrugged and didn't empathize with him at all nor feel sorry for his suffering.  

Please CMV

_____

&gt; *Hello, users of CMV! This is a footnote from your moderators. We'd just like to remind you of a couple of things. Firstly, please remember to* ***[read through our rules](http://www.reddit.com/r/changemyview/wiki/rules)***. *If you see a comment that has broken one, it is more effective to report it than downvote it. Speaking of which,* ***[downvotes don't change views](http://www.reddit.com/r/changemyview/wiki/guidelines#wiki_upvoting.2Fdownvoting)****! If you are thinking about submitting a CMV yourself, please have a look through our* ***[popular topics wiki](http://www.reddit.com/r/changemyview/wiki/populartopics)*** *first. Any questions or concerns? Feel free to* ***[message us](http://www.reddit.com/message/compose?to=/r/changemyview)***. *Happy CMVing!*",The guy in the photo is still on trial. So he's not a child rapist or murderer. He's an accused trial rapist and murderer. Do you feel sorry now?,disagree,heldout_pilot80,29,0.034482758620689655,0.034482758620689655,0.06896551724137931,0.0,False,False,True,True,True,218,0.0045871559633027525,0.022935779816513763,0.022935779816513763,0.25688073394495414,True,False,True,True,False
"Look, Catcalling meets all the legal requirements of Assault, with the exception that the implied violence is sexual in nature. 

&gt;virtually any statement could create a fear of physical harm

That is exactly how it is defined, yes. What needs to be present for a statement in order to be assault is ""A reasonable apprehension of an imminent harmful or offensive contact"". 

Not every catcall would fall under this, but a large number would. If you feel as if there might be sexual harm, it constitutes assault, and should be ticket-able.","&gt;Look, Catcalling meets all the legal requirements of Assault, with the exception that the implied violence is sexual in nature.    
     
...and the fact that catcalling isn't assault...",disagree,heldout_pilot80,28,0.0,0.03571428571428571,0.03571428571428571,0.14285714285714285,False,False,True,False,False,93,0.010752688172043012,0.010752688172043012,0.0,0.043010752688172046,True,False,True,True,False
"So they should aspire to be more like the Western democratic societies, that year after year vote to bomb and destroy countries like theirs?  That would be a less ""poor cultural situation?""","One problem does not negate the other. By ""poor cultural situation"" I also mean the oppression of women, beheadings of people for their opinions, and lack of education.",disagree,heldout_pilot80,28,0.0,0.03571428571428571,0.0,0.10714285714285714,False,False,True,False,False,32,0.0,0.0,0.0,0.0625,True,False,False,False,False
"Well, if you want a society to advance, you need gifted, intelligent people, who will develop the new ideas, technologies, etc.

High IQ people are a minority, so their psychological problems, aren't that much of a widescale problems.

But, you cannot have a society without emotional stability, because, well it gives stability, it assures society exists. You cannot have a society with a bunch of sociopaths.

But stability doesn't lead to advancement, you need stability for advancement as a factor, but stability itself won't lead to advancement.

Especially if this stability assures everyone is living in good conditions, there is no incentive for advancement.

So, emotional stability gives a stable background, which allows high IQ people (who do fight their psychological problems), to give society new things, that will lead to advancement.","I'm not saying IQ isn't necessary, I'm saying by raising the average IQ you raise instance of mental disease within that society, which isn't conducive to advancement.",disagree,heldout_pilot80,27,0.0,0.1111111111111111,0.14814814814814814,0.0,False,False,True,False,False,132,0.022727272727272728,0.045454545454545456,0.022727272727272728,0.12121212121212122,True,False,True,True,False
"come on github is full of opensource projects, many people do free tutorials and courses online. Yes there might be some kind of retribution, make a portfolio, for showing of skills, but it's free nevertheless.

Linux devs aren't paid in their majority.

Also there are a lot of dev adhering to the GNU philosophy. 

Not everything has to be paid and compensated that's how crowdsourcing works.",Linux devs are paid for developing linux http://www.linuxfoundation.org/news-media/announcements/2012/04/linux-foundation-releases-annual-linux-development-report 75 % to be exact.,disagree,heldout_pilot80,24,0.0,0.0,0.0,0.5,False,False,False,False,False,66,0.030303030303030304,0.030303030303030304,0.045454545454545456,0.21212121212121213,True,False,True,True,False
"&gt;You've birthed and prepared to raise an offspring for months - years - and while you and I can see this an objectively arduous task with no light, a parent sees this as an arduous task *for their child*. 

Pretty much classic Cognitive Dissonance. And likely fear of shame if they commit the child to State custody.

&gt;You see kids taking care of their senile, incontinent, elderly parents.

Which is the ""reward"" for said parents having raised and provided for their children. There will be no reciprocity from the children with severe mental disabilities. They will be a burden to someone for their entire lives, and whatever joy is derived from their existence will require significant effort and at high expense.",This isn't cognitive dissonance.,disagree,heldout_pilot80,4,0.0,0.25,0.25,0.0,False,True,True,False,False,121,0.0,0.01652892561983471,0.008264462809917356,0.09090909090909091,True,False,True,False,False
"The let themselves. If you wanted to be happy, you could be happy. You're not sad all the time unless you let yourself be",Happiness is regulated by chemicals in your body. What happens when you literally cannot produce the chemicals for happiness? You are physically unable to be happy in those cases.,disagree,heldout_pilot80,29,0.0,0.034482758620689655,0.0,0.13793103448275862,False,False,True,False,False,24,0.0,0.041666666666666664,0.041666666666666664,0.041666666666666664,False,False,True,False,False
"Huh?

Ayn Rand is shit. 

I AM a Socialist/Communist

But you have your head in the sand if you think Sanders, IF ELECTED, is going to unite congress and they'd all hold hands and sing songs.",You are one self defeating socialist with that tude',disagree,heldout_pilot80,9,0.0,0.0,0.0,0.1111111111111111,False,False,False,False,False,37,0.02702702702702703,0.0,0.02702702702702703,0.08108108108108109,True,False,False,True,False
Who needs going out when you have *gainz*,Didn't you know that running saps all *gainz*?,disagree,heldout_pilot80,8,0.0,0.125,0.125,0.25,False,False,True,False,True,8,0.0,0.0,0.0,0.125,False,False,False,False,False
"As a veteran I do not look at it as ""did they travel to Syria.."" or anyplace in the world, war zone or not. It is: Did you join the enemy, attempt to join the enemy, provide material support or comfort to the enemy or take up arms against your country~? Those things should get your American Citizenship taken away.",The penalty for treason is life imprisonment or death.  Why do we need to toss in stripping citizenship as well?  Killing them isn't enough?,disagree,heldout_pilot80,24,0.0,0.041666666666666664,0.041666666666666664,0.0,False,False,True,False,True,60,0.0,0.03333333333333333,0.0,0.016666666666666666,True,False,True,False,False
"I love Michael and Not-Michael equally, thank you.",I love Biff and Marty equally. But I hate some things about Marty a bit more.,statement,heldout_pilot80,16,0.0625,0.0,0.0,0.0625,False,False,False,True,False,9,0.0,0.1111111111111111,0.0,0.0,False,False,True,False,False
What do you call Shepherds?,Shepherd Germans.,statement,heldout_pilot80,2,0.0,0.0,0.0,0.0,False,True,False,False,False,5,0.0,0.0,0.0,0.0,False,True,False,False,True
"This is the answer that I was looking for. Facts. A couple people have given me something to think about but I think you might have actually done it. Good job dude.

EDIT- Sorry didn't know about Deltas. Guess I should read the sidebar next time. I know I am stupid, but how do you get a Delta to appear? &amp;#8710

&amp;#8710",You're supposed to give InfernalWedgie a delta if he has convinced you. :),statement,heldout_pilot80,12,0.0,0.0,0.08333333333333333,0.08333333333333333,False,False,False,False,False,62,0.03225806451612903,0.016129032258064516,0.016129032258064516,0.04838709677419355,True,False,True,True,False
"my point (and amablue's, hence the delta) is that when the applicants are being treated unequally across the board the fault of the applicant is reduced. If you're starting from different places, with different ceilings and differing amounts of power then your salary is less under your control. No one would expect an applicant to be able to negotiate whatever salary they wanted (yes I'd like $100k for my part time McJob) there are obvious limits. And those are lower for women across the board apparently.","Ah, I thought that was understood as part of the condition.  I had no idea that the OP was actually stating that she didn't know/believe that women were offered less.",statement,heldout_pilot80,31,0.0,0.06451612903225806,0.03225806451612903,0.0967741935483871,True,False,True,False,False,86,0.0,0.011627906976744186,0.03488372093023256,0.10465116279069768,True,False,True,False,False
"&gt; Your entire last sentence implies that someone (i.e., you) ought be given the moral authority to determine when a woman may or may not terminate a pregnancy. This is entirely fallacious - the only person who may decide that is the person whose body is being used (the woman). 

Do you support lifting the ban on late-term abortions?",I have addressed this elsewhere already. See history.,statement,heldout_pilot80,8,0.0,0.0,0.0,0.125,False,False,False,False,False,60,0.0,0.016666666666666666,0.0,0.03333333333333333,True,False,True,False,True
"Thank you for your in-depth response. I can tell that you're passionate about veganism, and I respect that greatly. I had written up a more detailed response, but then I accidentally went to a new page and lost it. In brief, I think that you and I have very different beliefs about morality. I like chili and soup, but my recipes are pretty lame, so I will go hunting for better ones.

On the vegan bodybuilder you linked to, damn!","&gt; On the vegan bodybuilder you linked to, damn!

Weight lifter/strong man, but we have body builders too!",statement,heldout_pilot80,19,0.05263157894736842,0.0,0.0,0.10526315789473684,False,False,False,True,False,81,0.024691358024691357,0.0,0.012345679012345678,0.06172839506172839,True,False,False,True,False
Do you mean bona fide human? I'm not sure what a bonfire human would be.,I'm almost positive this is indeed what he meant.,statement,heldout_pilot80,9,0.0,0.0,0.1111111111111111,0.0,False,False,False,False,False,15,0.0,0.06666666666666667,0.06666666666666667,0.06666666666666667,False,False,True,False,False
&amp;#8710;,Some explanation would be nice.,statement,heldout_pilot80,5,0.0,0.0,0.0,0.0,False,True,False,False,False,1,0.0,0.0,0.0,1.0,False,True,False,False,False
"Check your inbox for information.

+/u/bitcointip $0.25","very cool! Thanks, now I have some learning to do.",statement,heldout_pilot80,10,0.0,0.0,0.0,0.0,False,False,False,False,False,7,0.0,0.0,0.0,0.2857142857142857,False,False,False,False,False
"&gt; And appeal to authority would be closer to ""buckle up, the government says you should"".

But isn't that the same as ""Buckle up, it's the law""? I mean, that's what ""the law"" is, a set of rules passed by an elected government.","We should go with something more like: ""Buckle up, or not, what do we care, it's your funeral.""",statement,heldout_pilot80,18,0.0,0.05555555555555555,0.05555555555555555,0.0,False,False,True,False,False,43,0.023255813953488372,0.023255813953488372,0.06976744186046512,0.09302325581395349,True,False,True,True,False
"I feel that:

* The use of the singular ""they"" is not appropriate for the English language

* The use of the word ""it"" is far more common and far more appropriate than the use of the word ""they"" for referring to people with indeterminant gender

* A playwright's use of the singular ""they"" is not a good gauge of the appropriateness of its use in proper English.

---

I think **it is absolutely bizarre to utter the sentence ""They went to the store"" when you're only talking about a single person going to the store**. 

Why not just say ""He or she went to the store"" or ""That person went to the store""?

A little backstory: over in /r/SRSsucks, there was some drama over the gender of someone who recently deleted her account. We now know that it was a ""her"", but a lot of people, myself included, [thought that it was a ""him"" for the longest time](http://www.reddit.com/r/SRSsucks/comments/1immvk/srser_ull_cult_j_deletes_her_account/cb5ysxj). This caused a lot of drama, and a large branch of that drama involved [the use of the word ""they"" in a singular context""](http://www.reddit.com/r/SRSsucks/comments/1ino21/if_you_know_an_srsers_preferred_gender/cb68hwb?context=2).

Anyways, **when a baby is born, we say that ""It's a boy"" or ""It's a girl"", not ""They're a boy"" or ""They're a girl""**. When gender is indeterminant, the use of the word ""It"" is not dehumanizing at all; it is, in fact, far more appropriate than the use of the word ""they"".

I had a discussion in /r/Game0fDolls modmail, and someone pointed out that the use of the singular ""they"" has been in use since 1594, [according to the wikipedia page](http://en.wikipedia.org/wiki/Singular_they#Summary). The wikipedia page stated that the use of the singular ""they"" was implemented in:

* 1594 by Shakespeare

* 1848 by Vanity Fair

* 1489 by Caxton

* 1595 in Romeo and Juliet

* 1884 by Mark Twain

* 1901 by George Bernard Shaw

* 1904 by Herbert Spencer

However, wikipedia didn't give any examples from novelists or non-playwrights, and I don't think that using examples from people who are **bound to follow iambic pentameter** gives a good representation of English language usage (**Shakespeare, for instance, [invented thousands of never-before-used words](http://www.shakespeare-online.com/biography/wordsinvented.html)**.)

So, in conclusion, I think that this is a drama-laden subject where people are bound to call me a ""dehumanizing bastard"", but the evidence clearly states that ""it"" is far more appropriate than ""they"" when referring to someone of an indeterminant gender.

CMV.

---

Edit 1: If using ""it"" would be considered rude in the context, I would use ""he/she"". I would actually prefer ""he/she"" or ""that person"" over ""it"".

But in sentences where the gender of the subject of the sentence is revealed in the predicate at the end of the sentence (""The person is about to reveal himself... It's a man!!!""), using ""it"" is not rude at all, and it actually sounds more proper than ""they"".","Here's a viable alternative; Spivak pronouns (http://en.wikipedia.org/wiki/Spivak_pronoun), a gender neutral set of pronouns that could serve as a possible alternative.",statement,heldout_pilot80,26,0.0,0.0,0.038461538461538464,0.23076923076923078,False,False,False,False,False,513,0.007797270955165692,0.017543859649122806,0.017543859649122806,0.11500974658869395,True,False,True,True,False
"Well what is talent really?  Is it the ability to succeed in something that is difficult for others?  If so that is exactly what Klein did.  He was able to use some of the silliness and pretentiousness of the art world to get people to reevaluate their thinking.  

Or is talent born out of long hours of practice and experience?  If so you have to give it to Klein again.  He was famous for spending countless hours, days even, working with new materials and finding new ways to create his works.  What you see as a bunch of blue paintings may have taken hundreds of hours for him to achieve the exact shades he wanted using unconventional methods.  He put just as much effort into his works as any conventional artist, if not more.  But he did so using techniques and styles that were new, even if they aren't viewed as complex on the surface.  I can go down to my local thrift store and choose from dozens of technically sound paintings that no one wants, because their style has been done ad nauseum.  Creating something entirely new that gets people talking is a real challenge. 

Really I think it boils down to whether or not an artist can generate a reaction from the viewer.  Sometimes the goal is for you to marvel at the beauty of a landscape or the human figure.  Sometimes the goal is to get you to say ""why the hell would someone spend weeks and thousands of dollars working on this nonsense?""  As long as he's got you thinking and feeling, an artist has succeed in a way that many others cannot.","""Talent hits a target no one else can hit; Genius hits a target no one else can see.""

Arthur Schopenhauer",statement,heldout_pilot80,20,0.0,0.1,0.0,0.1,False,False,True,False,False,277,0.0036101083032490976,0.018050541516245487,0.007220216606498195,0.10108303249097472,True,False,True,True,False
"Yes, exactly. You eventually have to go to the grocery store and buy food. And sure, you can stick to only healthy products; many people do.

But (in the typical store) you're always going to be 10 feet and a tiny lapse in willpower away from cookies, soda, and prepackaged food. That's difficult for some people.","[^(**Mouseover** to view the metric conversion for this comment)](#10 feet = 3.0 m
 ""10 feet = 3.0 m
Post feedback in /r/ToMetric"")",statement,heldout_pilot80,18,0.0,0.0,0.0,0.1111111111111111,False,False,False,False,False,55,0.01818181818181818,0.0,0.03636363636363636,0.09090909090909091,True,False,False,True,False
"&gt;If a Canadian was to pronounce about as ""aboot"" the worst that will happen is a few jokes. That is ""ok"", but my situation is apparently ""not ok"".

Canadian here.  ""Aboot"" is a bit of a misnomer, perpetuated by South Park.  It applies to a very small number of Canadians, living on the East Coast.  

Just a note.","It's been my experience that Canadians who say ""aboot"" do not realize that they are doing it.",statement,heldout_pilot80,17,0.0,0.058823529411764705,0.058823529411764705,0.058823529411764705,False,False,True,False,False,59,0.01694915254237288,0.01694915254237288,0.0,0.06779661016949153,True,False,True,True,False
"Well... usually with vampires, it's that they *can* go out in the sunlight, they just burn to death.

So I guess that works for the analogy. Whatever causes this, the taste of chocolate burns you, possibly into cinders if you don't spit the chocolate out.","*""I can't believe it's not choclate""*",statement,heldout_pilot80,6,0.0,0.3333333333333333,0.3333333333333333,0.16666666666666666,False,False,True,False,False,45,0.0,0.022222222222222223,0.044444444444444446,0.08888888888888889,True,False,True,False,False
"&gt; Being alive is fundamentally a bad thing.

Compared to what?","Not compared to anything, just a bad thing.",statement,heldout_pilot80,8,0.0,0.125,0.0,0.125,False,False,True,False,False,11,0.0,0.0,0.0,0.0,False,False,False,False,True
"&gt; Confederate Battle Emblem

Pardon my ignorance, but did the Emblem have any previous historical significance before the Civil War? Was it sacred to a group of people? Did it have a different meaning?",It was a political symbol created during the Civil War.,statement,heldout_pilot80,10,0.0,0.0,0.0,0.1,False,False,False,False,False,34,0.029411764705882353,0.0,0.0,0.0,True,False,False,True,True
"Is there a way to get a delta actually awarded that the bot didn't catch?

Quite some time ago now - I was really proud of myself after lurking here for so long when I finally started posting and got a delta on my first day. The thing is, the bot didn't actually award it.","yeah, just message the mods with a link to the delta",statement,heldout_pilot80,11,0.0,0.0,0.0,0.09090909090909091,False,False,False,False,False,54,0.0,0.037037037037037035,0.037037037037037035,0.07407407407407407,True,False,True,False,False
Drivers finally looking in the mirror when I rev up my (muffled) engine.,Could try honking your horn.,statement,heldout_pilot80,5,0.0,0.0,0.0,0.2,False,True,False,False,False,13,0.0,0.0,0.0,0.0,False,False,False,False,False
It's not a discussion. It's lecturing. Soapboxing. Still no dissent allowed.,"All of these are discussions happening on the front page of /r/srsdiscussion, right now.

http://www.reddit.com/r/SRSDiscussion/comments/1jgz19/wearing_a_bindi_cultural_appropriation_or_what/

http://www.reddit.com/r/SRSDiscussion/comments/1jh21q/questions_on_the_inclusion_of_r_in_gsm_as_it/

http://www.reddit.com/r/SRSDiscussion/comments/1jxs4o/any_thoughts_on_the_rbestof_quote_that_summarizes/

http://www.reddit.com/r/SRSDiscussion/comments/1jxo9b/does_anyone_know_of_some_good_superhero_comics/

http://www.reddit.com/r/SRSDiscussion/comments/1jvuve/encouraging_diversity_while_avoiding_tokenism/

http://www.reddit.com/r/SRSDiscussion/comments/1jur1u/is_us_centrism_and_nationalism_a_problem_in_srs/

http://www.reddit.com/r/SRSDiscussion/comments/1jtcru/is_a_phrase_such_as_i_was_so_blindhow_could_i/

http://www.reddit.com/r/SRSDiscussion/comments/1jrpji/humanities_as_a_part_of_general_education/

http://www.reddit.com/r/SRSDiscussion/comments/1jq7f1/can_food_and_foodtrucksfarmtoforkeatallparts/

http://www.reddit.com/r/SRSDiscussion/comments/1jeihy/why_is_the_right_wing_still_so_prevalent_or_i/

http://www.reddit.com/r/SRSDiscussion/comments/1j7434/is_telling_people_to_pursue_mental_health_options/

http://www.reddit.com/r/SRSDiscussion/comments/1j4aj0/societywestern_culture_will_have_you_know/

http://www.reddit.com/r/SRSDiscussion/comments/1j4d7y/paying_for_her/

http://www.reddit.com/r/SRSDiscussion/comments/1j45o7/tw_defending_pedophilic_psychology_never_ever/

http://www.reddit.com/r/SRSDiscussion/comments/1jx1xt/are_mras_the_ones_who_want_it_all/",statement,heldout_pilot80,255,0.00392156862745098,0.00392156862745098,0.0,0.403921568627451,True,False,True,True,False,11,0.09090909090909091,0.18181818181818182,0.18181818181818182,0.18181818181818182,False,False,True,True,False
"&gt;When you have the options of A) Get killed if you don't become a Nazi. B) Get killed if you don't act like a Nazi C) Get killed if you act independent.

But these weren't the options. We have ample evidence of what crime and punishment existed in Nazi Germany, and unless you were actively conspiring *against* the state, the state saw no need to punish you. Nobody was getting killed because they were refusing to kill subhumans.

&gt;Not only this, but the German people were extremely under-informed. Most Wehrmacht, Luftwaffe, and Kreigsmarine fought for the Reich because it seemed like the right thing, as they had not seen the atrocities of the SS and the Concentration Camps, thinking what they had seen, such as Berlin in the Olympics, was better Germany and worth fighting for.

This is straight bullshit, plain and simple. Knowledge of the Final Solution and other atrocities were well-spread throughout Germany, principally because it *wasn't* just the SS that was doing them. The Wehrmacht was heavily involved in war crimes, particularly on the Eastern Front. The average soldier was exposed to the mass murder of civilians, Jews, Slavs, suspected partisans or their supposed supporters, etc. 

Nazi ideology, and ethnic nationalism in general, was heavily intertwined with the German population. To many people fighting for Germany was synonymous with exterminating subhumans; Nazi ideology and military orders reflected this.",that's really interesting. Do you have a source for any of it?,question,heldout_pilot80,12,0.0,0.0,0.08333333333333333,0.0,False,False,False,False,True,235,0.00851063829787234,0.03404255319148936,0.01702127659574468,0.08936170212765958,True,False,True,True,False
"While I agree with you that US dominance has played a role in maintaining peace. I disagree that is the only reason. The world is a lot more interlinked today a lot of the technology that has allowed that has come from the US but that is a side effect. Also the India and Pakistan, North vs South Korea conflicts have been exacerbated by US intervention.",How has the US done anything to exacerbate India / Pakistan?,question,heldout_pilot80,10,0.0,0.0,0.0,0.1,False,False,False,False,True,66,0.015151515151515152,0.0,0.0,0.13636363636363635,True,False,False,True,False
"As was stated in another post, people are wrongfully sentenced to life in prison just as often.  It's acceptable collateral damage for a life sentence, so why is it not justified for the death penalty?","I'm sorry, I don't quite understand what you just typed.",question,heldout_pilot80,10,0.0,0.1,0.2,0.1,False,False,True,False,False,35,0.0,0.02857142857142857,0.02857142857142857,0.05714285714285714,True,False,True,False,True
"But if the ""system"" sending the signal is a physical device that you attach to a computer rather than a program, it cannot be compromised by software.  It is encrypted before it touches the computer.","Tell me, how can this encrypt a keyboard stroke?",question,heldout_pilot80,9,0.0,0.0,0.0,0.0,False,False,False,False,True,35,0.02857142857142857,0.02857142857142857,0.0,0.11428571428571428,True,False,True,True,False
"Don't worry about it, just be glad you don't know any.","Let me rephrase that;

Source?",question,heldout_pilot80,5,0.0,0.0,0.0,0.0,False,True,False,False,True,11,0.0,0.18181818181818182,0.18181818181818182,0.0,False,False,True,False,False
"I apologize for yet another religious CMV once again, but I think this would be interesting for me.

So growing up, my parents never introduced me to religion, and we've never talked about it. I don't even know if my parents are religious. Being fairly young and growing up in the age of the internet, I frequently sought out information on the internet, and learned all about different types of religions, conflicts based on religion, the basic teachings of those different religions, etc. 

However, a lot of the stuff I found in my early age, being the internet, was very atheist-biased and hated on religion, and that has really stuck with me over the years. I came into middle school a devout atheist, thinking anyone who was religious was beneath me. However, I quickly made many religious friends, from Christians (Non-denominational, Catholic, Mormon), to Muslims and Jews. They are some of the nicest, awesomest people I have ever met and never judged me for being an atheist or tried to sway my views. I learned to be a lot more open to religion, and identified as agnostic early in high school. I am now a senior. The concept of the Abrahamic religions (Christianity specifically), the afterlife, and morals have always comforted me and sometimes my friends would invite me to church, like if it came up while we were hanging out that they had to go to church on Sunday or whatever and they asked if I wanted to come along. Usually I'd say no thanks, but sometimes I'd take them up on their offer and just join in on prayer and worship. I think it would be awesome to be a Christian and have that camaraderie, comfort and love of the community, but even after all the research and going to church, I simply cannot find it in myself to believe the Bible.

I'm sure you all have seen the endless points on the Theist vs Atheist debate, and I won't tire you by listing them all, but here are my main issues I have based on my admittedly limited knowledge of the Bible:

- Creationism and certain views that contradict plausible science that has been proven again and again.

- The fact that there is such a harsh distinction between the two possible afterlives: endless punishment or endless paradise, and the fact that someone evil like Ted Bundy, ""confessed"" and apologized for his sins before execution, would be sent to Heaven and a virtuous, amazing human being like Bill Gates would be sent to Hell because he is an atheist.

- Anti-gay, anti-contraception and other repressive movements in the name of religion.

- The fact that there are so many religions, and within those, many different denominations and inconsistencies. How can one possible say their belief is the absolute truth, held above the others?

- Various miracles and stories (like Noah's Ark) in the Bible are hard to believe.

Here's what I DO find plausible:

- There is a God. Maybe it is not an Abrahamic God or Pagan Gods, but with the vast scale of the Universe and the beauty of life, it is not out of the question that there is a higher power.

- There is an afterlife. As humans, we have so much emotion and complex thought that it baffles me to think that it all disappears once we die.

So, please, do not take offense to what I am saying. I am open to religion, and would love to hear respectable arguments from both sides of the Theism split. Thank you!","Do you want your view changed to believe in God, [x] religion or Christianity in particular?",question,heldout_pilot80,16,0.0,0.0,0.0,0.0625,False,False,False,False,True,595,0.013445378151260505,0.01680672268907563,0.013445378151260505,0.08067226890756303,True,False,True,True,False
Do you think that there are no issues that specifically negatively affect women in modern society?,Can you name any where men aren't effected worse on the equivalent issue for men?,question,heldout_pilot80,15,0.0,0.06666666666666667,0.06666666666666667,0.06666666666666667,False,False,True,False,True,16,0.0,0.0625,0.0,0.125,False,False,True,False,True
"I gave him a Bitcoin tip using the tipping bot here on reddit.  All this talk about Bitcoin being a delusion or a long con is silliness.

I like the tipping bot because it is a pure expression of what Bitcoin is good at doing... giving value to anyone in the world, for anything, anywhere in the world, instantly, anonymously, for free.

That is bitcoins value and why it is real.

+/u/bitcointip 0.05 BTC verify",So you just tipped him in bitcoin and Reddit is holding that tip? How would he go about withdrawing it?,question,heldout_pilot80,20,0.0,0.0,0.0,0.05,False,False,False,False,True,75,0.0,0.0,0.0,0.05333333333333334,True,False,False,False,False
"increasing avegare wellbeing is the goal, not aggregate wellbeing.",How does average well-being follow from pure science and/or logic?,question,heldout_pilot80,12,0.0,0.0,0.0,0.0,False,False,False,False,True,9,0.0,0.1111111111111111,0.0,0.3333333333333333,False,False,True,False,False
"In UK law, it's not. Rape is defined as a penis entering a vagina or anus. So a woman 'cannot' rape a man. It's considered the strongest of sexual assaults, but these naturally come with lesser charges than rape.","What if the ""woman"" has a penis?",question,heldout_pilot80,7,0.0,0.0,0.0,0.14285714285714285,False,False,False,False,True,39,0.02564102564102564,0.02564102564102564,0.05128205128205128,0.07692307692307693,True,False,True,True,False
"We still have 9.2 million horses in the U.S., including horses used for racing, showing, competition, sport, breeding, recreation and work.","You commute by horse then, right?",question,heldout_pilot80,6,0.0,0.0,0.0,0.0,False,False,False,False,True,21,0.047619047619047616,0.0,0.0,0.14285714285714285,False,False,False,True,False
"You keep talking about ""accountability"" but there is nothing inherent about a union that would block that.  Contract rules (tenure, etc) only establish due process--except where the contract is incredibly poorly written, they can't protect someone who isn't doing their job well.  In the few cases where that *is* the case, the contract should be revised, but that doesn't mean the concept of collective bargaining is flawed.

Based on your comments, you seem to believe that there is some power in the market and in competition.  People like the due-process protection of being in a union, so if you get rid of that, you are making the job less desirable and you will end up with less skilled workers.  If you think that we're already getting higher quality work than we need, then making cuts makes sense.  Simply cutting salaries doesn't make anyone more accountable.

For more of the history behind public unions you may want to take a look at ""The Teacher Wars.""  http://www.npr.org/blogs/ed/2014/09/06/345293914/q-a-dana-goldstein-author-the-teacher-wars",Can you clarify how removing collective bargaining magically changes the minimum qualification requirements of a given job/position?,question,heldout_pilot80,18,0.0,0.0,0.0,0.16666666666666666,False,False,False,False,True,180,0.016666666666666666,0.027777777777777776,0.027777777777777776,0.09444444444444444,True,False,True,True,False
"I just remember the page number. I've not really had a problem since I started doing that, you just look at the Page number and a few words near it, then when you come back make sure the words match what you remember. It's works quite well and leaves you able to share a book easily.","Aha! So a mental dog ear - a combination of page number, the first words of the page and its general position in the book. Is that what you mean?",question,heldout_pilot80,29,0.0,0.0,0.0,0.034482758620689655,False,False,False,False,True,56,0.0,0.017857142857142856,0.03571428571428571,0.05357142857142857,True,False,True,False,False
"I've argued this to friends before and stand by it. If I have the decision and free will to do A, B, C or X, Y, Z in my life or in my day, then God can not be omniscient and know what is going to happen because ultimately the decision is up to me. Now the rebuttal I always hear is that ""you have this free will but even though you have so many choices God will still know what you are going to do,"" which I think is a weak argument because then I say well then there is no free will and the two can not coexist. Assuming there is a God, human free will and God's omniscience can't coexist. CMV.","If you have free will, do you believe that would imply time travel is impossible?",question,heldout_pilot80,15,0.0,0.0,0.0,0.0,False,False,False,False,True,124,0.024193548387096774,0.03225806451612903,0.024193548387096774,0.024193548387096774,True,False,True,True,False
"True, but lets be real, the more that animal products are processed on a large scale, the more likely they are to be cancer causing.  That's been shown time and time again.",Where?,question,heldout_pilot80,1,0.0,0.0,0.0,0.0,False,True,False,False,True,32,0.03125,0.0,0.03125,0.09375,True,False,False,True,False
"I'll sum it up for you. We had a government that created clean energy targets, kept the country from going into recession while the US and Europe saw catastrophic levels of unemployment, apologised to the native Aborigines for crimes committed against them and left the population marginally better off despite a carbon tax, through tax cuts and supplements.

We then took all that, and replaced it with a government that wanted to ban under 30s from accessing welfare for six months, made us become the only country in the world to repeal a carbon tax, created draconian Orwellian surveillance legislation that they can't even explain, aim to deregulate university fees to shift to an American style model, and don't even get me started on their torment of people coming here by boat.

And the best part? The PM is currently still preferred PM over the opposition leader. We're a country not worth saving.","&gt; apologised to the native Aborigines 

You, uh, want a medal for that?",question,heldout_pilot80,13,0.0,0.0,0.0,0.07692307692307693,False,False,False,False,True,153,0.006535947712418301,0.0196078431372549,0.026143790849673203,0.10457516339869281,True,False,True,True,False
"Once a company starts becoming abusive/unpopular, their customers don't want to voluntarily give them money anymore.  Those customers start looking elsewhere.  They might even pay a few bucks more for the same product/service because they hate the monopoly company so much.  The more abusive the company is, the more hated they are.  They are basically creating more and more of an opportunity for their competitors as they get worse.

Now, people will say ""oh well, we don't have a choice in XYZ"" and you're right!  You don't have a choice in cable providers, because the govt owns the telephone poles and the public roads that the cables travel over.  Govt-supported monopoly.

Some say its redundant to have 2 cable lines on the same telephone pole, but its redundant to have 2 burger shops in one town.  Redundancy is just another word for competition.

So, I would prefer theoretical arguments, as I don't know the detail of every single monopoly that has ever existed.  But, I am here to learn, so if you must use an example, please provide as much detail as you can.  Thanks!

I started to develop this view after looking into the cable companies' monopoly on residential users' internet access, but its expanded into a more general guideline since then.

Thanks for reading my post!

EDIT: I think ""oligopoly"" would be a better word than monopoly because even with the government's help, its hard to truly ""own"" a market.  I'm keeping the old wording above, however.
_____

&gt; *Hello, users of CMV! This is a footnote from your moderators. We'd just like to remind you of a couple of things. Firstly, please remember to* ***[read through our rules](http://www.reddit.com/r/changemyview/wiki/rules)***. *If you see a comment that has broken one, it is more effective to report it than downvote it. Speaking of which,* ***[downvotes don't change views](http://www.reddit.com/r/changemyview/wiki/guidelines#wiki_upvoting.2Fdownvoting)****! If you are thinking about submitting a CMV yourself, please have a look through our* ***[popular topics wiki](http://www.reddit.com/r/changemyview/wiki/populartopics)*** *first. Any questions or concerns? Feel free to* ***[message us](http://www.reddit.com/message/compose?to=/r/changemyview)***. *Happy CMVing!*",How has the debeers diamond monopoly been buttressed by governments?,question,heldout_pilot80,10,0.0,0.0,0.0,0.4,False,False,False,False,True,373,0.010723860589812333,0.013404825737265416,0.024128686327077747,0.17158176943699732,True,False,True,True,False
"&gt; Do you feel indignant or disrespected by your online interaction right now?

Yes.

Edit: Sorry, I skipped the other question and replied too soon. Reddit, as a content aggregator, commodifies content. It's all just one entry in a database, with its value reduced to its upvote/downvote counts. So not only do you have someone's dead relative listed right next to some meme about masturbating to pics of Emma Watson, but the value of that dead relative's life is reduced to its upvote/downvote count within the context of the person's presence on Reddit.","So the real problem is that Reddit (and maybe the internet as a whole) is an affront to humanity.

What about other written publications.  Just as bad?  The spoken word?",question,heldout_pilot80,30,0.0,0.0,0.0,0.06666666666666667,True,False,False,False,True,95,0.010526315789473684,0.010526315789473684,0.042105263157894736,0.14736842105263157,True,False,True,True,False
"I'm pro market, but I'm a socialist. Am I half wrong?","Like a market anarchist?  Sort of like an agorist?

Y'all are good.",question,heldout_pilot80,12,0.0,0.0,0.08333333333333333,0.08333333333333333,False,False,False,False,False,11,0.09090909090909091,0.0,0.18181818181818182,0.0,False,False,False,True,True
"Nope. Humans are capable of more abstract thought, so in addition to the instinctual and immediate emotional response (fear, disgust, anger) to dangerous or potentially dangerous stimuli, they can have more detailed and abstract fears of death, like the concern of an afterlife, judgement, futility etc.
 

 Animals, as far as we have reason to believe, lack any capacity for the sort of abstract thought that is neccessary for an explicit desire to continue living. They only have in-the-moment fearful reactions to potential threats, they are not likely to be in some fatalistic or existentialist terror.","how do these differences not apply to other desires, though?",question,heldout_pilot80,10,0.1,0.1,0.0,0.2,False,False,True,True,True,97,0.0,0.010309278350515464,0.0,0.061855670103092786,True,False,True,False,False
"&gt; Cast your mind back to the mobile phone market pre-iPhone.

And MP3 players before the iPod.  And online music retail before iTunes.

Fine, they didn't ""invent"" them.  They just took crappy products with tiny markets, cleaned them up, and grew the respective markets hundred fold.

But if we're going to use that standard of ""invention"", does anyone really invent anything?  Someone built the first MP3 player (years before apple), sure... but really, all they did was combine flash someone else built with a DAC someone else built, and an audio compression format someone else invented...

Was reddit ""invented""?  The idea of voting on links/content goes further back than reddit; reddit is built on software created by others (postgresql, cassandra, memcached, linux, the AWS platform...) etc. etc.

Precious little is created without leaning heavily on those who came before you.  If we define ""invention"" so narrowly as to exclude apple, we must also exclude almost every ""invention"" of the last 50 years.","∆ 


You changed my view on what constitutes an invention",agree,heldout_batch2,9,0.0,0.0,0.0,0.2222222222222222,False,False,False,False,False,163,0.012269938650306749,0.006134969325153374,0.012269938650306749,0.1656441717791411,True,False,True,True,False
I'm agreeing with you and saying that most medical standards agree with you. I'm also saying that changing your view would put you in opposition with the current medical standard but that there are still reasons why you see gender in medical communications.,"I feel like you could have both, so that while I may address a FTM as ""Mr."", medically I could operate on your uterus.",agree,heldout_batch2,24,0.0,0.0,0.0,0.0,False,False,False,False,False,43,0.046511627906976744,0.0,0.046511627906976744,0.09302325581395349,True,False,False,True,False
"I think it's very kind of the hotel to provide some reading material, but the choice of a bible is pretty arbitrary. I understand that it's the most read book in world literature, and Christianity is the biggest religion. But a non-christian staying in a hotel can't really do much with it, aside from the aesthetic viewpoint (and although this is just my personal opinion, there are much better-written books than the Bible). I think the 'moral lessons' in the Bible can be found in tons of other great literature. Why not a Koran or a Tao Te Ching? Or why a religious book at all? I'd much prefer a greater variety of books, a Dracula in one room/hotel, a Ulysses, Crime and Punishment or Harry Potter in another.

So, try your best guys, convince me: why a bible over any other book?


Thank you, /u/GnosticGnome, /u/Cullpepper and /u/down42roads for informing me that it is not the hotel but a christian organization that provides these bibles. I had never heard of Gideons International. Someone should get a hundred million copies of The Hobbit together (thanks for the idea, /u/down42roads) so hotel goers can at least choose between two books to read :)
_____

&gt; *Hello, users of CMV! This is a footnote from your moderators. We'd just like to remind you of a couple of things. Firstly, please remember to* ***[read through our rules](http://www.reddit.com/r/changemyview/wiki/rules)***. *If you see a comment that has broken one, it is more effective to report it than downvote it. Speaking of which,* ***[downvotes don't change views](http://www.reddit.com/r/changemyview/wiki/guidelines#wiki_upvoting.2Fdownvoting)****! If you are thinking about submitting a CMV yourself, please have a look through our* ***[popular topics wiki](http://www.reddit.com/r/changemyview/wiki/populartopics)*** *first. Any questions or concerns? Feel free to* ***[message us](http://www.reddit.com/message/compose?to=/r/changemyview)***. *Happy CMVing!*",The hotels generally don't do it. They're donated by Gideons International.,statement,heldout_batch2,11,0.0,0.09090909090909091,0.18181818181818182,0.09090909090909091,False,False,True,False,False,333,0.012012012012012012,0.015015015015015015,0.018018018018018018,0.16516516516516516,True,False,True,True,False
"You can sue for damages if something happens and you are no longer able to have sex. Like, sue for a lot of damages. Sex is considered an important part of life, legally.",That is physical harm I don't understand the comparison,disagree,heldout_batch2,9,0.0,0.1111111111111111,0.1111111111111111,0.0,False,False,True,False,False,33,0.0,0.030303030303030304,0.0,0.030303030303030304,True,False,True,False,False
"&gt; Humans may be fat and physically repulsive but if they have money they can still get women 

Wait, are women not humans?","poorly worded on my part, you get my point",agree,heldout_batch2,9,0.0,0.0,0.0,0.0,False,False,False,False,False,23,0.08695652173913043,0.043478260869565216,0.0,0.13043478260869565,False,False,True,True,True
"Not even that, but the GATE program in elementary school was the highlight of my week. I got to spend a few hours away from horrid Ms. Richmond and got to build bridges out of toothpicks and dissect cow hearts.

Meanwhile my normal elementary school classes (and middle and high school to a lesser extent) taught me that if I just sit back and listen to the teacher, and never study, I'll get A's and B's. That mentality is fucking me over in college.","Not just college, but life too.",agree,heldout_batch2,6,0.16666666666666666,0.16666666666666666,0.0,0.0,False,False,True,True,False,84,0.011904761904761904,0.023809523809523808,0.03571428571428571,0.047619047619047616,True,False,True,True,False
Pride in your ignorance is an awful attitude to have.,Did you respond to the wrong post or something?,question,heldout_batch2,9,0.0,0.0,0.0,0.0,False,False,False,False,True,10,0.0,0.0,0.0,0.0,False,False,False,False,False
I'd say paid AMAs are fine if the participants *know* it's a paid event. Would you agree with that?,I'd  take open and honest advertising over fake content any day.,agree,heldout_batch2,11,0.0,0.0,0.09090909090909091,0.0,False,False,False,False,False,19,0.0,0.0,0.10526315789473684,0.15789473684210525,False,False,False,False,True
"I don't think that's universally true. Where I work now (software company), lunch just counts as an extra meeting where food is provided. So everyone here is still considered having had worked an 8 hour shift if they go 9-5 (most go longer anyways).

When I was working at restaurants no one had lunch break and those were 10 hour shifts.","Nothing is 100% true in all situations.  But in my experience, 8-5 seems like the most typical work hours",statement,heldout_batch2,17,0.058823529411764705,0.058823529411764705,0.0,0.17647058823529413,False,False,True,True,False,58,0.017241379310344827,0.034482758620689655,0.034482758620689655,0.08620689655172414,True,False,True,True,False
"People have voices. People own things. People are able to use the things that they own how they want. 

&gt;Corporations are made up / owned buy people who choose to spend their money a certain way. They can also now choose to spend the company's money in that way too.

That's like saying that my bank account is just a thing and I shouldn't be able to spend my own money for political purposes because my bank account is not a person. And no, I don't expect my bank account to be able to vote either. My house and my car are also unlikely to vote any time soon.",a business isn't a bank account. Or it shouldn't be. being able to use it like one is the problem with Citizen's United,disagree,heldout_batch2,23,0.0,0.08695652173913043,0.13043478260869565,0.0,False,False,True,False,False,109,0.0,0.03669724770642202,0.03669724770642202,0.045871559633027525,True,False,True,False,False
"The federal government only needs to protect our rights to life, liberty, and the pursuit of happiness. This means that things such as murder, rape, and theft are illegal because you are infringing on someone else's rights to live, own property, and pursue their dream life. Everything else should be inherently allowed by the FEDERAL government.

Then, per the Constitution, each of the 50 states would have complete democratic freedom to decide on issues such as minimum wage, abortion, gun rights, wage equality, marriage equality, etc etc etc. Basically, everything else. People could move freely to the states that reflect their personal morals. States that adopted policies that led to economic depression or social injustice would likely change their policies because people would move out.

So why does the federal government get to control so much? Why do we GIVE them that power?

I am of course speaking of the United States as that is the only country I have lived in, feel free to give opinions/examples using other countries.

Change my view.

EDIT: Let me clarify: violations of human rights such as murder, rape, and theft should be *universally recognized as illegal by the federal government*, while everything else should be up to states. I am aware that the federal government does not take care of murder, rape, and theft cases. 

EDIT 2: Thanks to down42roads I no longer believe the feds should just be involved ""in protecting human rights"" as I read article I, section 8 of the Constitution and most of the listed responsibilities have nothing to do with the states. My biggest problem is how the federal government CURRENTLY steps into states issues without regard to the constitution. I still think almost all social issues and many financial issues should be decided upon by the states themselves. 

EDIT 3: I'm off to bed, but thank you for all the comments. I am trying to respond to all of you, as you all have strong arguments. Thanks for participating, hopefully I can get some more in tomorrow (:",Do you mean practically or some theory?,question,heldout_batch2,7,0.0,0.0,0.0,0.0,False,False,False,False,True,338,0.005917159763313609,0.008875739644970414,0.005917159763313609,0.11242603550295859,True,False,True,True,False
"Alright, just because google says ""did you mean"" does not mean the term is not sound. Up and most are two legitimate words and when put together form a legitimate phrase. Google is not a source for sound information. It is a search engine. This wasn't even worth replying to. Did not change my view.","Canadian here. I have literally *never* heard ""upmost"" used in place of ""utmost"". Everyone would look at you funny and think you're retarded.",disagree,heldout_batch2,23,0.0,0.043478260869565216,0.043478260869565216,0.043478260869565216,False,False,True,False,False,55,0.0,0.09090909090909091,0.01818181818181818,0.07272727272727272,True,False,True,False,False
"Same thing. Mine was just an example of the concept; I have no idea what I was doing when. Point is, it was all well-defined expressions with simple ways to solve them, not crazy trig functions that have to be divided by some magical other combination of functions that you have to be able to just kind of guess to get it to boil down correctly.

Well, I don't necessarily agree that you have to be challenged to learn. I'm not sure that there's any real basis for saying that. Just because you can learn something easily doesn't mean you aren't learning it.","Challenged to improve. Learning can just be information, improving means knowledge too. Learning can mean knowledge, but challenge necessitates it, as does improvement.",statement,heldout_batch2,23,0.043478260869565216,0.0,0.0,0.08695652173913043,False,False,False,True,False,104,0.0,0.057692307692307696,0.04807692307692308,0.038461538461538464,True,False,True,False,False
"The typical Christian resolution to the problem of evil is to state that it is humans, through the exercise of their (presumably metaphysical) free will (a scientifically and philosophically implausible concept) have disobeyed god and brought sin and its attendant woes into existence.

Fine, let's assume that to be the case.  It is nevertheless unclear how God is obviated of moral responsibility even if we concede this to be the case, because he/she/it is omniscient.

If God is omniscient, then it knew the exact actions that humans would take.  If God knew the only outcome its actions would produce (creating the world and humans and then human disobedience) it follows that it is responsible for what it willed into being.

If I *know* that taking action x (creating the world and humans) will result in outcome y (human disobedience), I must naturally take responsibility when y occurs as a result of x instead of, say, z (human obedience)

The conclusion?  God, by virtue of omniscience, *must* be responsible for human disobedience, and he *must* have willed it.",Do you see your conclusion as inconsistent with Christianity? or are you just arguing against Christians that disagree with your conclusion?,question,heldout_batch2,21,0.0,0.0,0.0,0.047619047619047616,False,False,False,False,True,179,0.00558659217877095,0.0,0.00558659217877095,0.07262569832402235,True,False,False,True,False
"To be clear I'm not disputing the existence of social constructs. What I am disputing is the phenomenon of dismissing a common belief or behavior as ""just a social construct"", as if social constructs are totally arbitrary and have no deeper significance. My position is that these constructs must necessarily have arisen out of natural factors, and that those natural factors are still around today.

My reasoning for this is that social influence could not always have been in play; hundreds of thousands of years ago there was no such thing as language and thus ""social constructs"" could not exist. My idea is that once language developed, the first and most enduring social constructs grew out of instinctual behavior. 

Further (though my knowledge of genetics is admittedly limited) I believe the scientific consensus is that genetics (nature) tend to have more bearing on individual behavior than social context or upbringing (nurture). If this is true, a given ""social construct"" could only attain widespread prevalence if it appealed to something inherent in the physical makeup of a large group of humans.

And for the record - by no means am I implying that just because a behavior is ""natural"" it is acceptable. What I am stating is that many so-called social constructs are too deeply rooted in the human psyche to be easily altered or removed.

Change my view.
_____

&gt; *Hello, users of CMV! This is a footnote from your moderators. We'd just like to remind you of a couple of things. Firstly, please remember to* ***[read through our rules](http://www.reddit.com/r/changemyview/wiki/rules)***. *If you see a comment that has broken one, it is more effective to report it than just downvote it. Speaking of which,* ***[downvotes don't change views](http://www.reddit.com/r/changemyview/wiki/guidelines#wiki_upvoting.2Fdownvoting)****! If you are thinking about submitting a CMV yourself, please have a look through our* ***[popular topics wiki](http://www.reddit.com/r/changemyview/wiki/populartopics)*** *first. Any questions or concerns? Feel free to* ***[message us](http://www.reddit.com/message/compose?to=/r/changemyview)***. *Happy CMVing!*",There is no such thing as genetic behaviour.,disagree,heldout_batch2,8,0.0,0.125,0.0,0.0,False,False,True,False,False,352,0.005681818181818182,0.019886363636363636,0.008522727272727272,0.1875,True,False,True,True,False
Your image shows a site that was banned for manipulation of reddit. Do you have an example of one banned for political reasons? I couldn't find any.,"Oh no, I definitely don't disagree with you. I was asking him to find an example of a politically-motivated ban. I couldn't find any either. :)",agree,heldout_batch2,26,0.0,0.11538461538461539,0.07692307692307693,0.07692307692307693,False,False,True,False,False,27,0.0,0.037037037037037035,0.037037037037037035,0.18518518518518517,False,False,True,False,False
I also heard homeopathy works by certain people but proven science is better. I have sources that on average oranges are healthier for you than apples.,"∆

You win a delta for showing me how oranges are healthier than apples.",agree,heldout_batch2,13,0.0,0.0,0.0,0.23076923076923078,False,False,False,False,False,26,0.038461538461538464,0.0,0.0,0.19230769230769232,False,False,False,True,False
Make your own post. This has nothing to do with OP's.,"Just realised I can't, as I don't meet the requirements of the CMV sub's rules.",statement,heldout_batch2,15,0.0,0.13333333333333333,0.2,0.2,False,False,True,False,False,11,0.0,0.09090909090909091,0.09090909090909091,0.09090909090909091,False,False,True,False,False
"I disagree.  You have to dress to the level of professionalism that is expected from the employer. Assuming you are working for someone else you have to abide by their rules.  They hired you, they are the reason you have this job. A dress code is a simple rule that is easy to follow.  Look respectable, approachable, and professional.  It means you take your job seriously.",It also raises the poverty line and maintains a stigma.,disagree,heldout_batch2,10,0.0,0.0,0.0,0.2,False,False,False,False,False,66,0.0,0.0,0.0,0.045454545454545456,True,False,False,False,False
"&gt; I mean, wouldn't it be as easy as just dressing how you want, acting how you want, and being sexually interested in whatever you want?

For one easy example, it's super important to represent yourself accurately when starting a new relationship because a lot of things can make a partner uncomfortable. For instance, maybe you'd feel really weird if your girlfriend started referring to himself as a man one day, and wearing a breast binder and plaid or whatever to feel more manly, but if you had known she was genderfluid you wouldn't be surprised by them *'just being themselves'*",∆,agree,heldout_batch2,0,0.0,0.0,0.0,0.0,False,True,False,False,False,101,0.009900990099009901,0.019801980198019802,0.039603960396039604,0.0594059405940594,True,False,True,True,False
"&gt;No, because you don't remember you old life

So you want to keep your identity. What if there was more to existence than your identity?",I don't think there's more to one person's existence than their own identity?,disagree,heldout_batch2,13,0.0,0.07692307692307693,0.23076923076923078,0.0,False,False,True,False,True,26,0.0,0.07692307692307693,0.038461538461538464,0.0,False,False,True,False,True
"On the other hand, I had a friend from Indiana visiting me in Dundee, Scotland for a week, and he proposed we set aside a day or two and walk to London and back.",Hahahhahaha that's awesome. Good story. I chuckled.,statement,heldout_batch2,7,0.0,0.0,0.14285714285714285,0.14285714285714285,False,False,False,False,False,34,0.0,0.0,0.0,0.029411764705882353,True,False,False,False,False
"NYC currently has two schemes for limiting rent: rent control, and rent stabilization.  Both of them should be abolished, though gradually.  I would propose that currently controlled units remain controlled, but that:

* Current units cannot be transferred to a new tenant.  If the original tenant on the lease at the time of the decontrol law vacates the unit, the unit can be listed by the landlord at market rates.  Currently, other occupants related to the lessor can inherit the lease, meaning units pass down in families indefinitely.

* Newly constructed or rented units are not subject to any controls.

* Rents in all controlled units can rise by up to 5% per year.

* Rent decontrol be coupled with large scale upzoning to allow more housing to come on to the market.  This will include infill construction in NYCHA housing projects where developers are willing to pay market rates for the land.

* Buildings which received Mitchell-Lama or other tax subsidies must pay back the subsidies with interest before decontrolling units which were built as a condition of the subsidy, on a pro-rated basis.

The reason I want to abolish rent regulations in NYC is that it drastically reduces the available housing supply and harms people looking to move to or within the city.  Anyone who has won the rent regulation lottery never moves out, and you end up with a highly inefficient allocation of apartments within the city.

It also hugely depresses the creation of new rental units within the city, because new landlords see what happened to old landlords who got stuck with controlled units.

I don't think there should be a property right in a rental.  If you want a property interest in the place where you live, you should buy it.  If you're renting, you should be subject to the market forces that come with that.

**Edit 1:**  I was hoping to get some replies before I had to step away, but so far it's just crickets.  Will be away from computer for about an hour and a half or so, and will reply when I'm back.
_____

&gt; *Hello, users of CMV! This is a footnote from your moderators. We'd just like to remind you of a couple of things. Firstly, please remember to* ***[read through our rules](http://www.reddit.com/r/changemyview/wiki/rules)***. *If you see a comment that has broken one, it is more effective to report it than downvote it. Speaking of which,* ***[downvotes don't change views](http://www.reddit.com/r/changemyview/wiki/guidelines#wiki_upvoting.2Fdownvoting)****! If you are thinking about submitting a CMV yourself, please have a look through our* ***[popular topics wiki](http://www.reddit.com/r/changemyview/wiki/populartopics)*** *first. Any questions or concerns? Feel free to* ***[message us](http://www.reddit.com/message/compose?to=/r/changemyview)***. *Happy CMVing!*","It doesn't reduce supply,  people are living in them. What it does is price out low income, thus reducing demand.",disagree,heldout_batch2,20,0.0,0.05,0.05,0.0,False,False,True,False,False,470,0.006382978723404255,0.010638297872340425,0.01276595744680851,0.17872340425531916,True,False,True,True,False
"&gt; Responsibilities without compensation breed resentment. 

So, compensation in the value of money is what you are saying.  Nothing to gain otherwise.  Not maturity, trust, rewards, comfort in participating in a family dynamic that will hopefully enrich your life forever?

&gt;The parents having a second child is their choice and they alone should be responsible for it.

What about chores?  I brought you into this world, I should be responsible for the messes you make, you shouldn't have to contribute to anything, and you have no responsibilities living in this household.",A lot of people don't find the family dynamic enriching.,disagree,heldout_batch2,10,0.0,0.1,0.1,0.0,False,False,True,False,False,92,0.0,0.043478260869565216,0.010869565217391304,0.07608695652173914,True,False,True,False,False
"Please, the Left wing of the Democrats were for gay rights by the 1960's:

http://en.wikipedia.org/wiki/New_Left",But the Libertarian Party had pro-gay rights candidates in the Presidential ballots in the 70s. The Democrats didn't do that until 2012.,disagree,heldout_batch2,22,0.045454545454545456,0.045454545454545456,0.045454545454545456,0.13636363636363635,False,False,True,True,False,21,0.0,0.0,0.047619047619047616,0.23809523809523808,False,False,False,False,False
Yep. Solyent Green asshole. Solyent Green.,Haha ok,statement,heldout_batch2,2,0.0,0.0,0.0,0.0,False,True,False,False,False,6,0.0,0.0,0.0,0.16666666666666666,False,False,False,False,False
"Think of how stupid the average person is.  Do you really want them telling you how to live?  Representative democracy does three important things that direct democracy does not.  

First, it allows the government to execute the will of the people without being subject to the whim of the people.  We would spend so much time writing and rewriting laws as popular opinion swings back and forth.

Second, it ensures that only people who want to participate do so.  Nobody runs for Senator without actually wanting the job, and they understand what legislating entails in terms of responsibility.  With direct democracy, you end up with lots of people voting on legislation who don't know about, care about, or understand the issues.

Finally, representative democracy creates a system where the citizens don't need to know the ins and outs of every piece of legislation because we basically hire people to do it for us.  By electing representatives, we agree that we trust the person chosen to do his or her job and act in the best interest of the constituency.","&gt; Think of how stupid the average person is

And then realize that half the population is dumber than that",agree,heldout_batch2,20,0.0,0.0,0.0,0.05,False,False,False,False,False,179,0.0,0.0223463687150838,0.0111731843575419,0.09497206703910614,True,False,True,False,False
"You don't just have a reelection if the current president is removed from office. The Vice President would assume office, after which he would appoint a new VP to be confirmed by Congress.","Ahh. Okay, but still, will Biden do anything different?",question,heldout_batch2,9,0.2222222222222222,0.0,0.0,0.0,False,False,False,True,True,33,0.0,0.030303030303030304,0.030303030303030304,0.030303030303030304,True,False,True,False,False
"No i get it, my analogie was more humorous than serious.

But in the same time, you can't argue that it's the same thing like diagnosing bacterial infection.","I'd agree with that, to a certain extent.  Still, it's no different to how any other mental illness is diagnosed (schizophrenia, etc...).",agree,heldout_batch2,22,0.045454545454545456,0.045454545454545456,0.09090909090909091,0.09090909090909091,False,False,True,True,False,28,0.03571428571428571,0.07142857142857142,0.07142857142857142,0.07142857142857142,False,False,True,True,False
"Your two conclusions contradict each other. If someone is asking for their opinion to be changed, and their opinion is something the hivemind agrees with, shouldn't we be supportive of them for going against the mainstream? Upvoting those posts seems like the opposite of a circlejerk.",We see the same posts time and time again: evidently it doesn't work.,disagree,heldout_batch2,13,0.0,0.07692307692307693,0.07692307692307693,0.07692307692307693,False,False,True,False,False,46,0.0,0.021739130434782608,0.021739130434782608,0.1956521739130435,True,False,True,False,False
"I think most of what you are saying is probably true, but if that is how they think it seems very close-minded of them, at least to me personally. This may, though, be something specific to me, as I always advocate constant change, and I would think that if the movement changed so that the word didn't really apply, we should have a new word, which is pretty much exactly why I don't like the term ""feminist"".

Though - and this is not really on topic, but it bothers me - do people *really* think that the presence of more men in prison is misogynist ""because it assumes women are too stupid to commit crimes""? I don't know if you're saying you believe that or not, but it certainly doesn't make sense to me. Personally, I don't think that particular issue has anything to do with misogyny or misandry. From what I understand, men are more likely to commit crimes, due to testosterone and such. It's just science. I haven't seen any women get a ""free pass"" in any circumstances other than sex crimes - but that is yet another topic.",Sorry for mobile link: http://m.huffpost.com/us/entry/1874742/,statement,heldout_batch2,10,0.0,0.0,0.0,0.3,False,False,False,False,False,189,0.037037037037037035,0.042328042328042326,0.042328042328042326,0.0582010582010582,True,False,True,True,False
"We have two premises here:

1. Women, because of their biological characteristics, cannot in their peak physical condition build as much muscle or run as efficiently as men. Makes sense to segregate sports leagues.

2. OP's premise: women are ""generally"" weaker than men, so *any* woman at *any* time *is* weaker than a man. Aka, the implication that a woman in WNBA is *still* weaker than any old guy by virtue of being a woman, hence an insult such as ""you throw like a girl"" is totally justified, though few men can throw like Mo'ne Davis.","Fair enough; your argument seemed like an argument against premise 1, but I wasn't paying enough attention to the broadness of OP's arguments. In that context the difference certainly matters.",agree,heldout_batch2,29,0.034482758620689655,0.034482758620689655,0.06896551724137931,0.10344827586206896,False,False,True,True,False,94,0.02127659574468085,0.010638297872340425,0.02127659574468085,0.0851063829787234,True,False,True,True,False
"States can write their own legislation for themselves. If they're outvoted in the house, they shouldn't get the option to block stuff they don't like over the heads of far more people.",So Wyoming shouldn't have a voice?,question,heldout_batch2,6,0.0,0.16666666666666666,0.16666666666666666,0.0,False,False,True,False,True,32,0.0,0.0625,0.09375,0.0625,True,False,True,False,False
"Freedom of speech is stronger is the US than in the countries you listed, which have hate speech laws. For instance, in Germany it is illegal to state that the holocaust did not occur.

In the US, it is also much easier to procure and carry a firearm. You may not agree with this freedom, but it clearly exists in a stronger form in the US as compared to most of the 'first world'.",Doesn't freedom of [hate] speech impede other people's freedoms?,question,heldout_batch2,9,0.0,0.1111111111111111,0.2222222222222222,0.1111111111111111,False,False,True,False,True,74,0.013513513513513514,0.02702702702702703,0.0,0.08108108108108109,True,False,True,True,False
"I'm going to guess that you either don't have any blind friends who consider themselves fans of superheroes, or that your blind friends hate you for being an elitist jerk for excluding them from ever fully qualifying as fans due to their inability to fully experience the only form of media that you consider a requirement for fandom. 

I can't claim for certain whether or not one can be a fan of a character without having read the source material. After watching the movie Thor, I thought I was a fan of the character Thor. However, since I wasn't around to read the original documents of Norse mythology, this can obviously never be the case. I'm guessing you can't be a ""real"" fan of Thor for that reason, either. Right?","Well, even if you accept OP's premise (I don't), you could still claim to be a fan of Marvel's Thor after reading the Thor comics.",disagree,heldout_batch2,25,0.04,0.04,0.12,0.04,False,False,True,True,False,130,0.007692307692307693,0.046153846153846156,0.046153846153846156,0.06923076923076923,True,False,True,True,True
"I mean, a lot of their songs are sort of catchy, but a lot of them I find are actually pretty terrible. A ton of them are formulaic as well, following basic song structures and chord progressions. Lyrics are rarely profound.

I can see why people like them, but love for the Beatles is so disproportionately high compared to other British Invasion bands like the Who, Yes, Led Zeppelin, Pink Floyd, The Clash, etc. Many of those bands innovated far more.

I can also understand why they would have mass appeal, even today well after Beatlemania (and even with younger people). I get that. But I want someone to convince me why they are that much better, and why they deserve that excessive recognition.","To be fair, it's possible for something to be simultaneously great and also overrated.",agree,heldout_batch2,14,0.0,0.0,0.07142857142857142,0.07142857142857142,False,False,False,False,False,124,0.024193548387096774,0.0,0.0,0.06451612903225806,True,False,False,True,False
"you do realise when you check out a book a librarian looks at what you are checking out? SO yes you can sneakily read it in library, but you wouldn't be able to take it out. Librarians aren't machines? besides which book is the library going to have that is so bad for children, that children would even be interested in? bomb making books are banned by gov, that leaves porn. I don't know of libraries having porn books except the art books. are you going to censor great works of art now?","Most libraries have an automatic checkout system.  Still, if your age is on your libary account, then the checkout system can still prevent you from checking out the book.",statement,heldout_batch2,29,0.06896551724137931,0.0,0.0,0.1724137931034483,False,False,False,True,False,93,0.021505376344086023,0.03225806451612903,0.03225806451612903,0.17204301075268819,True,False,True,True,True
"&gt;  ""the Jews did this""

I came nothing close to this disgusting comment.  I request you kindly remove this slander.",I think he was joking.,statement,heldout_batch2,5,0.0,0.0,0.0,0.2,False,True,False,False,False,20,0.0,0.05,0.0,0.0,False,False,True,False,False
"Recently in the news the C.I.A. and Bush administration have been under a lot of heat for torturing prisoners. In the grand scheme of things, what are a few lives compared to the safety of thousands of others. The people they are torturing are a global threat; it's not out of patriotism that I'm trying to justify this for the sake of protecting good old 'murica. 

I think the main argument against me would be that there's a chance that some of these people may be innocent. But if someone came up to me, and said three other people and I need to be tortured because only one of us is a terrorist and it's either the four of us or potentially thousands of others, I would volunteer in a heartbeat. 

I am already well aware the government spends billions of dollars on military related things that the public has no idea about, and I'm okay with that because I understand that those are keeping us safe.

I think my overall opinion is that it's good to be a good person and cooperate with people, but you also have to understand there are people who you can't negotiate with and you just have to kill (or torture) them.","even disregarding all else:

[the torture report stated *at least* 1 in 5 of the victims were innocent](https://cdn3.vox-cdn.com/thumbor/86SU2M8HIhOplbh-oemTAPUks98=/800x0/filters:no_upscale(\)/assets.sbnation.com/uploads/chorus_asset/file/2533066/Screenshot_2014-12-09_11.50.09.0.png)",statement,heldout_batch2,39,0.0,0.02564102564102564,0.0,0.358974358974359,True,False,True,False,False,210,0.009523809523809525,0.014285714285714285,0.03333333333333333,0.07142857142857142,True,False,True,True,False
I'm glad I live in Canada then.,"I'll take risk of death by moron over unpleasant winter, but to each their own.",statement,heldout_batch2,15,0.06666666666666667,0.0,0.06666666666666667,0.0,False,False,False,True,False,7,0.0,0.0,0.14285714285714285,0.0,False,False,False,False,False
It saddens me that a few people in this thread are comparing the differences between the NBA and WNBA to the differences between the Olympics and Special Olympics.  I can't express how offensive it is to view female athletes as being so inferior to their male counterparts that you'd say they might as be mentally challenged.,"In fairness, I *think* they probably mean the paralympics. People confuse those all the time. It's still not a great analogy.",statement,heldout_batch2,21,0.047619047619047616,0.047619047619047616,0.047619047619047616,0.047619047619047616,False,False,True,True,False,56,0.0,0.017857142857142856,0.03571428571428571,0.125,True,False,True,False,False
"Alright; I've been getting older and mowing around the idea of having children. The worlds such a messed up place though; I wouldn't feel right putting another person through it all. The world is progressively getting worse, and by the time my child is grown up they must be subjected to some awful things.  Much worse to what I've experienced. Everyday on the news I see endless amounts of saddening, worrying or scary news. The amounts of conflicts and struggles in the world are more prevalent then ever before.

In my personal experience my parents had it much easier than I did; there was less people in Canada which means that competition for Universities, jobs, and things like that were much less competitive. There were less awful occurrences such as school shootings, terrorist attacks and so on. Environmental problems were an issue, but people lived in ignorant bliss.

The world is in a progression of getting worse, so why bring another person into it?","If everyone thought that, the world would be hell. Children are our only chance to correct it.",disagree,heldout_batch2,17,0.0,0.0,0.0,0.0,False,False,False,False,False,164,0.012195121951219513,0.006097560975609756,0.018292682926829267,0.10975609756097561,True,False,True,True,True
"The two aren't mutually exclusive, in my opinion- if you're an American criminal but also an enemy combatant, which takes precedence? 

Apparently the latter.","They aren't mutually exclusive, but in this scenario they're being defined from the same thing.  It's weird to argue that something makes you a criminal *and* an enemy combatant.",disagree,heldout_batch2,29,0.034482758620689655,0.034482758620689655,0.10344827586206896,0.034482758620689655,False,False,True,True,False,24,0.041666666666666664,0.041666666666666664,0.08333333333333333,0.041666666666666664,False,False,True,True,False
All of those things are correlated (maybe caused) with low income.,Are you suggesting low income causes mental illness?,question,heldout_batch2,8,0.0,0.0,0.0,0.125,False,False,False,False,True,11,0.0,0.0,0.0,0.18181818181818182,False,False,False,False,False
"I imagine there is a significant difference between doing a sport/activity a few days a week and practicing at home as compared with serious training for the Olympics.

The idea here is that they start serious training every day to the exclusion of other things from a very young age.","Sure but if you are going to compare it to a high school sport, that is every day for multiple hours when you are in season.",statement,heldout_batch2,26,0.038461538461538464,0.0,0.0,0.038461538461538464,False,False,False,True,False,51,0.0,0.0,0.0,0.058823529411764705,True,False,False,False,False
"Pope John Paul II was shot in 1981, so clearly God lets that happen. I think Francis isn't keen on sharing the same fate.",Pope Francis doesn't use bullet proof glass.,statement,heldout_batch2,7,0.0,0.14285714285714285,0.14285714285714285,0.0,False,False,True,False,False,23,0.0,0.043478260869565216,0.043478260869565216,0.08695652173913043,False,False,True,False,False
"Right, but that view is useless unless you can actually see it implemented. You're talking about a view that you wish others to adopt as well. I'm trying to get you to see that your view that others should adopt this position is futile.

Your view isn't *merely* that you think it's right, you think *others* are obligated to follow it too.","Not obligated, but I do wish they would. Then the world would be more like how I want it to be.",disagree,heldout_batch2,21,0.047619047619047616,0.047619047619047616,0.0,0.047619047619047616,False,False,True,True,False,62,0.016129032258064516,0.016129032258064516,0.06451612903225806,0.08064516129032258,True,False,True,True,False
I am a person who has grown up eating and loving meat. In mainstream society and culture it is not frowned upon to eat meat. (atleast in Bulgaria can't say if that's the case in the US.) That said my visit to this sub was the first time i actually saw arguments for and against being vegan. And from what I've seen my conclusion is that there is no moral reason to eat meat. But the lack of moral reasoning alone is not enough to stop me from eating meat and that's the case not only with me but with the majority of people. You wrote about apathy but keep in mind that people dont see where and how meat is grown. They just see it in supermarket shelf already sealed and packeged. So why should they care where it comes from or how it's made? I just don't see meat eating as that big of a deal and I can tell you that in my country the problems with meat production are not talked about nor are considered important. Hence I dont see anything wrong with enjoying my steak dinner.,[If reason isn't enough ](https://youtu.be/9mlh6BDBpA4),statement,heldout_batch2,9,0.0,0.1111111111111111,0.1111111111111111,0.3333333333333333,False,False,True,False,False,191,0.015706806282722512,0.041884816753926704,0.031413612565445025,0.04712041884816754,True,False,True,True,False
"&gt; I know that 2+2=5. 

I think maybe you should double check your math.",Do you doubt the party?,question,heldout_batch2,5,0.0,0.0,0.0,0.0,False,True,False,False,True,13,0.0,0.0,0.0,0.0,False,False,False,False,False
"I have no problem with people who are gay, lesbian, bi, trans or whatever.  I strongly believe in life, liberty and the pursuit of happiness and if you're not hurting anyone, then you get your freak on and be whoever you are.  

However, the labels are getting to be a bit too much.  I agree with a sentiment that I see all over the CMV sub:  a lot of these labels are created by attention seekers who can't stand to be part of an already defined group and must create their own category.  No amount of evidence, arguing, diversity seminars or PowerPoint slide presentations will convince me that there's a difference between bisexual and Pansexual.  However, I have no dog in this fight.  I am a straight male who happy being a male and doing manly things.  

First, it was LGBT.  Then it was LGBTQ.  Now it's LGBTQIA.  Again, not my concern.  They can use as many letters and/or labels as they want.  However, I find the use of the term ""cisgendered"" or ""cissexual"" to be ridiculous.  It is an unnecessary term.

[According to The Williams Institute](http://abcnews.go.com/Health/williams-institute-report-reveals-million-gay-bisexual-transgender/story?id=13320565), approximately 4% of the population classifies themselves as LGBT.  That leaves 96% who do not.  I do not know the validity of this number and I'm sure there is a range of agreed upon statistics.  

In my opinion, cisgendered or cissexual is the ""default"" setting.  Those with alternate sexual or gender identities are the minority.  That in no way suggests or implies that they are bad or wrong.  There are simply less of them.  I think it's rather safe to assume that someone is cis unless they tell me otherwise.  If they want me to know that they fall into a different category (or even a variety of different categories) then I assume that they will tell me.  I do subscribe to the rather antiquated notion that what you prefer to do in the bedroom is your own business and doesn't need to be broadcasted, but that's just me.

[Polydactyly](http://en.wikipedia.org/wiki/Polydactyly) exists.  It affects a small portion of the population and thus, there is a label or designation for it.  In no way is this label meant to shame or degrade those with the condition.  However, one who is born with no extra fingers or toes does not require a label.  Why?  Because most people have 10 fingers and 10 toes.  It doesn't make them better.  There are just more of them.  Designating someone as ""non-polydactyl"" is ridiculous.

There is a small percentage of the population that is designated as ""special needs"".  This is a broad term that can apply to many different conditions.  Again, the label ""special needs"" in no way is meant to demean them or belittle them.  However, it would be unnecessary to introduce you to my ""regular needs"" friend, Eugene.  

Somewhere along the line, ""normal"" became a pseudo-slur.  If I advertise myself as ""just a normal guy"", then I have implied that someone different from me (perhaps, gay or trans) is ""abnormal"".  Now that word does carry a certain air of disgust, even though it's definition simply means ""unusual"" or ""uncommon"".  I would never refer to a person whose gender identity or sexual preference was different than mine as ""abnormal"", but I find it confusing that some folks get angry if it's implied that they are part of a smaller group.

""Minority"" carries a lesser degree of the same stigma.  ""Minority"" just means you're part of a smaller group.  By definition, left-handed people are a minority (roughly 11%).  However, if you informed 100 left handed people that they were in a minority, I find it difficult to believe that any one of them would be offended.

Patton Oswalt had a great bit about watching a group of kids playing some elaborate game with all sorts of rules and regulations.  

*So they would say: ""Okay, uh, the bike path over at the skaffetys' is lava and if you touch that, you're dead.  And then the hedges over at the slingerlands' are poison snakes...and if you go over there they'll bite you and you're dead.*

One of the kids proclaims Patton to be dead because he touched the bike path and the bike path is lava.  He then has to explain that he's not playing and the lava rule doesn't really apply to him.  That's exactly how I feel.  I'm not playing. 

I don't need someone else to give me a label because I don't fit into a smaller group.    

Feel free to change my view, but be aware that any replies lambasting my ""cis privilege"" will be completely ignored.



Edit:  ok.  I learned quite a bit today.  I tend to think in terms of black and white and lesser in shades of grey.  In short, the ""cis"" term isn't so much a label that was made up for the sake of yet another label, but as a needed term for when those with gender and sexual diversity have a discussion that warrants it.  

Part of my issue was/is that I never really interact with much diversity.  I have a few gay, lesbian and bi friends and while it's not a secret, that characteristic just doesn't come up in conversation.  The few people that I've met that do exhibit some gender diversity or otherwise ""unique"" sexual preferences were absolutely unbearable.  They waved it around like a big obnoxious flag, thoroughly daring anyone to try and ignore them.

Thanks everybody.  I do have some comments to delta and I will do that tonight.  I'm currently heading out to take care of some bi'ness.


&gt; *Hello, users of CMV! This is a footnote from your moderators. We'd just like to remind you of a couple of things. Firstly, please remember to* ***[read through our rules](http://www.reddit.com/r/changemyview/wiki/rules)***. *If you see a comment that has broken one, it is more effective to report it than downvote it. Speaking of which,* ***[downvotes don't change views](http://www.reddit.com/r/changemyview/wiki/guidelines#wiki_upvoting.2Fdownvoting)****! If you are thinking about submitting a CMV yourself, please have a look through our* ***[popular topics wiki](http://www.reddit.com/r/changemyview/wiki/populartopics)*** *first. Any questions or concerns? Feel free to* ***[message us](http://www.reddit.com/message/compose?to=/r/changemyview)***. *Happy CMVing!*","Why don't ""default"" settings require labels to meaningfully talk about the differences between those people and the ones who run counter to that ""default""?",question,heldout_batch2,24,0.0,0.041666666666666664,0.041666666666666664,0.16666666666666666,False,False,True,False,True,1074,0.0111731843575419,0.024208566108007448,0.027001862197392923,0.1042830540037244,True,False,True,True,False
Dude you need to watch The Office.,I hear that a lot; It's on my list.,statement,heldout_batch2,9,0.0,0.0,0.1111111111111111,0.0,False,False,False,False,False,7,0.0,0.0,0.0,0.0,False,False,False,False,False
"Strawman argument. The bum who washes my windshield does something which is non-essential, and only I profit from this individual action. By the way, there are a lot of people who still pay him. There seems to be a sense of obligation for some as well.

What if the bum saves your life? Are you still ungrateful?","The bum _really believed_ your windshield was dirty.  He acted in your best interest.  You disagree.  Yet, you are still forced to pay him.",disagree,heldout_batch2,24,0.08333333333333333,0.0,0.0,0.08333333333333333,False,False,False,True,False,58,0.034482758620689655,0.0,0.0,0.05172413793103448,True,False,False,True,True
"Engineer here.  It's worse then you think.  Your average STEM person honestly believes that their ""chosen discipline"" is somehow superior to what everyone else does, and that they have some greater value because they understand some highly specialized field.  This is despite the fact that they may have no understanding of concepts the rest of humanity considers basic.  

Yeah I just said there's a large number of Engineers who are close minded scumbags.","Software dev here. Majored in CS.

I honestly believe you're a lesser person for not having taken some philosophy, some art history, some english, etc.",agree,heldout_batch2,25,0.0,0.04,0.04,0.08,False,False,True,False,False,73,0.0,0.0136986301369863,0.0273972602739726,0.0547945205479452,True,False,True,False,False
Heh. Meatload.,They were talking about [meatloads](http://youtu.be/6QFwo57WKwg) in /r/tipofmytongue earlier.,statement,heldout_batch2,14,0.0,0.0,0.0,0.35714285714285715,False,False,False,False,False,2,0.0,0.0,0.0,0.0,False,True,False,False,False
"Notice where your data came from NCHS, where did my data come from? The NCHS",It's still impossible for the averages to be different. People reported wrong numbers. Can you link to the study?,question,heldout_batch2,19,0.05263157894736842,0.0,0.05263157894736842,0.15789473684210525,False,False,False,True,True,15,0.0,0.0,0.0,0.0,False,False,False,False,False
"1) that isn't voluntary.  Ebay enforces their seller ratings universally.

2) if ebay were the only venue to sell things, maybe you'd have a point.  But they aren't.  People can either abide by ebay's regulations, or go somewhere unregulated.","&gt; that isn't voluntary. Ebay enforces their seller ratings universally.

I'm not sure you understand what ""voluntary"" means...",disagree,heldout_batch2,18,0.0,0.1111111111111111,0.1111111111111111,0.16666666666666666,False,False,True,False,False,37,0.02702702702702703,0.05405405405405406,0.10810810810810811,0.13513513513513514,True,False,True,True,False
"The responsibility for raising offspring varies with species. Some species provide no care to their offspring and some provide extensive care. The care of the parents towards their offspring benefits the parents.

In current human society we provide lots of child care to bad parents who neglect their children. Most children grow up to be like their parents. When society provides child care to bad parents that allows more of their children to survive and also become bad parents.

When society provides care to chidren of bad parents it reduces suffering in the short term but increases it in the long term.

When society enforces child support it helps current children but hurts future children. Women become less selective in choice of mates because they know their children will survive even if they pick those mates who abandon them. Men are more likely to abandon their children because they know they will survive even if they don't provide care.

_____

&gt; *Hello, users of CMV! This is a footnote from your moderators. We'd just like to remind you of a couple of things. Firstly, please remember to* ***[read through our rules](http://www.reddit.com/r/changemyview/wiki/rules)***. *If you see a comment that has broken one, it is more effective to report it than just downvote it. Speaking of which,* ***[downvotes don't change views](http://www.reddit.com/r/changemyview/wiki/guidelines#wiki_upvoting.2Fdownvoting)****! If you are thinking about submitting a CMV yourself, please have a look through our* ***[popular topics wiki](http://www.reddit.com/r/changemyview/wiki/populartopics)*** *first. Any questions or concerns? Feel free to* ***[message us](http://www.reddit.com/message/compose?to=/r/changemyview)***. *Happy CMVing!*","Well what are you suggesting? Letting them die? 

Maybe if some of the stigma associated with mooching of tax dollars was preserved we wouldn't have people doing it as much.",question,heldout_batch2,30,0.0,0.03333333333333333,0.03333333333333333,0.1,True,False,True,False,False,283,0.007067137809187279,0.01060070671378092,0.01060070671378092,0.24028268551236748,True,False,True,True,False
Dan Carlin on Hardcore History brought it up in one of his podcasts positing that it was the reason there were so many JFK conspiracy theories: people don't accept the fact that such a historically insignificant random person can change the world so much.,This so succinctly nails the need for conspiracies surrounding JFK. It's brilliant.,agree,heldout_batch2,12,0.0,0.0,0.08333333333333333,0.16666666666666666,False,False,False,False,False,44,0.0,0.022727272727272728,0.022727272727272728,0.06818181818181818,True,False,True,False,False
Do you see any bears at all? Would be interesting to see if she is so deluded she would try to interact with a bear.,Bears don't seem to come through pet stores that often.,statement,heldout_batch2,10,0.0,0.1,0.1,0.1,False,False,True,False,False,25,0.0,0.0,0.0,0.08,False,False,False,False,False
"That is just what I was talking about with translation software though. Frequently I *can* talk to Mandarin speakers, as long as I have access to the internet.","Have you ever tried it? It's no walk in the park. Preferably, do it with somebody who can tell you how incorrect the translation is.",question,heldout_batch2,25,0.0,0.04,0.04,0.0,False,False,True,False,False,28,0.03571428571428571,0.0,0.0,0.10714285714285714,False,False,False,True,False
How does that help any?,"That doesn't. The fact that the person after says ""I wasn't planning to be here, but since I am, I'm voting for Kodos"" does help.",disagree,heldout_batch2,25,0.04,0.08,0.12,0.08,False,False,True,True,False,5,0.0,0.0,0.0,0.0,False,True,False,False,True
"Hmmm. One possible compromise that I don't even know if it's possible is for the pregnant woman have the fetus extracted from her and then placed into a surrogate mother. If it's medically valid, it is a compromise.","Pretty sure if that was possible the abortion debate would be a lot different. If that was possible, that would change everything.",agree,heldout_batch2,22,0.0,0.0,0.0,0.0,False,False,False,False,False,38,0.0,0.02631578947368421,0.07894736842105263,0.02631578947368421,True,False,True,False,False
"i did check some of them, but none of them managed to change my view.",Look through all of them. There are hundreds of comments there and there is no use in repeating the exact same arguments.,statement,heldout_batch2,22,0.0,0.045454545454545456,0.0,0.18181818181818182,False,False,True,False,False,15,0.06666666666666667,0.06666666666666667,0.0,0.06666666666666667,False,False,True,True,False
So what's a better alternative?,"""educate"" people through social justice movements. Makes people rethink their morals and changes peoples views of common misconceptions",statement,heldout_batch2,18,0.0,0.0,0.0,0.2777777777777778,False,False,False,False,False,5,0.0,0.0,0.2,0.0,False,True,False,False,True
"Maybe I can un-change your mind. Suicide is a symptom of depression, a defined illness that we can test for and treat. From that perspective, death by depression is as selfish as death by heart-attack. People who say that suicide is a choice want to believe that their will is their own and there is nothing that could ever put them in that situation. The reality is that all that is between them and suicidal depression is a slight change in brain chemistry.","He didn't change my view that suicide victims are not selfish, just that people who say it is are not doing it for particularly selfish reasons",statement,heldout_batch2,26,0.0,0.11538461538461539,0.038461538461538464,0.07692307692307693,False,False,True,False,False,85,0.0,0.011764705882352941,0.0,0.0,True,False,True,False,False
"Well that's the whole point. If this is a simulation, and water doesn't exist outside of it, saying 'I'm sure the universe with water exists' wouldn't be right. 'Everything in it' is the crucial part of the definition you've quoted.",Water might not not be what I think it is but the universe exists nonetheless.,disagree,heldout_batch2,15,0.13333333333333333,0.13333333333333333,0.0,0.06666666666666667,False,False,True,True,False,40,0.0,0.05,0.125,0.025,True,False,True,False,False
"As one in a similar situation morally I feel similarly, though my concerns are purely hedonistic! I love me some bacon. For your economic concerns i can try to change your view!

Essentially when you go to a restaurant and order a salad, the restaurant may not notice, but you have made a decision eith your money. If you do that more (or more people do it) the average amount of meat the restaurant buys will drop (probably minutely, but over time the price of meat will go up because demand is going down).

The same goes for the supermarket. If you buy meat, then the supermarket will continue to buy meet in the same quantity. If you do not, then while the effect might be small, it's small in the right direction and will push the quantity of meat demanded down!

So while your individual impact is small, it can be small in the right direction or the wrong direction.
I've decided to simply do the better thing, not the best thing, and eat less meat :p i just have such a strong taste for it that until eating vegetarian is a more affordable and *easy* solution, I wont be giving it up altogether!","So basically it's like voting. You make a tiny contribution, but every bit counts.",statement,heldout_batch2,14,0.07142857142857142,0.0,0.07142857142857142,0.07142857142857142,False,False,False,True,False,205,0.014634146341463415,0.014634146341463415,0.00975609756097561,0.024390243902439025,True,False,True,True,False
Wrestling isn't that subjective a sport.  Gymnastics was the 1896 sport I was refering too.,"You kind of missed me. Like I wrote above, claiming that it's been around since 1896 didn't protect wrestling, and it wouldn't protect gymnastics.",disagree,heldout_batch2,23,0.0,0.08695652173913043,0.13043478260869565,0.08695652173913043,False,False,True,False,False,14,0.0,0.07142857142857142,0.07142857142857142,0.07142857142857142,False,False,True,False,False
"Maybe so, but its name tells us that it's a cake.",if only that was how things worked.,disagree,heldout_batch2,7,0.0,0.0,0.0,0.14285714285714285,False,False,False,False,False,11,0.09090909090909091,0.0,0.09090909090909091,0.09090909090909091,False,False,False,True,False
"Yes, I was thinking of polytheism.  Thanks for explaining pantheism though :)","Sure, no problem.",statement,heldout_batch2,3,0.0,0.3333333333333333,0.0,0.0,False,True,True,False,False,11,0.09090909090909091,0.0,0.0,0.0,False,False,False,True,False
"Already admitted to drinking some, the test is ruined.",Not the entire thing ofc.,disagree,heldout_batch2,5,0.0,0.2,0.0,0.2,False,True,True,False,False,9,0.0,0.0,0.0,0.0,False,False,False,False,False
they are a private institution not the government they should be able to kick someone out as easily as a company.,"What if, as is the case in many of these schools, their standards are a result of government regulation?",question,heldout_batch2,19,0.0,0.0,0.0,0.10526315789473684,False,False,False,False,True,21,0.0,0.047619047619047616,0.0,0.0,False,False,True,False,False
"You are just exposed to the wrong movies. You absolutely **NEED** to see [Castaway On The Moon](http://www.imdb.com/title/tt1499666/?ref_=nv_sr_1)! It is phenomenal and being stranded on an island is portrayed as a good thing. However, you'll have to be ok with subtitles (unless you are fluent in Korean).

Anyway, because I have to challenge your post in some way to make sure you'll get to see this, the thing I would ask you about is boredom.

In this day and age, people's attention spans are so small even *in* society, what makes you think you could live on an island where there will be nothing for you to do? You say you can do things like exercise, explore, etc.; but you know as well as I do that these things will not keep your attention span adequately occupied for 6+ months, unless you can share more insight about your life where you spend extended periods of time sitting around doing nothing.

I don't think it is bad or not able to be done though. (I personally think that *I* would enjoy being stranded on one as well! :P)

EDIT: When I say ""not bad or not able to be done"", I am referring to the boredom. I am well aware of the insane amount of safety risks of living alone on an island and acknowledge them. I have personally lived 6+ weeks in the middle of nowhere already (granted not alone, but certainly isolated) which is why I think I would enjoy it/think I could accomplish this. But I do recognize that my last paragraph might seem like I was calling living alone an island as easy...","Thanks, I'll check it out.",statement,heldout_batch2,5,0.0,0.0,0.2,0.0,False,True,False,False,False,283,0.0176678445229682,0.028268551236749116,0.014134275618374558,0.07420494699646643,True,False,True,True,False
That does sound more interesting than what I have pictured in my mind. I like a character I can relate with. Do you think as a 24 year old lady I would be able to do that?,There is pretty much any kind of lady you like.,statement,heldout_batch2,10,0.0,0.0,0.0,0.0,False,False,False,False,False,36,0.0,0.0,0.0,0.0,True,False,False,False,True
"Sounds like a justifications for a bad law.  You're advocating the denial of freedom and liberty ""just in case"" it maybe, happens, could have, might, maybe one day make a country look bad in a newspaper article.  Not a very smart way to create laws.  There's a reason there's nothing in Common Law about that.","[""There's a reason there's nothing in Common Law about that.""](http://i.imgur.com/TaTdV.gif?news)",disagree,heldout_batch2,17,0.0,0.058823529411764705,0.11764705882352941,0.17647058823529413,False,False,True,False,False,55,0.0,0.03636363636363636,0.05454545454545454,0.07272727272727272,True,False,True,False,False
You should study entropy - it relates very much to this phenomenon.,"Thank you. I do posses a slight working knowledge, however I'm not sure the laws governing energy adequately describes the examples I'm talking about, however I will keep looking.",statement,heldout_batch2,29,0.06896551724137931,0.034482758620689655,0.06896551724137931,0.13793103448275862,False,False,True,True,False,11,0.0,0.0,0.0,0.09090909090909091,False,False,False,False,False
"Well, criticism isn't inherently hateful..?

You can say ideas are terrible and that doesnt mean that you're hateful.","With evidence.  There is no evidence for a lot of what they're saying, for example what OP posted.",statement,heldout_batch2,18,0.0,0.05555555555555555,0.05555555555555555,0.0,False,False,True,False,False,18,0.0,0.05555555555555555,0.1111111111111111,0.05555555555555555,False,False,True,False,False
"&gt; These women are trying to make a change to an absurd double-standard.

I don't agree that it's absurd. Men are biologically wired to enjoy the sight of breasts. Women are biologically wired to enjoy the sight of a muscular chest. I believe that the wiring in men is stronger, that men have a more powerful natural reaction to breasts, and that it's OK to act accordingly. If men marching around topless got zero attention, this seems fair to me because they're not as attractive and don't arouse the same attention in women.","Is this the bit where you post the peer reviewed scientific research that establishes this 'biological hard wiring'  or admit you're talking out of your arse, ok GO",disagree,heldout_batch2,28,0.0,0.0,0.03571428571428571,0.07142857142857142,False,False,False,False,False,94,0.0,0.031914893617021274,0.05319148936170213,0.07446808510638298,True,False,True,False,False
"Speeding is criminalized for being dangerous to both the speeder and other drivers, and rightfully so. It's morally wrong, but not in a way that can be an analogue to cannibalism (speeding places other drivers at risk, cannibalizing already dead people places nobody at risk).","Wait, so are you agreeing or disagreeing with the OP?",question,heldout_batch2,10,0.0,0.0,0.0,0.1,False,False,False,False,True,45,0.022222222222222223,0.044444444444444446,0.022222222222222223,0.13333333333333333,True,False,True,True,False
"They are all trolling and circlejerking on purpose. jesus, why can't people understand this?","It's because they're SAWCSMs, probably.",statement,heldout_batch2,5,0.0,0.0,0.4,0.0,False,True,False,False,False,14,0.0,0.07142857142857142,0.07142857142857142,0.07142857142857142,False,False,True,False,True
"Waaaaay too many variables to make a claim in either direction without extensive research. It all depends on what brands you are talking about. You would have to make an experiment where you tested all the major types of pre-rolled cigs against all the major types of rollies. You can not make a claim one way or another with a large degree of certainty without these experiments.

It is like saying a van gets better mpg than a truck. The number of vehicles that fall under the definition of van and truck are too broad to be able to make a true claim either way.",This sounds about right,agree,heldout_batch2,4,0.0,0.0,0.0,0.25,False,True,False,False,False,106,0.0,0.009433962264150943,0.0,0.11320754716981132,True,False,True,False,False
"Yeah, but my question is - can I just join any pool and trust it?",P2Pool is decentralized and doesn't require any trust.,statement,heldout_batch2,9,0.0,0.1111111111111111,0.1111111111111111,0.1111111111111111,False,False,True,False,False,14,0.07142857142857142,0.0,0.0,0.0,False,False,False,True,True
It's large city thing. New York is one of the busiest cities in the world. Other places you simply have more time to sit down and eat. I don't think i've ever seen someone doing this in a suburban setting.,"Montreal and Atlanta aren't small cities by any stretch of the imagination, though. The city we were in, Raleigh, may count.",disagree,heldout_batch2,21,0.047619047619047616,0.047619047619047616,0.047619047619047616,0.047619047619047616,False,False,True,True,False,40,0.0,0.025,0.075,0.075,True,False,True,False,False
There are,Exactly. They don't need to be killed.,agree,heldout_batch2,7,0.0,0.14285714285714285,0.14285714285714285,0.14285714285714285,False,False,True,False,False,2,0.0,0.0,0.0,0.0,False,True,False,False,False
"Oh, you mean that type of research? No, I've tried pot once, but never really got high",No I mean medical research,statement,heldout_batch2,5,0.0,0.2,0.0,0.0,False,True,True,False,False,17,0.058823529411764705,0.11764705882352941,0.058823529411764705,0.0,False,False,True,True,False
"&gt;I can't see any harm in not remaining up to date with what's going on in the world.

The one argument I would make is that the more you choose to inform yourself, the more you are innoculated against being taken advantage of by someone else's bullshit.",Why couldn't I just read about what they were saying later?,question,heldout_batch2,11,0.0,0.09090909090909091,0.09090909090909091,0.0,False,False,True,False,True,48,0.0,0.041666666666666664,0.0625,0.0625,True,False,True,False,False
"Cause they are the basics. The Martini, The margarita. The mojito. Sours of all its varieties. The Manhattan. The mules. The Old fashioned.  There are are pretty much the basic, standard set of cocktails. Most everything else is just a riff of these basic drink templates.","&gt; Cause they are the basics

Do you realize why we're having a problem with your arguments now?",disagree,heldout_batch2,18,0.0,0.0,0.05555555555555555,0.16666666666666666,False,False,False,False,True,46,0.0,0.0,0.0,0.13043478260869565,True,False,False,False,False
"My point is that there is no debate here--this is the same thing that happened when Bill Nye ""debated"" Ken Ham.  It allowed for the spread of misinformation and set a precedent that both sides were equally valid when, in fact, they aren't. 

Now, religion is a touchy subject.  But vaccinations shouldn't be.  Climate change shouldn't be.  Heliocentricity shouldn't be. 

Next, there's nothing wrong with freedom of speech.  People can say whatever they want.  But news programs deliberately presenting non-science, aka nonsense, as a valid opinion is dangerous.  It promotes a dangerous anti-scientific, anti-medical viewpoint.  So say whatever you want; but just because someone says it doesn't mean it deserves a place at the table.

Finally, you're implying I'm trying to silence the opposition.  In this case, yes--but not really.  Because this is how science works, right?  This is the whole basis of peer review.  Which means, the science itself has ALREADY been debated and challenged, and it has come out being valid and proven.  I would say the debate over vaccination has already been won by science--by discrediting that bogus ""study"" and revoking the responsible party's medical license.",Who are we to say whats valid? who makes that call?,question,heldout_batch2,11,0.0,0.0,0.0,0.09090909090909091,False,False,False,False,True,195,0.020512820512820513,0.041025641025641026,0.046153846153846156,0.09230769230769231,True,False,True,True,False
"Well less than 8% of workers in the US are in a union and nearly 0% of salaried workers even have unions to join.

Also keep in mind that as a salaried worker you're going to be expected to work overtime without overtime pay as that doesn't exist for salaried workers in the US.

I think the most important things you need to consider aren't pay, go look at the average amount of time you have off, how long your work week is, and how often you're allowed to take sick leave. And then compare it to the averages for people in your field in the US.

The fact is that on average in your country you're going to lead a less stressful life with more time to yourself. No you won't have as big of a house as in the US but consider what matters to you more.

Also are you willing to pay between 20k-40k per child for their college? And how old are your kids? Because college will be more expensive by the time they go. Between when I was born and when I went to college tuitions prices went up 500%.

I'm not saying the US is a bad place to live if you've got a good job and you're white, but it's a well documented fact that it's more stressful to live here.","Hahah, you mean between 20k and 40k *per year* for college? Because that's what it costs without scholarships.",statement,heldout_batch2,18,0.0,0.0,0.05555555555555555,0.1111111111111111,False,False,False,False,False,226,0.008849557522123894,0.022123893805309734,0.048672566371681415,0.05309734513274336,True,False,True,True,False
Over $11 here in my Canadian town. Where are you guys finding such cheap cigarettes?,£9 for marlborough lights,statement,heldout_batch2,3,0.0,0.0,0.0,0.6666666666666666,False,True,False,False,False,14,0.0,0.0,0.0,0.14285714285714285,False,False,False,False,True
"&gt;Do you..

I wouldn't necessarily say clothing is to look nice. I wear clothing to be comfortable and because it's generally illegal to go around naked, or at least greatly frowned upon. I can see what you're saying, but clothes don't change the actual appearance of the person's body. They can be an indicator of the person's hygiene and self-respect, I suppose the crux of my argument is that makeup, no matter how minimally- or well-applied, is still a body augmentation that isn't the real appearance of that person. In my view, physical fitness, personal hygiene, those sorts of things are more indicative of attractiveness than how well a woman does her makeup.

&gt;That varies..

Yes, you're right, I should probably not keep using that as part of my argument.

&gt;Would you...

I was just using celebrities as an example of how makeup changes the appearance. I feel that vanity is at a very high point in history, if not the highest, because everyone seems more and more obsessed with how they adorn themselves. Designer items, makeup,   etc., although again, this is a blanket statement so I suppose it is a moot point since there are many people, myself included, that don't care about those things.

&gt;In my...

As for attractiveness rating given by men, that just reinforces my vanity and/or self-image issues arguments. Seeing it as an investment is actually an argument I can't even think badly of. That is a good one. I will give you a delta for giving me a good reason for using makeup that is undeniably positive and pretty objective.

∆",Thank you for the conversation. And for the delta.,statement,heldout_batch2,9,0.0,0.0,0.0,0.0,False,False,False,False,False,274,0.010948905109489052,0.029197080291970802,0.0364963503649635,0.08029197080291971,True,False,True,True,False
"That's what it seems to me like OP is arguing, yes.","Yeah, I think you're right. Poor wording on my part, thanks.",agree,heldout_batch2,11,0.0,0.0,0.09090909090909091,0.0,False,False,False,False,False,11,0.0,0.0,0.09090909090909091,0.18181818181818182,False,False,False,False,False
"Equality is not a ""fundamental value of society."" Sure, we strive for equality in many aspects- we want everyone to be politically equal and we don't want to privilege groups arbitrarily (whites over blacks, for example). However, people are inherently unequal. A rich person has a lot more access to goods and services than a poor person. An educated person has more prestige and skills. An able-bodied person has more access in general and more opportunities than a paraplegic.

Even if we could somehow construe a society where everyone started off as 'equal'- equal opportunities for wealth, education, happiness, whatever you want to value in a society, it's intrinsic to the idea of a capitalist society that some will rise above others. Some people will succeed and some will fail. 

As to the idea of healthcare, this is the ongoing debate: is healthcare improved by a capitalist free-market arrangement, or does it succeed as a communal right? Profit margin, as you put it, is a driving force towards innovation- people want to succeed, so they put forth their best effort to achieve newer and greater things. It's economic Darwinism- the strongest succeed and therefore survive, and the species advances and sustains itself as a whole. If you take out that profit, then what propels the creation of new services? Where does the desire to evolve come from? This is the principle idea behind any free-market society, and *it does make sense*. 

Problem: what happens to those that don't succeed? Whether by misfortune, laziness, lack of intelligence, or insufficient opportunity, a significant portion of the population doesn't prevail, and they get left by the wayside. Is this unethical? I'd argue yes, actually. It maybe 'slow down' the progress of society, but humanity and compassion *must* be placed above progression and advancement. There are certain sectors where free-market is necessary and I fully support, but healthcare, especially for a developed nation with the available funds and infrastructure, should be a basic human right. That, however, has very little to do with equality.","I should have said moral equality is a fundamental value of society. That is, people matter and they all matter equally.",statement,heldout_batch2,21,0.0,0.0,0.0,0.0,False,False,False,False,False,344,0.011627906976744186,0.011627906976744186,0.01744186046511628,0.08139534883720931,True,False,True,True,False
"A few pros for oranges:

- Easier to travel with. Throw an orange into a dirty bag, the part you eat stays clean. Don't have a plate to put it on? The peel suffices.

- An orange is cleaner to eat. Both because of the peel, and because it naturally segments. Very hard to eat an apple without getting sticky juice all over you. I hate the feeling of sticky face and hands after eating an apple.

- Hard to make an argument about taste as preferences differ, but personally I find apples pretty boring. Citrus is more interesting to me.

To a few of your points:

&gt; Alcohol

Not really a pro for apples themselves. There are also orange liqueurs. I'd say that apples are used for alcohol more for convenience historically, and now tradition, rather than any inherent advantage. Somewhere in Africa there is liquor made by the tribe's women all chewing up some plant matter and spitting it into a big pot to ferment (really, I swear, I saw it on an odd food show). That's not really a benefit to spit.

&gt; Food

An orange pie seems possible, it's just that other citrus works slightly better for it (key lime pie...) 

&gt; Diversity

Perhaps the original form of the orange is better to begin with, so there's less need to create many variations. Also, if wide variations are allowed, I'd get to include many other types of citrus as benefits to oranges. A lemon, lime, grapefruit, pomelo etc are likely about as similar to oranges as the many breeds of apples are to each other, right? (cue biologist to tell me how wrong we are)

&gt; Pop culture

Apple benefited from a recognizable icon, but given their neat technology, probably could have been just as successful as ""orange."" Unfortunately that wouldn't roll off the tongue quite so well, and the Macintosh pun would be lost... But blame whoever wrote the dictionary, not the noble orange.",Nothing practical rhymes with orange. Just give up Apple hater!,disagree,heldout_batch2,10,0.0,0.1,0.0,0.1,False,False,True,False,False,326,0.009202453987730062,0.015337423312883436,0.024539877300613498,0.07668711656441718,True,False,True,True,False
"Also consider the implication of your judgment. You view *every* posted nude as a reflection of vapid attention-seeking with a perceived greater risk vs reward. Not every posted nude is a result of an individual's willful decision to publicly post. Sometimes, nudes are sent to individuals with the intention for private use, then another person with access to said nude posts it publicly. There is no reliable way of differentiating the two, except for clear-cut cases where it's a popular persona or blog who is posting multiple pictures of themselves from the same account. The rest, it's really a grab-bag where your judgment could be *completely off*. Now, you can always view the action of giving someone else a nude with the expectation of it remaining private to be incredibly naive, but that's another view entirely.","Read the other comments I made, specifically about sending private nudes.",statement,heldout_batch2,11,0.0,0.0,0.0,0.18181818181818182,False,False,False,False,False,139,0.014388489208633094,0.014388489208633094,0.02877697841726619,0.06474820143884892,True,False,True,True,False
the country would revolt?? You mean like with Bradley Manning?,That's pretending Manning was in any way in the right.,disagree,heldout_batch2,10,0.0,0.0,0.1,0.1,False,False,False,False,False,10,0.0,0.0,0.0,0.0,False,False,False,False,True
"Consensually agreeing to have sex also means you agree that the girl might get pregnant and have a baby, that you will be responsible for, financially. The women getting pregnant isn't an unforeseen circumstance, it is a known possibility and something you risk when you have sex. If you don't want her to get pregnant, don't have sex with her.",Except that this argument defeats the position used to give women the right to abortions.,disagree,heldout_batch2,15,0.06666666666666667,0.0,0.0,0.2,False,False,False,True,False,60,0.0,0.05,0.05,0.03333333333333333,True,False,True,False,False
so your saying all men are basically rapists? this is a pretty bullshit reason.,"You can read, does that bear even a passing resemblance to what I wrote? Or are you straw manning, Dorothy?",disagree,heldout_batch2,20,0.0,0.0,0.0,0.0,False,False,False,False,True,14,0.0,0.0,0.0,0.14285714285714285,False,False,False,False,False
"That's a strawman, I'm not suggesting policy changes that don't allow kids.  For example, I support gay marriage, but if every single person was gay, we would have a serious problem on our hands.  That literally has nothing to do with my support of gay marriage.  

I'm not talking about policy here, it's a sticky truth that we need people to fuck up massively for our society to function properly.  I just think it's an irresponsible thing to do.",OP did not mention policy changes,statement,heldout_batch2,6,0.0,0.16666666666666666,0.0,0.16666666666666666,False,False,True,False,False,79,0.012658227848101266,0.05063291139240506,0.0759493670886076,0.05063291139240506,True,False,True,True,False
"You are 100% correct, but I sympathize with OP since this ""check your privilege"" thing is \*often not understood by the people using it either - and are in fact using it as ""you are not like me, therefore your opinion is irrelevant.""  

It's become a stupid internet thing devoid of its original meaning..","It's like shouting. 5% of the time there may be a place for it, but most people use it instead of presenting an argument.",statement,heldout_batch2,23,0.043478260869565216,0.0,0.043478260869565216,0.043478260869565216,False,False,False,True,False,52,0.019230769230769232,0.038461538461538464,0.019230769230769232,0.057692307692307696,True,False,True,True,False
"The gaming industry is notorious, apparently a study was done in military barracks which found harassment actually deceased after de-segregation",Do you have a source on this?,question,heldout_batch2,7,0.0,0.0,0.0,0.0,False,False,False,False,True,21,0.0,0.0,0.0,0.047619047619047616,False,False,False,False,False
"Please note before reading: Please do not downvote my comments and replies on basis of disagreement. I've done several CMV's where I was the clear minority in terms of viewpoint, and got downvoted on nearly every post. Due to Reddit's karma system, this makes me wait a period of 7 minutes in between replies if my karma is low, and makes it more difficult for me to respond to everyone (the more karma you have, the less time you need to wait to post). If I act like a dick to you, act irrational, or say something logically fallacious, I implore you to downvote me, but I'd really like to be able to discuss with everybody and not be held back by my inability to reply (and consequently hear replies).

Okay, onto my view. I'm not worried about the US government spying on citizens, for the following reasons.

1. I don't necessarily ""have nothing to hide"", but I don't expect that there is literally a person on a computer looking through what I post to Reddit, Twitter, and Facebook (or what porn I look at). I have some personal things I wouldn't want an actual person to know or look through, but I feel entirely comfortable with a machine using a CTRL-F function to search for terrorist activity, or other organized illegal activities since I don't commit any major crime. I know a lot of people are worried about the government seeing people torrenting things illegally or watching movies/shows illegally on the internet, but considering how widely this is done and how nonexistent people are prosecuted for it based on the governments ability to view all this, I'm not worried about it. I don't do drugs, but if I did and tried to buy drugs over FB or text, I doubt the government would even care. We have /r/trees for instance, thousands of people openly doing minor illegal things and the government doesn't care enough to try and arrest them.

2. I remember hearing during Rand Paul's filibuster that there has been terrorist activity stopped by government spying on people. I think government spying still has an effect as a deterrent (terrorists can't use media to communicate, and therefore it makes terrorist activity harder to commit. I also heard during the filibuster that the government was using spying to take down organized crime. I'm not worried about that, considering I'm not involved in organized crime and therefore am not worried about it. (I'd like to point out here, that it's not really a view regarding sympathy or empathy towards criminals and what rights they should have to privacy, but simply my *feeling of worry* about being spied on). I don't view the NSA spying on druglords to be much different than wire taps or undercover officers.

3. In addition to the above, I have the view that Islamic extremism is, as of ISIS' international attacks (or extremist Muslims inspired by ISIS at least), a legitimate threat to the United States. There have been US citizens that have gone to fight for ISIS and local Islamic extremist attacks, and believe the US should be able to spy on their communications. They have claimed to have thousands of people in the US, and while that may be an exaggeration, I don't believe it to be unbelievable considering they have had 150 individuals that have travelled to Syria to fight for ISIS (Source: http://www.huffingtonpost.com/2015/02/25/american-foreign-fighters-isis_n_6753854.html). I would expect if many people are willing to take the trouble to travel to another country to fight others, it's not unexpected that they more would stay in the US to try and perform terrorist activity here considering it would be easier.

4. I'm not worried about the government knowing my political views. I broadcast them publicly on Facebook, and considering our country's devotion to free speech as well as multiple political parties, I don't view any dissent to be any threat to my well-being.
_____

&gt; *Hello, users of CMV! This is a footnote from your moderators. We'd just like to remind you of a couple of things. Firstly, please remember to* ***[read through our rules](http://www.reddit.com/r/changemyview/wiki/rules)***. *If you see a comment that has broken one, it is more effective to report it than downvote it. Speaking of which,* ***[downvotes don't change views](http://www.reddit.com/r/changemyview/wiki/guidelines#wiki_upvoting.2Fdownvoting)****! If you are thinking about submitting a CMV yourself, please have a look through our* ***[popular topics wiki](http://www.reddit.com/r/changemyview/wiki/populartopics)*** *first. Any questions or concerns? Feel free to* ***[message us](http://www.reddit.com/message/compose?to=/r/changemyview)***. *Happy CMVing!*","Look, forget everything else. Just ask yourselves this.

Would you have a problem if people in NSA passed around your dick-pick laughing at your wet noodle?",question,heldout_batch2,27,0.0,0.0,0.0,0.037037037037037035,False,False,False,False,True,787,0.008894536213468869,0.02795425667090216,0.03303684879288437,0.12960609911054638,True,False,True,True,False
"They are far better than wild guesses.  

There are many well-constructed studies that yield highly meaningful results.  

No, it's not like physics where you can in theory control all of your variables.  Doing a psych experiment requires that you use humans, and there are no two who have had identical experiences.  But with good tests, and good controls, and repeatability and all that sort of good stuff, you can draw conclusions.

Now, the scale of the topic can make things harder.  It's pretty easy to do the marshmallow test - will a toddler refrain from eating a marshmallow now based on the promise of two marshmallows later.  But to determine whether cutting taxes results in growth for low income workers is a hell of a lot more difficult.  You can't run a controlled experiment where the price of gas, and global market demand and regional conflicts and everything else stays the same so you can just see what happens because of taxes.  

But that doesn't mean you can't analyze the statistics and find trends that hold true in similar circumstances.

By all means, be skeptical of ALL research, whether in physical or social sciences.  Be aware of potential flaws.  But there is no doubt that we understand social sciences better now through research than we did years ago.",What are some ways that research has changed our views in the social sciences? (Honest question),question,heldout_batch2,16,0.0,0.0,0.0,0.25,False,False,False,False,False,218,0.01834862385321101,0.03211009174311927,0.022935779816513763,0.13302752293577982,True,False,True,True,False
"&gt;Does reddit help scientology? Or cults/religion in general?  

reddit's demographics and popular opinion hates scientology and religion (it being well-known for its large atheist userbase).  

Neo-Nazis are special because they can code their language to appeal to the youth here, which they do. That one /r/videos thread is a prime example of how a major default sub can turn into Stormfront-lite.","&gt; This one /r/videos thread has that and much more.

&gt;major default sub can turn into Stormfront-lite.

I don't see anything that deserves that title in the top comments",disagree,heldout_batch2,32,0.0,0.03125,0.03125,0.125,True,False,True,False,False,67,0.0,0.0,0.014925373134328358,0.11940298507462686,True,False,False,False,False
"&gt; This seems like a slight ad-hominem, but most victim blaming happens with rape cases.

I would say muggings, actually.",I have never heard of someone being blamed for a mugging except in this thread.,disagree,heldout_batch2,15,0.06666666666666667,0.06666666666666667,0.0,0.13333333333333333,False,False,True,True,False,21,0.047619047619047616,0.0,0.0,0.23809523809523808,False,False,False,True,False
"No, the two situations are directly comparable.   In both situations there is a discount being applied because there is a certain situation that the photographer wants to cater to.",Except you can choose to have a family and you can't choose to be gay...,disagree,heldout_batch2,15,0.06666666666666667,0.06666666666666667,0.06666666666666667,0.0,False,False,True,True,False,29,0.0,0.034482758620689655,0.0,0.10344827586206896,False,False,True,False,False
"I object to all of them as they are just equality. I don't object to opportunity, rights and dignity though.",Do you believe that STEM majors should have more rights than other people?,question,heldout_batch2,13,0.0,0.0,0.0,0.15384615384615385,False,False,False,False,True,20,0.05,0.05,0.05,0.05,False,False,True,True,False
"Sure, but in real life we have lots of factories and causes.  Rich bosses end up either buying stuff with their money or they end up giving it to others (kids, charity, whatever).

The real waste in economics isn't unwanted dolls rotting in warehouses.  That happens a little (moreso with food, but at any rate it happens under every economic system).  The real waste in economics is people producing dolls that people like when they could have been producing different dolls that people like more.  That kind of waste is what capitalism is best at.

Now it is true that under capitalism certain bosses consume an outsize amount of resources despite not being much happier compared to if those resources had been consumed by poorer folks.  And there's a sense in which this is inefficient - but it's not that the boss doesn't want her yacht.  It's just that her yacht doesn't bring her as much joy as a hundred motorboats would've brought others.","Could you elaborate on how ""that's the kind of waste capitalism is best at""?",question,heldout_batch2,14,0.0,0.0,0.07142857142857142,0.0,False,False,False,False,True,163,0.018404907975460124,0.03067484662576687,0.04294478527607362,0.1411042944785276,True,False,True,True,False
"So I have the right to organize society in a way that removes that gun from you, right?",Are you asking about a legal or natural right here?,question,heldout_batch2,10,0.0,0.0,0.0,0.1,False,False,False,False,True,18,0.0,0.0,0.0,0.05555555555555555,False,False,False,False,True
"Cows are neither sentient nor intelligent. They don't anticipate the future, they don't make plans, they're not moved to tears by bringing a new little cow life into the world. Given that killing animals for food is not generally immoral^1 ,  there is not such a great difference between the experience of a baby cow and an adult cow that one will experience death any differently than the other; neither is the life of a cow so rich and fulfilling^2 that it's immoral to deprive a baby cow of it before it dies.

Therefore, I should not feel any worse eating veal than I do eating a hamburger.

^1 If you disagree with this, that's a different argument entirely; I'm glad to hear your opinion on the matter, but you won't change my view unless your argument assumes this point.

^2 Just the opposite, presently; the lives of cows are full of pain and discomfort, because our (American) food-raising process is horrifying. I *do* think that this is unethical, just based on the principle that pain is a bad thing, but it's not a massive priority for me because I think the amount of human suffering is significantly greater at this time than the amount of animal suffering (due to the greater capacity of a human to experience suffering). Again, this isn't the topic of my CMV, but if you want to give your opinion on the matter I'd be glad to hear it.

_____

&gt; *Hello, users of CMV! This is a footnote from your moderators. We'd just like to remind you of a couple of things. Firstly, please remember to* ***[read through our rules](http://www.reddit.com/r/changemyview/wiki/rules)***. *If you see a comment that has broken one, it is more effective to report it than downvote it. Speaking of which,* ***[downvotes don't change views](http://www.reddit.com/r/changemyview/wiki/guidelines#wiki_upvoting.2Fdownvoting)****! If you are thinking about submitting a CMV yourself, please have a look through our* ***[popular topics wiki](http://www.reddit.com/r/changemyview/wiki/populartopics)*** *first. Any questions or concerns? Feel free to* ***[message us](http://www.reddit.com/message/compose?to=/r/changemyview)***. *Happy CMVing!*",Cows are sentient they definitely have personally and actively interact/respond to the world around them.,disagree,heldout_batch2,16,0.0,0.0,0.0,0.0,False,False,False,False,False,365,0.00821917808219178,0.03561643835616438,0.03287671232876712,0.14246575342465753,True,False,True,True,False
There are extremely good reasons. An animal is not capable of giving consent. Even if you think it is. It isn't. This is the dumbest idea I've ever heard of. Get it out of your head.,"Your point is entirely inconsistent with the completely legal act of killing and eating those same animals, unless you don't eat meat and are opposed to anyone else doing so.",disagree,heldout_batch2,30,0.0,0.03333333333333333,0.03333333333333333,0.03333333333333333,True,False,True,False,False,36,0.0,0.05555555555555555,0.05555555555555555,0.08333333333333333,True,False,True,False,False
"Just a note – I’m not OP.

But you are bang on with where I stand; the issue isn’t religion, its raising children to be critical thinkers in all facets of life, religion and otherwise.","What an incredibly intelligent thing to say, any one who could come up with something like that must be a very well rounded member of society

/ Self congratulation",disagree,heldout_batch2,28,0.0,0.0,0.0,0.0,False,False,False,False,False,36,0.027777777777777776,0.027777777777777776,0.0,0.1111111111111111,True,False,True,True,False
On reddit anyone that is pro-life has no other reason than hating women apparently.,"It kind of is just to punish people.  ""We're going to tell other people what to do with their bodies!  Because we can!""",disagree,heldout_batch2,23,0.0,0.0,0.043478260869565216,0.043478260869565216,False,False,False,False,False,15,0.0,0.06666666666666667,0.0,0.26666666666666666,False,False,True,False,False
So if I crash a car into someone house while they are sleeping they chose to be hit by me?,I honestly have no idea what you're saying. Rephrase please?,question,heldout_batch2,10,0.0,0.1,0.1,0.0,False,False,True,False,True,20,0.0,0.0,0.0,0.0,False,False,False,False,True
"But what is evil? Where does it come from? 

Was there a demon acting vicariously through Hitler that was literally putting an invisible force called ""evil"" directly into his head? 

Was Hitler motivated by what he believed to be a noble cause? 
Does his actions alone make the man himself a force of ""evil""? 

I agree that abusing positions of power, especially in ways that result in mass deaths and terror is very unfavorable behavior to the extreme. But the ""why"" these people did these things is very relevant when questioning whether they, or their actions were ""evil"".","Your treating evil as a thing, not a description. There actions were evil and those monsters were labeled as such.",disagree,heldout_batch2,20,0.0,0.05,0.0,0.15,False,False,True,False,False,98,0.02040816326530612,0.0,0.0,0.11224489795918367,True,False,False,True,False
"_____

Alright, so, i was challenged by a friend of mine to post this here for discussion, and while i am open to ideas to modify it or drop it entirely, i will only do so if you can actually change my mind. I will not give up easily.
I believe I can change this country, better yet, this world for the better. The whole idea behind what I am about to say relates back to evolution. Humans do not allow evolution to take place properly. We save the weak. I personally believe that we should execute the weak. yes, this sounds harsh but let me explain why. We are not advancing as a race. For now though, we will keep it to America for the sake of the argument and hope the rest of the world catches on. Another massive problem we are facing is over population, we are using our resources and producing waste and pollution and mind blowing rates.
You look at animals and if an animal doesn't want to eat, it dies, if a human doesn't want to eat, it has an eating disorder and is treated for the disorder. More importantly that human is allowed to procreate. We allow shitty genetics to be passed on. We SAVE the WEAK. We also allow these morbidly obese, incredibly stupid people live and breed. If an animal in the wild isn't fit, or cannot attract a mate, it will die and or be unable to pass on its genetics. Humans may be fat and physically repulsive but if they have money they can still get women and still have children, which fucks with the gene pool. I could go on for longer in this section but if more reasoning is necessary i'll continue on later.
Now to determine who is to be executed. The type of people i want to execute are people who are not able to make a contribution to society. If you weigh 500 pounds but you're incredibly smart, you can still make a contribution to society. The opposite is also true, if you're borderline retarded but you're very physically fit, you can also contribute to society. People who are mentally unstable shall also be executed as we wouldn't want their genetics passed on and they are a threat to the gene pool we are creating.
What will determine who is executed: At the age of 14 years old, annual testing will begin based on birthday. There will be three tests, a mental test, a physical test, and a psychological test. Your Mental test exactly 3 months after your birthday and your physical test 9 months after your birthday. Tests will vary depending on your age, the older you get the harder they become, until the age of 20 where they will remain the same until 35 and gradually work their way down until the age of 65 where no further testing will be required. At the age of 20 we will also introduce psychological testing which will continue until the age of 65.
What the tests will consist of: The mental test will be a basic evaluation of your ability to do math, your ability to read and write, and your basic understanding of the sciences. This test should not be difficult, anyone who has at least a D average in school should be just fine. For the physical test, every age group will be required to complete a mile in 16 minutes. This is a very easy time to make, you can walk that pace. Physical tests will include varying push up or sit up tests depending on age group. There may be a few other exercises required in certain age groups, and the amount of repetitions will also vary depending on age. this should be easy for anyone who isn't morbidly obese. Next is the psychological test. These will be administered every 5 years to insure mental stability and health of everyone. We want the mental health of our gene pool to be good as well. Lastly, there will be certain ways to be omitted to testing, ALL WILL BE FROM SOME SORT OF SIGNIFICANT CONTRIBUTION TO SOCIETY, the main one being in the military. If you served in the military without being dishonorably discharged, you will be exempt from any further testing in your lifetime. Another example of a way to be omitted from testing is by paying for it. The cost will be $25,000 per year, per person. Many will be angry that it's giving more power to the rich, but i see it as a valid way of determining someones potential for making a contribution to society. If you are rich, I will almost guarantee you are either physically fit enough or mentally fit enough to pass the tests and you would have been fine anyway. AN IMPORTANT NOTE: You will only have to pass 2 out of 3 tests.
How we will execute people: We will set up an organization in charge of carrying out testing and executing people. My idea is to possibly have the military be in charge of this, though I haven't had the time to think too much into that, this I am very open to other ideas on. The method of execution i think will be best is the firing squad. 8 men, 2 with real bullets to ensure death, 6 with blanks for the obvious reason. For those who are unaware, my understanding is that firing squads use primarily blanks so the gunmen aren't aware of who actually killed the person so they don't have trouble with living life after killing someone.
Now another thing i would like to do that isn't executing people, but will improve our gene pool is preventing certain people from having children. People with MORE THAN two generations of diagnosed cancer or potentially terminal illnesses that tend to be passed on genetically will be sterilized. These people will not be allowed to produce offspring, however we will make it easy for them to adopt if they would like to have children.
I would also like to place a limit on the amount of children a person may have. The maximum number of children a person may have is 3, which is a very reasonable amount. It should slow the rate of population increase or possibly make the population decrease due to some couples not having children or only having 1 child. There is no reason to have more than 3 children because at that point you're just putting a burden on society. If say you already have 2 children and you would like to have a third but you end up with twins, triplets, or even more, you will be allowed to keep them as it wasn't your intent to have that many. When you hit the limit for children you will be sterilized.
This is all i can think of for now, if i remember more of my plan i will post. So reddit users, change my view.","Ok, the weak. Who shall we start with, Stephen Hawking?",disagree,heldout_batch2,10,0.0,0.0,0.0,0.0,False,False,False,False,True,1150,0.013043478260869565,0.017391304347826087,0.01391304347826087,0.07304347826086957,True,False,True,True,False
"Yes, yes we do play with that bullshit rule. That is probably the reason why the games do go absurdly long (3 days is unfortunately not a joke -_-)

The other bad rule we play with (that /u/skldure7 pointed out) where we don't auction off the ones we land on and don't buy is probably the other half of the puzzle of why our games are absurdly long.","Also 10% tax when un-mortgaging properties.  That one is also easy to forget and it takes money out of circulation, shortening the game.",statement,heldout_batch2,23,0.0,0.0,0.0,0.13043478260869565,False,False,False,False,False,67,0.0,0.04477611940298507,0.029850746268656716,0.07462686567164178,True,False,True,False,False
"&gt;but that is hypocritical when literally every thing in the lunch room is full of carbs.   
  
While that may be true, that had nothing to do with sports. It's just a red herring.","No, there's no herring, only carbs.",statement,heldout_batch2,6,0.0,0.3333333333333333,0.16666666666666666,0.16666666666666666,False,False,True,False,False,34,0.029411764705882353,0.029411764705882353,0.029411764705882353,0.029411764705882353,True,False,True,True,False
Can you give an example of a situation where a man and a woman would have different responses specifically due to these differences in brain functioning (and not socialization or anything else)?,Why count out socialization?,question,heldout_batch2,4,0.0,0.0,0.0,0.0,False,True,False,False,True,32,0.0,0.03125,0.0,0.09375,True,False,True,False,True
"Not to mention how the terms ""colored people"" or ""coloreds"" were used historically...",Except he did mention that,disagree,heldout_batch2,5,0.2,0.0,0.0,0.0,False,True,False,True,False,13,0.0,0.07692307692307693,0.0,0.15384615384615385,False,False,True,False,False
"In my school, someone etched on a bathroom wall ""THERE WILL BE BLOOD 5/5"". People took their kids out of school on May 5, because they believed it was a bomb threat. Turned out, the guy was just reviewing the movie. Just goes to show how parents overreact as soon as they even suspect their children might be in danger.",I wouldn't call it an overreaction. I'd call it a reasonable fear that your kid might get killed.,disagree,heldout_batch2,18,0.0,0.05555555555555555,0.1111111111111111,0.16666666666666666,False,False,True,False,False,58,0.0,0.0,0.0,0.10344827586206896,True,False,False,False,False
"Why do we need a house where Rhode Island and Texas have the same number of votes with the actual ability to block things? Treating states like they should have an equal say in what made sense at the time because otherwise the small states wouldn't sign the Constitution, but it doesn't now. We're all Americans and nothing's changing that.",They don't have equal votes.  They have equal votes in the Senate and unequal in the House.,disagree,heldout_batch2,17,0.0,0.058823529411764705,0.058823529411764705,0.11764705882352941,False,False,True,False,False,60,0.016666666666666666,0.03333333333333333,0.06666666666666667,0.08333333333333333,True,False,True,True,False
Turning unknown unknowns into known unknowns is a very valuable step.,For some reason I want to believe that Donald Rumsfeld is you and that his Reddit handle is ChipotleMayoFusion.,statement,heldout_batch2,19,0.0,0.0,0.0,0.0,False,False,False,False,False,11,0.0,0.0,0.0,0.18181818181818182,False,False,False,False,False
"Every single argument made can be picked apart and scrutinized to the point where the opposition could find a single flaw or inaccuracy, and be made less than 100% correct.

Going with the idea that nothing can ever be 100% correct (even science has issues with precision), then I am only able to conclude that there can be no ethical or moral absolute.

The way I see it, we are all just individuals. We gather in groups for security and reaffirmation. If you find something reprehensible, such as murder being always wrong, would not one single instance of murder feeling right prove that absolute wrong? What is another group of individuals hold the opposite viewpoint? Do we now lay claim that our worldview is more ""pure and correct"" than theirs? Change my view please!

P.S. - I don't like being a relativist. It's kind of unsettling. It just makes the most sense to me in a world ruled by chaos and governed by tradition and past attempts and viewpoints.","&gt;Going with the idea that nothing can ever be 100% correct

science can",disagree,heldout_batch2,13,0.0,0.07692307692307693,0.0,0.0,False,False,True,False,False,167,0.0,0.023952095808383235,0.011976047904191617,0.0718562874251497,True,False,True,False,False
"No, it's more than ''disliking religion but not disliking religious people'' ... there is a lot of extreme contempt for theists in r/atheism ... they regularly call theists stupid and retarded, in a most derogatory manner, and get upvoted for it.","Are the theists posting ""stupid and retarded"" comments?

The contempt comes from holding on to their part in the oppression and denying it.",disagree,heldout_batch2,23,0.0,0.0,0.0,0.13043478260869565,False,False,False,False,False,40,0.025,0.05,0.025,0.075,True,False,True,True,False
"That's something which is difficult to answer. Personally, if I see civilisation deteriorating, this is where I would draw the line.","So brutal fascism is acceptable, so long as the trains still run on time?",question,heldout_batch2,14,0.07142857142857142,0.0,0.0,0.07142857142857142,False,False,False,True,True,21,0.0,0.0,0.047619047619047616,0.09523809523809523,False,False,False,False,False
Anyone wearing a half helmet places no value on their face.,most half helmet riders are ugly anyways.,statement,heldout_batch2,7,0.0,0.0,0.0,0.14285714285714285,False,False,False,False,False,11,0.0,0.09090909090909091,0.0,0.09090909090909091,False,False,True,False,False
"Well Data goes against Picard's direct orders in Redemption, and Picard doesn't discipline him saying that Starfleet is not interested in officers who blindly follow orders. I haven't seen Voyager so I can't really speak on the matter, but these two situations do seem similar.","Data and Seven are in quite different situations, since Data is actually a commissioned officer who graduated form Starfleet and has presumably received some training on that sort of thing.",disagree,heldout_batch2,30,0.0,0.0,0.0,0.1,True,False,False,False,False,45,0.022222222222222223,0.08888888888888889,0.08888888888888889,0.08888888888888889,True,False,True,True,False
"The IRA blew people up for decades, kidnapped, murdered and dumped the bodies.

Many of  which still haven't been recovered.",People half the world away who they viewed as decadent and abstract threats?,question,heldout_batch2,13,0.0,0.0,0.0,0.15384615384615385,False,False,False,False,True,20,0.05,0.05,0.05,0.35,False,False,True,True,False
"They are human, but they don't understand what they are doing when they are having sex with another individual. There is a certain mental cap that some people have. The most humane thing to do is to sterilize them so there is no risk of having a child, ESPECIALLY if they don't know that is an end result. If someone isn't capable of taking care of themselves on their own, they aren't capable of having a child.",Well for those people wouldn't they be under almost constant care?  Why can't we just stop them from having sex at that point instead of sterilizing them.,question,heldout_batch2,27,0.0,0.07407407407407407,0.07407407407407407,0.07407407407407407,False,False,True,False,False,77,0.012987012987012988,0.06493506493506493,0.05194805194805195,0.03896103896103896,True,False,True,True,False
"He is omnipotent, in the story. He can complete his goal and do the good thing WITHOUT the 5 people dying. Saying he *Cannot* do something is contradicting omnipotence.",He can't force us to make a choice. He also likes to let us experience the consequences of our choices. His ultimate goal is not to make us happy.,disagree,heldout_batch2,29,0.0,0.06896551724137931,0.034482758620689655,0.10344827586206896,False,False,True,False,False,28,0.0,0.03571428571428571,0.0,0.03571428571428571,False,False,True,False,False
That is [definitely not](http://en.wikipedia.org/wiki/Race_(human_classification) what race is. If that were the case it would be impossible to have problems with racism within individual regions.,"No, but race can be classified in that way?",disagree,heldout_batch2,9,0.1111111111111111,0.1111111111111111,0.0,0.0,False,False,True,True,True,32,0.0,0.03125,0.0,0.1875,True,False,True,False,False
"This is why I hate this conversation. **REREAD MY POST. IT SAYS THE EXACT OPPOSITE** of what you believe it says!! It's a rhetorical question, and the obvious answer is *NO*. Obviously Libertarians don't support commerical courts, because indeed they believe free markets are not able to support neutral courts! 

Do I need to spell out every little nuance of my statements??? Or are you just a troll??? 


Let me break it down for you.

1. Libertarians don't support commerical courts

2. They don't support it because commercial courts will obviously be biased and unfair.

3. Thus, the conclusion is that the free market is not always rational, but often produces prejudiced &amp; unfair results.


4. Another obvious service that cannot be private would be the police system. A private police system is unfair, thus police should be a public good.

5. Another prejudiced &amp; unfair result the free market produces is racism, sexism, and other unfair prejudice.

7. The economic impact of racism is unfair trade agreements and unfair, private trade embargoes.

8. The only way to correct for the bad free market result of racism and sexism is to get the State to enforce fair trade agreements and ban unfair trade embargoes, just like the State is used to enforce fair contracts and enforce property rights.",I'm a libertarian that believes in private courts.,disagree,heldout_batch2,8,0.0,0.0,0.125,0.25,False,False,False,False,False,211,0.004739336492890996,0.03317535545023697,0.018957345971563982,0.10900473933649289,True,False,True,True,False
I would say that using public funds to violate the constitution would be worse than using funds to prevent that in the future.,What public funds are used to violate the constitution? Just asking for a clarification.,question,heldout_batch2,14,0.0,0.0,0.0,0.07142857142857142,False,False,False,False,False,23,0.0,0.0,0.0,0.08695652173913043,False,False,False,False,False
"This change would fundamentally change the nature of organ donation for those or us who donate.

Currently, donation is a selfless act that benefits others. An act of charitable giving.

Using your system, people are effectively *forced* to place their name on an organ donor record in order to receive adequate healthcare. There is no *real* choice involved any more. This is rather distasteful.",A much better alternative is to make organ donation opt-out.,statement,heldout_batch2,11,0.0,0.0,0.0,0.0,False,False,False,False,False,64,0.0,0.015625,0.0,0.046875,True,False,True,False,False
"&gt;  Not the cranky old man who must have been going senile to select Palin as VP.

I don't think he was the one who did that selecting, but an out of touch Republican party leadership instead.

If it weren't for Palin, I think McCain could have, and should have won the election.","Not likely, the economy imploded 5 weeks before Election Day and sunk any chance he had of winning, even with a different running mate.",disagree,heldout_batch2,23,0.0,0.043478260869565216,0.0,0.08695652173913043,False,False,True,False,False,53,0.018867924528301886,0.05660377358490566,0.03773584905660377,0.018867924528301886,True,False,True,True,False
"Tricky, tricky. I believe there is one objective truth: that there are no other objective truths","But that's dumb.  What about basic maths?  (2+2=4, for instance)",disagree,heldout_batch2,9,0.1111111111111111,0.0,0.1111111111111111,0.1111111111111111,False,False,False,True,False,16,0.0,0.0625,0.0,0.0625,False,False,True,False,False
"You can be highly trained with the software and still produce work that is terrible. You don't just learn graphic design software in school. You learn how to do research for the individual project, to properly communicate what the client/brand needs in a way that is original, easy to understand, and attracts the appropriate audience. You learn how to get from the ideation to the actual design. You learn how to pick through a bunch of idea and figure out what is worth taking to the next level. You don't get that by pushing things around in illustrator. It's a whole way of thinking.","&amp;#8710; Good point, it needs to be a hybrid of technical understanding and a solid eye for design.",agree,heldout_batch2,18,0.0,0.0,0.0,0.05555555555555555,False,False,False,False,False,105,0.009523809523809525,0.01904761904761905,0.02857142857142857,0.0380952380952381,True,False,True,True,False
"What would stop me from getting 10 masters degrees and spending my life as a student? Relatively little stress, 4-6 hours a day of 'work' that is not mind numbingly boring and I meet new cool people every day?

What would stop me from creating a university that pays lecturers $200k a year from taxpayers money?

I want to go to university, they charge a price, I can or can not pay it. Why should someone else pay? 'Because rich kids can go to Ivy league' is not an argument.",How would you earn money?,question,heldout_batch2,5,0.0,0.0,0.0,0.0,False,True,False,False,True,88,0.0,0.03409090909090909,0.0,0.07954545454545454,True,False,True,False,False
"The problem here, see, is that people think that sex is for fun and they're not willing to understand what sex is for. 

Sex is for making babies. You are taking a risk by engaging in sexual intercourse. People should be more responsible about this ! 

Nature doesn't care that people think sex isn't only to make babies, because it is, period. 

So, it is your responsibility if you engage in sexual intercourse. IF there's a baby: it is your responsibility. People need to take responsibility !","If that was strictly true, humans would only be able to have sex when making a baby was possible.  As is the case for many species.",disagree,heldout_batch2,26,0.0,0.0,0.0,0.038461538461538464,False,False,False,False,False,85,0.0,0.03529411764705882,0.047058823529411764,0.023529411764705882,True,False,True,False,False
Perhaps respect for the dead is not socially conditioned but the way that we respect our dead definitely is. As someone pointed out earlier in the thread there may be/ have been cultures which respected their dead by eating them.,Good point,agree,heldout_batch2,2,0.0,0.0,0.0,0.0,False,True,False,False,False,40,0.025,0.025,0.0,0.075,True,False,True,True,False
"No one who is taken seriously argues with most of this. I might talk about AIDS in Africa, and dedicate my life to fighting it, but by your logic I should fight AIDS everywhere. Perhaps Africa has specific reasons why AIDS is so prevalent that don't apply to the other continents, and while controlling AIDS in Africa wouldn't end AIDS it requires a plan of attack different from fighting it in North America?

Perhaps men who rape do it for different reasons than women who do, and ""teaching men not to rape,"" while not the answer to all of our rape problems, is in fact one of the better ways to start fighting it?",Why is teaching men not to rape any different than teaching women not to rape? Why not just say teaching people not to rape?,question,heldout_batch2,24,0.0,0.16666666666666666,0.0,0.041666666666666664,False,False,True,False,True,114,0.008771929824561403,0.043859649122807015,0.017543859649122806,0.07894736842105263,True,False,True,True,True
"I work in IT, and occasionally i receive calls / emails from US-based headhunters wanting to discuss job offers in the US. Although some of these offers sound promising (either because of the company name or because of the compensation), i feel very reluctant to discuss them because i believe i won't like it living / working in the US.

**Background**:
Our family of 3 (wife, 6-year old kid and me) live and work in Sweden. Although not a paradise (for a number of reasons), it feels like a very decent country to live in. Below i will list some of the things i like about Sweden and what i ""believe"" i know about the US. My assumption, that i don't want to move, is based on the things i ""believe"" i know about the US.

**Compensation**:
Salaries seem much better in the US (both on paper and assuming that taxation is higher in Sweden). However, some huge differences seem to exist between different areas in the US (based on salaries listed on salary.com).

Vacation days seem also to be quite different. In Sweden the norm seems to be 25-30 vacation days per year, while in the US is 15-21 (?). Plus, vacation and sick days are totally different pools. When you get sick you are not paid for the first day, but you receive full pay up to day 14 of sickness. Not sure how this works in the US.

Lastly, we have what we call the VAB. This basically means that i can stay at home to take care of my sick kid and be paid 80% of my salary (for that day). Anything equivalent in the US?

**Education**:
Although i believe that graduate and post-graduate education in the US is much better than in Sweden, the fact that i will have to pay a huge amount of money for tuition (university) scares me. In Sweden, all grades of education are free.

**Healthcare**:
Sweden has a state supported health system, which means that worst case scenario i will pay in a year approx $120 for doctor visits (medication not included). Even operations and ""longer"" treatment is covered by this amount. This is definitely not the picture i have from the US, where a sickness can destroy you financially.

**Society**:
The Swedish society seems ""calmer"" that what i believe happens in the US. There are of course cases of racism and public disobedience, but not to the extend of Fergusson or some other similar events. Basically, if you live in Sweden, it feels like moving to a ""war zone"" if you move to the US.

At times, it also feels that the US is returning to the dark ages: Heavy religion influences, tele-evangelists, the Indiana law, ""wars"" outside abortion clinics, fights about gay rights, black/white racism, etc. A huge difference from what i am used to in Sweden

**Epilogue**: So this is my (probably) narrow-minded view of the US, as i perceive it by reading news online (and watching the Last Week Tonight show). So, please CMV that moving to the US is a much better ""thing"" than what i have currently in my mind.

**Edit 1**: A lot of you have made good points about the move to the US. So far there wasn't a single entry that makes me change my mind, but combined you guys and gals have strong arguments. As this is Easter Sunday in Sweden i will now retire and i will come back tomorrow morning where i will start awarding deltas to people who had made good arguments. Thanks to everyone who participated in the discussion so far!

**Edit 2**: I have awarded some deltas, based on the amount and quality of information provided by the posters. The main points seem to be:

* Negotiate, negotiate, negotiate
* Don't expect anything from the government
* Make sure your health insurance is covered
* Prefer urban over rural areas (to get a more liberal culture)
* Save up money for the kid's university education
* US is not a warzone, it's as safe as Sweden
* Media overblows everything (and focuses on the negative)

Thanks to all who contributed, i learnt a lot, and now i know at least how to continue my research!",Stay in sweden. The US is demented. I lived here my whole life.,statement,heldout_batch2,13,0.0,0.0,0.0,0.07692307692307693,False,False,False,False,False,698,0.01002865329512894,0.015759312320916905,0.008595988538681949,0.08882521489971347,True,False,True,True,False
"I agree with the drinking and driving, but I feel like it isn't at all the same thing. Women should not be expected to dress differently as to not be raped. Pulling your boobs out might be a different story. But being clothed should never result in rape.","As I said, I have since then CMV.",statement,heldout_batch2,8,0.0,0.0,0.0,0.0,False,False,False,False,False,48,0.041666666666666664,0.08333333333333333,0.020833333333333332,0.08333333333333333,True,False,True,True,False
The state does not protect the environment. [It is actually the world's worst polluter.](http://www.politicalaffairs.net/u-s-military-the-world-s-largest-polluter/),The biggest organization in the world causes also the most pollution? What a shock. Doesn't say anything how much pollution it causes compared to private organizations thoug.,disagree,heldout_batch2,27,0.0,0.037037037037037035,0.037037037037037035,0.18518518518518517,False,False,True,False,False,26,0.0,0.038461538461538464,0.038461538461538464,0.15384615384615385,False,False,True,False,False
"Asexual people are outliers in scociety. Using them as a point againt OP's position does not accomplish anything really. All that we can decuce from their romantic involvement is that ""there is a percentage of a percentage of the population that is convinced that love exists."" Likely because of social norms. No more.",If someone has romantic attraction but has no sexual desire it shows that there is something inherently different about romance than pure sex,disagree,heldout_batch2,23,0.043478260869565216,0.043478260869565216,0.0,0.13043478260869565,False,False,True,True,False,53,0.0,0.03773584905660377,0.018867924528301886,0.11320754716981132,True,False,True,False,False
"No one from a third world country should immigrate to first world countries. These countries happen to be mostly white, and white people are pretty racist. I think, from Eastern Europe to White countries shouldn't be an issue, but if your skin is not a shade of white, you're pretty much fucked in the ass in a white country.",I disagree. Avoiding migration because of fear of discrimination is taking a step backwards.,disagree,heldout_batch2,14,0.0,0.0,0.0,0.0,False,False,False,False,False,59,0.01694915254237288,0.05084745762711865,0.03389830508474576,0.06779661016949153,True,False,True,True,False
I think you spelled Shinto wrong...,"I guess temple next to my house in Tokyo must have spelled it wrong too.  And some how got the wrong statue too...

http://en.wikipedia.org/wiki/Zen_at_War",disagree,heldout_batch2,31,0.0,0.0,0.0,0.16129032258064516,True,False,False,False,False,6,0.0,0.0,0.0,0.16666666666666666,False,False,False,False,False
"Maybe I wasn't clear. There are feminists who believe that *only* women are unfairly treated.

Most (sensible) MRA that I've talked to disagree with that statement and insist that men *as well as women* are unfairly treated.",Ahh. Yes I misinterpreted your comment. Thanks for the clarification,statement,heldout_batch2,10,0.0,0.0,0.0,0.1,False,False,False,False,False,37,0.0,0.02702702702702703,0.05405405405405406,0.16216216216216217,True,False,True,False,False
"&gt;I've been told that the American Civil War was not really about slavery but about the degree of control that the Federal government wanted to put on the states, after a hundred years of minding their own business

/r/badhistory 

&gt;It's just part of human nature

human nature does not exist.",(citation needed),statement,heldout_batch2,2,0.0,0.0,0.0,0.5,False,True,False,False,False,53,0.018867924528301886,0.03773584905660377,0.03773584905660377,0.07547169811320754,True,False,True,True,False
"Blair Witch was scary not because of what it contained, but because it got you imagining what it could be, and it never answered anything. It was Hemmingwayesque in that regard. Certain X-Files episodes had that going on too - weird shit would happen that would never get properly explained and you'd have to deal with not knowing what went on.",Exactly. Nothing is scarier than the unknown.,agree,heldout_batch2,7,0.0,0.14285714285714285,0.0,0.14285714285714285,False,False,True,False,False,61,0.01639344262295082,0.06557377049180328,0.01639344262295082,0.09836065573770492,True,False,True,True,False
"Alcohol came into vogue in the 70s, huh?","No, that's not what he said. Read it again.",disagree,heldout_batch2,9,0.0,0.2222222222222222,0.1111111111111111,0.0,False,False,True,False,False,8,0.0,0.0,0.0,0.0,False,False,False,False,True
"The two options *are* up for discussion! So what about the repercussions of the third choice you're proposing? Child being angry to the dad, dad never meeting the child, and so on.","Errr, I'm pretty sure most children would have chosen to be born and not meet their dad than not being born at all?",disagree,heldout_batch2,23,0.0,0.08695652173913043,0.043478260869565216,0.043478260869565216,False,False,True,False,True,32,0.0,0.03125,0.03125,0.09375,True,False,True,False,False
"You are talking about brand new tires, not the guy next to you who's driving a car he bought for 2k five years ago and never changed tires. Not everyone is driving brand new cars.","Everyone on the road is required to have safe tires with tread, it's a law.  Whether or not your drive a junker.",disagree,heldout_batch2,22,0.0,0.045454545454545456,0.045454545454545456,0.09090909090909091,False,False,True,False,False,35,0.0,0.08571428571428572,0.02857142857142857,0.14285714285714285,True,False,True,False,False
"I have always found it peculiar that Western civilization holds Julius Caesar in such high regard.  He was the man who arguably had the greatest hand in ending the Roman Republic, resulting in the establishment a tyrannical empire whose influence would last centuries - thus, Caesar was a man worthy of assassination.  And yet his assassins, Marcus Junius Brutus, Gaius Cassius Longinus, and as many as 60 others, are more often reviled than celebrated.  For example, in Dante's *Inferno*, Brutus inhabits the deepest pit of Hell, tormented by Satan himself alongside the likes of Judas Iscariot.

It is fortunate that today, the West more closely follows the ideas of the Roman Republic rather than the Empire, but this is a recent development.  Throughout the Middle Ages and up until the recent past, the West was dominated by an imperialist political ideology that drew much of its inspiration from the Empire created by Caesar.  I'm not arguing that Caesar himself can be directly blamed for all of Western history's imperial abuses.  I'm arguing that if we now value liberty over despotism, we should celebrate Brutus more than Caesar.  

If anything, Brutus set an example worth following.  As a former trusted friend of Caesar, Brutus' betrayal may be unsettling.  But that's just my point - Brutus set aside his personal feelings and risked his life and reputation to do something that he believed would benefit the greater good.

&gt; If there be any in this assembly, any dear friend of
&gt;Caesar's, to him I say, that Brutus' love to Caesar
&gt;was no less than his. If then that friend demand
&gt;why Brutus rose against Caesar, this is my answer:
&gt;--Not that I loved Caesar less, but that I loved
&gt;Rome more. Had you rather Caesar were living and
&gt;die all slaves, than that Caesar were dead, to live
&gt;all free men? As Caesar loved me, I weep for him;
&gt;as he was fortunate, I rejoice at it; as he was
&gt;valiant, I honour him: but, as he was ambitious, I
&gt;slew him.",What's so great about the republic?,question,heldout_batch2,6,0.0,0.0,0.16666666666666666,0.0,False,False,False,False,True,347,0.01440922190201729,0.008645533141210375,0.01729106628242075,0.07204610951008646,True,False,True,True,False
Yep. And who would likely be at fault in that case?,"It's a case of shit happens, really. Icy road, unseen pot hole, etc. Misfortune exists.",statement,heldout_batch2,15,0.0,0.0,0.06666666666666667,0.26666666666666666,False,False,False,False,False,11,0.0,0.0,0.0,0.0,False,False,False,False,True
Oh I'm sorry I deleted my comment because I thought your statistics pointed in the direction of Atheists giving more money. Mistake.,That's my bad. I missed a word. Putting in an edit now.,statement,heldout_batch2,12,0.0,0.0,0.08333333333333333,0.08333333333333333,False,False,False,False,False,22,0.0,0.0,0.045454545454545456,0.045454545454545456,False,False,False,False,False
"Back in my day, early 90's here in LAUSD (Los Angeles Unified) our school hours were 7:40 AM -3:19 PM.",Thank god I chose to go to private school in LA and not LAUSD. I couldn't do a 7:40am start.,statement,heldout_batch2,20,0.0,0.1,0.05,0.0,False,False,True,False,False,18,0.0,0.0,0.05555555555555555,0.05555555555555555,False,False,False,False,False
I've seen a lot of people make really bad professional decisions. Not once have I seen someone *accidentally* wear a shirt with half-naked women on it.,Your argument is flawed.,disagree,heldout_batch2,4,0.0,0.0,0.0,0.0,False,True,False,False,False,27,0.0,0.037037037037037035,0.037037037037037035,0.07407407407407407,False,False,True,False,False
".223 shoots a very small slug. I'd go with .308 or 30-06. Hell, 44 magnum would even be a step up.",Shoots a small bullet at exceedingly high velocities. Also shot placement matters more than caliber in almost every hunting application.,statement,heldout_batch2,20,0.0,0.0,0.0,0.1,False,False,False,False,False,17,0.0,0.0,0.058823529411764705,0.058823529411764705,False,False,False,False,False
"Many moons ago, I had a male friend who had an iphone right when they first came out.  Obviously he was flaunting it a bit, and was used to fellow professionals making positive comments about it, and was flattered.

Not too long afterward, he had to take the bus due to his car breaking down.  He had his iphone out and was messing around with it, when another guy on the bus got into his personal space, was heckling my friend, oggling the phone, then stated that he wanted to sell it for money.  

After telling me this story, he complained that he felt he couldn't really have his iphone visible in public.  He perceived people on the street as being potential threats.  He could be robbed, he could be injured in the theft.  Every glance, be they interest, jealousy, or curiosity, instead read to him as a potential threat.

It was for me, a good comparison to how I feel about catcalls.  In college, I had an evening where I was walking back from a study group at a local coffeehouse.  It was a football weekend, and the drunks were out in full force.  It also was just before midterms, I was exhausted, and I had to grab my month's rent.  As I stood at the ATM withdrawing the cash, two older, drunken guys came up to the glass enclosure and started making really crude comments.  I grabbed my money and left.  They followed.

That walk home was the scariest mile I've ever walked.  I had two drunk guys around me, getting in my personal space, making comments that had a threat of sexual violence, as well as comments showing they were aware I had a large quantity of cash on me.  The more I ignored them, the angrier and more threatening they became, until they were downright saying that I was a bitch who deserved to be raped and robbed.

The weird thing was, when I told this story afterwards, most of my male friends couldn't see why this was so terrifying.  The guys were just having a little fun, they said, I should take it as a compliment.  Hell, my own father didn't have too much issue with it.

I honestly don't understand the disconnect with some men.  Is it really that they haven't been in a situation like this and can't empathize?  Or is it that they believe in their hearts that they don't come off as threatening, insulting, or creepy?",We all judge ourselves by our intentions and yet we judge others by their actions.,statement,heldout_batch2,15,0.06666666666666667,0.0,0.0,0.2,False,False,False,True,False,415,0.0,0.01927710843373494,0.021686746987951807,0.08433734939759036,True,False,True,False,True
Some babies won't eat if their heads are covered.,They'll eat once they're hungry enough.,disagree,heldout_batch2,6,0.0,0.0,0.3333333333333333,0.0,False,False,False,False,False,9,0.0,0.1111111111111111,0.1111111111111111,0.2222222222222222,False,False,True,False,False
"Can you expand more on this ""coercion"" that you speak of? Maybe provide some ELI5-like links? Thanks!","http://en.wikipedia.org/wiki/Jim_Crow_laws  
http://www.gilderlehrman.org/history-by-era/womens-history/essays/legal-status-women-1776–1830  
http://en.wikipedia.org/wiki/Apartheid  
http://en.wikipedia.org/wiki/Atlantic_slave_trade  
http://en.wikipedia.org/wiki/Indian_Wars  
http://en.wikipedia.org/wiki/Americanization_of_Native_Americans",statement,heldout_batch2,51,0.0,0.0,0.0,0.5490196078431373,True,False,False,False,False,18,0.0,0.0,0.0,0.0,False,False,False,False,False
"&gt; The West is not the solution, the West is the problem

That sounds masochistic, but then again it's so much easier to blame the west.",Easier than what?,question,heldout_batch2,3,0.0,0.0,0.0,0.0,False,True,False,False,True,26,0.038461538461538464,0.038461538461538464,0.038461538461538464,0.038461538461538464,False,False,True,True,False
"So it seems like you're making the argument that we live in the best *time* to listen to music because we are the first generation to have access to all of history's musical contributions at the click of a button. If you're actually arguing that the music *made* today is ""the best,"" then I'm sorry my friend, you're wrong, not only because that's a completely subjective claim, but also because... come on.",There are lots of good artists nowadays!  Mainstream is far from everything.,disagree,heldout_batch2,12,0.0,0.0,0.0,0.08333333333333333,False,False,False,False,False,72,0.013888888888888888,0.013888888888888888,0.08333333333333333,0.041666666666666664,True,False,True,True,False
Post edited.  Happy now?,What have you done? How could you?,question,heldout_batch2,7,0.0,0.0,0.0,0.0,False,False,False,False,True,4,0.0,0.0,0.0,0.25,False,True,False,False,True
"Yes I do, but I also have a place to live and my other basic needs are covered. I think that's a difference","So if you were at the worst time in your life, don't you think you might be slightly more inclined to indulge in those quick fixes?",question,heldout_batch2,26,0.0,0.038461538461538464,0.038461538461538464,0.07692307692307693,False,False,True,False,True,23,0.043478260869565216,0.0,0.043478260869565216,0.0,False,False,False,True,False
"Stop labelling it as ""temporary problems"". You're painting a broad brush for something that incredibly complicated. Mental illness is often something that goes on through your entire life. Most people with depression will go through multiple depressive episodes in their life, that's proven fact.","And if they go through multiple depressive episodes those episodes are, by definition, temporary.",disagree,heldout_batch2,14,0.0,0.0,0.0,0.14285714285714285,False,False,False,False,False,44,0.0,0.0,0.045454545454545456,0.06818181818181818,True,False,False,False,False
"So, according to NY Times, 38% (from 2009, so slightly outdated, but I'm sure it's still similar) of licensed drivers are signed up as organ donors. Even fewer people have actually donated an organ. So are you saying that more than 50% of Americans don't deserve organs when in need? Just curious, because more than 50% have avoided ""contributing to the system"" so according to your logic, they too should not be able to get ""the benefit of the system.""",Yes. Those people should opt into the organ donation system if they wish to one day receive one.,agree,heldout_batch2,18,0.0,0.0,0.0,0.0,False,False,False,False,False,76,0.02631578947368421,0.02631578947368421,0.039473684210526314,0.09210526315789473,True,False,True,True,False
"Just wondering, is this just a couple people thinking about this, or is it a serious movement, I live in the US and have never heard of the south succeeding(but that would be fine with me, it would make the U.S more progressive.)","Define ""serious"".  People talk about it, and I've heard it mentioned in conversations sometimes, but it's no where near something that, like, there's town meetings about.",statement,heldout_batch2,26,0.038461538461538464,0.038461538461538464,0.11538461538461539,0.15384615384615385,False,False,True,True,False,45,0.022222222222222223,0.022222222222222223,0.0,0.022222222222222223,True,False,True,True,False
"It's relevant because that is the guaranteed outcome of pregnancy unless there is some sort of complication. I don't see it being particularly hypothetical.

I'd say they're both interchangeable terms, you can't have one without the other.","&gt; t's relevant because that is the guaranteed outcome of pregnancy unless there is some sort of complication.

Or, in other words. It is *not* the guaranteed outcome of pregnancy.",disagree,heldout_batch2,30,0.0,0.03333333333333333,0.03333333333333333,0.1,True,False,True,False,False,37,0.0,0.05405405405405406,0.13513513513513514,0.05405405405405406,True,False,True,False,False
"Tutsi are slightly different, they're in a more developing country. I wouldn't know what to say to the European Jew aside from the fact that at least the Swastika flag isn't flown over any German government buildings (even though there are some political parties in Europe that are heavily anti Jewish). Wouldn't know what to say to North Korea either, obviously America is a preferable place to live.",Ask the Irish about the British.,statement,heldout_batch2,6,0.0,0.0,0.0,0.0,False,False,False,False,False,68,0.014705882352941176,0.04411764705882353,0.058823529411764705,0.04411764705882353,True,False,True,True,False
98% of what you think you know about Hitler and the 'holocaust' is propaganda.  The very fact that most Americans believe Hitler and fascism to be the ultimate incarnation of political evil is proof of this indoctrination.,Be a little more specific please.,statement,heldout_batch2,6,0.0,0.0,0.0,0.0,False,False,False,False,False,36,0.0,0.0,0.0,0.0,True,False,False,False,False
"Is feeling good about yourself and feeling as though you and a group of strangers, in spite of an ethic that we keep to ourselves and be selfish, can come together - pointless and unnecessary?","No, of course not. My main qualm was that it seemed the net impact of the giving was zero, making it seem unnecessary.",disagree,heldout_batch2,23,0.0,0.08695652173913043,0.0,0.043478260869565216,False,False,True,False,False,34,0.029411764705882353,0.0,0.0,0.029411764705882353,True,False,False,True,True
"so you awarded a delta to someone who ""changed your mind"" because they rephrased your point to paint corporations as even more evil?

That's not how any of this works.",Some CMV posters are kinda lame,agree,heldout_batch2,6,0.0,0.0,0.0,0.3333333333333333,False,False,False,False,False,30,0.0,0.03333333333333333,0.03333333333333333,0.13333333333333333,True,False,True,False,False
"That's not true. Anecdotes are fine for making certain conclusions.  If something can logically be concluded from something else, it's valid.  Anecdotes are bad for making sweeping generalizations. My only conclusion being made with this post is that 4chan *can* influence people and that they aren't ALL trolls in on the joke. 

I said nothing about the prevalence of the situation I'm decribing.  Just that it can occur.","Yes, but the OP uses the word ""will"" which is a very strong word.

OP is making a sweeping generalization, and as such, anecdotal evidence is not sufficient.",disagree,heldout_batch2,28,0.03571428571428571,0.03571428571428571,0.0,0.03571428571428571,False,False,True,True,False,68,0.0,0.04411764705882353,0.058823529411764705,0.08823529411764706,True,False,True,False,False
"Some horses are needed today for mostly novelty purposes, e.g. for rides and racing.  And there will be some novelty purposes for human labor e.g. an authentic hand-made painting or the desire for a human doctor or nurse.  But this is where the equivalency will end.

The extra need for human labor will be with the poor and in non-urban environments.  The poor cannot afford a robot to cook for them, its costs less for them to boil water themselves.  Why spend the money buy a robot for things I can do myself?  Non-urban environments would be easier to not have a robot - why have the extra expense to lug a robot to a remote fishing area just so he can set up my tent when I am perfectly capable to do so myself?",I meant labor in an economic sense. Working for companies.,statement,heldout_batch2,10,0.0,0.0,0.0,0.1,False,False,False,False,False,139,0.007194244604316547,0.014388489208633094,0.0,0.06474820143884892,True,False,True,True,True
That's the point I often make. A God can give me the ability to comprehend/see him without having to change me in any significant way or affect my free will. Can a theistic person even make an argument against that?,"Sure, ""God works in mysterious ways"". It may not be valid, but people are buying it.",statement,heldout_batch2,16,0.0625,0.0625,0.0,0.0625,False,False,True,True,False,41,0.0,0.0,0.024390243902439025,0.024390243902439025,True,False,False,False,True
The WHO ranks the American healthcare system two spots above Cuba's.,"Yeah. Still one of the best in the world and it's free at the point of use. Therefore it's two spots below America, but for every citizen.",agree,heldout_batch2,27,0.07407407407407407,0.0,0.07407407407407407,0.037037037037037035,False,False,False,True,False,11,0.0,0.0,0.09090909090909091,0.2727272727272727,False,False,False,False,False
So you get physically assaulted by guys through a computer screen? No. I'm I saying you don't get death/rape/assault threats? No. But you can block people over the internet. You can't block someone on top of you.,"All the more reason it should be legalised, so there can be regulated brothels with security.",disagree,heldout_batch2,16,0.0,0.0,0.0,0.125,False,False,False,False,False,39,0.02564102564102564,0.10256410256410256,0.07692307692307693,0.10256410256410256,True,False,True,True,False
"Marketing can influence attitudes and opinions, but a lot of this mindset starts at home. 

I don't think it matters who controls the ad agencies, record labels etc, black people still have that mindset that if I rap and act ignorantly enough. Then maybe I'll make it. Other times, it's not an act. We look look at gritty street rappers like Gucci Mane or Chief Keef. People idolize them, their works, their story about violence, not the industry itself. All white business men have to do is sit back and let blacks perpetuate. They may have planted the seed but it doesn't mean that blacks have to allow it to grow.",And the majority of people who buy those records are white,disagree,heldout_batch2,11,0.0,0.0,0.0,0.09090909090909091,False,False,False,False,False,111,0.02702702702702703,0.036036036036036036,0.036036036036036036,0.12612612612612611,True,False,True,True,False
"My thought process was that it's impossible to eliminate all aspects of prejudice. Someone, somewhere will look down on women in the same way that someone, somewhere doesn't like those other races you mentioned.

But I now get your point. We can make it a lot better, so that the few who look down on women in the future will be the weirdos. It will be socially unacceptable to discriminate against women in any way, shape or form. And I guess that maybe that would be a more accurate goal for feminism than the one I described above.","Yeah, and that's a *much* more far-reaching goal than simply legal equality.",agree,heldout_batch2,13,0.0,0.0,0.07692307692307693,0.0,False,False,False,False,False,98,0.01020408163265306,0.01020408163265306,0.02040816326530612,0.08163265306122448,True,False,True,True,False
"No, I'm saying the military works around that because they're not hung up on perfect equality.","What do you mean perfect equality. 

OP is claiming the military is accepting inferior physical specimens. 

Why accept inferior physical specimens because they happen to be of a specific gender?",question,heldout_batch2,30,0.0,0.0,0.0,0.13333333333333333,True,False,False,False,True,16,0.0,0.125,0.125,0.0,False,False,True,False,False
"Personally I find the use of sex and deugs annoying in non-YA. Take 1984 for example. I thought it was an awesome, unique book. Then Julia came along and I thought she ruined it because suddenly there was sex all over. To me sex is simply uninteresting. I wish there was some way to separate books to know what you're getting into because I'd like to just avoid books with sex as a plot device. 

This *is* CMV, so I'll be very happy to listen to dissenting opinions - but please don't simply downvote, as I won't have any way to know where I'm wrong.","&gt;To me sex is simply uninteresting. 

I think the real answer here is that this statement makes you part of a tiny minority.  Sad but true.",statement,heldout_batch2,27,0.037037037037037035,0.0,0.0,0.037037037037037035,False,False,False,True,False,104,0.009615384615384616,0.019230769230769232,0.057692307692307696,0.04807692307692308,True,False,True,True,False
"&gt; That's why ""coming on too strong"" is usually a turn off, and ""playing hard to get"" is generally attractive.

I'm unconvinced. Coming on strong isn't a turn off unless its creepy. Reciprocity is a major factor in attraction. Someone being attracted to you can make them more attractive to you. Playing hard to get makes people think you are uninterested. You arn't going to get with many women by pretending you arn't attracted to them.

&gt; So where a woman might tell a guy who is asking for relationship advice ""just talk to her; tell her how you feel and just be yourself"", him admitting his attraction too early might be interpreted as ""needy"" or ""thirsty"" (an ""unattractive"" quality).

I'm always interested in what the mirror to this position is. What is the shit dating advice men give to women?

&gt; The bear analogy was only meant to serve as a metaphor, not to be taken so literally.

I wasn't trying to take it literally, I was trying to demonstrate where the analogy breaks down. The relationship between a bear and a hunter is adversarial. Romantic relationships are not adversarial. Thus the analogy tells us nothing useful.","&gt;Coming on strong isn't a turn off unless its creepy.

""Creepy"" is nothing more than a code word for ""physically unattractive.""",disagree,heldout_batch2,22,0.0,0.09090909090909091,0.045454545454545456,0.0,False,False,True,False,False,198,0.0,0.03535353535353535,0.03535353535353535,0.08080808080808081,True,False,True,False,False
"I agree with you completely and even mention this in my OP (""they help meat eaters transition"").

But try to imagine for a second that meat didn't exist and people had no preconceived notions. Do you think we'd still be shaping tofu into the shape of turkeys?",Probably not but that world doesn't exist.,disagree,heldout_batch2,7,0.14285714285714285,0.2857142857142857,0.14285714285714285,0.0,False,False,True,True,False,47,0.0425531914893617,0.0425531914893617,0.0425531914893617,0.06382978723404255,True,False,True,True,True
"Sorry s11entscope, your comment has been removed: 

&gt; Comment Rule 2\. ""Don't be rude or hostile to other users. Your comment will be removed even if the rest of it is solid."" [See the wiki page for more information.](http://www.reddit.com/r/changemyview/wiki/rules#wiki_rule_2)  

If you would like to appeal, please [message the moderators by clicking this link.](http://www.reddit.com/message/compose?to=%2Fr%2Fchangemyview&amp;subject=Removed+Comment+Rule+2+Post+Appeal&amp;message=s11entscope+would+like+to+appeal+the+removal+of+[his/her+post](https://www.reddit.com/r/changemyview/comments/3iqty5/cmv_white_north_american_jews_have_an_irrational/cujt8i6\))",changed.,statement,heldout_batch2,1,0.0,0.0,0.0,1.0,False,True,False,False,False,111,0.0,0.009009009009009009,0.009009009009009009,0.27927927927927926,True,False,True,False,False
"A tangent, but: I find it kind of amusing that Europeans (I'm generalizing here, I've known exceptions to this rule) are somewhat confused by the idea of each state in the US having its own set of laws and also having federal US-wide laws in place, when the EU is headed towards making Europe much the same way.","Oh, I never found that bizarre. I find it more bizarre that the federal level has such a strong grip on the states, actually.",statement,heldout_batch2,24,0.0,0.041666666666666664,0.0,0.08333333333333333,False,False,True,False,False,59,0.01694915254237288,0.0,0.03389830508474576,0.1016949152542373,True,False,False,True,False
But dogs have personality. Personality goes a long way.,"All other animals have personalities too. When you just aren't exposed to them and animal agriculture tries to fool you into thinking they don't, you just don't realize it.

http://www.youtube.com/watch?v=es6U00LMmC4",disagree,heldout_batch2,38,0.0,0.07894736842105263,0.07894736842105263,0.18421052631578946,True,False,True,False,False,9,0.1111111111111111,0.0,0.0,0.0,False,False,False,True,False
"That's a good point. As cynical as I am I don't think any racial characteristics are something any professional organization would agree is an incurable illness that inhibits someone considerably. I'm assuming the 'list' would be very heavily monitored and proofread. Even if we still considered homosexuality and promiscuity diseases, they aren't debilitating.",Except professional organizations have and continue to do exactly that all over the world.,disagree,heldout_batch2,14,0.07142857142857142,0.0,0.0,0.07142857142857142,False,False,False,True,False,53,0.018867924528301886,0.03773584905660377,0.07547169811320754,0.09433962264150944,True,False,True,True,False
"""The belief.""

*Lol*. Race and Ethnicity or its equivalent and Intro. to Criminology should be Gen. Ed. requirements.",I'm not sure what you mean.,statement,heldout_batch2,6,0.0,0.16666666666666666,0.16666666666666666,0.0,False,False,True,False,False,18,0.0,0.0,0.0,0.05555555555555555,False,False,False,False,False
"I think it's safe to say that almost everyone in the world uses a keyboard now. And yet, the vast majority of people have no idea how to type without looking at the keys and often hunting and pecking. I personally consider this a major problem because I think it is holding us back to some extent.

Some points that I use to support this argument:

1. Faster typing = more productivity, businesses would benefit. You could do more paperwork, more homework, anything on the computer. I'd argue that if everybody could type, we'd all have more free time as well, or at the very least GDP would increase as we get more work done in less time. 

2. It's useful for personal and professional activities: Even if all you do is type posts on facebook and write an email to your grandkids, knowing how to type will help you.

3. It's easy to learn. It's all muscle memory, and if you practiced for an hour a day you'd be good in a month. Plus there are programs galore for it. 

So, my view is that if university required you to know how to touch-type, perhaps with a modest WPM test on entry, or at least a freshman-year course, people would be forced to learn it and would become better typists, thus benefiting everyone down the line. 

Why university? Because minimum wage workers don't usually need to type on a computer, making it less necessary at the high school level. Also, in university, you'll be typing a hell of a lot. I don't care what course you take, you'll need to type up essays and ultimately a thesis paper. 

Am I overblowing this? To quote the great Mugatu, I feel like I'm taking crazy pills. To me it's at least as important as learning how to write with a pen these days. I'd just like to understand why society currently seems to place no value in this skill, and that maybe I'm overreacting. 

**Edit 1**

Well, thanks for all the comments, it's been a very interesting discussion so far. 

The argument that's hanging onto me the most is that the keyboard may become obsolete, but I can't see that happening soon enough to justify ignoring a useful skill.

For those who point out that we can learn it of our own free will and it's not the university's place, I feel that the long-term benefits of such a policy change benefit us in the long term. Universities often require you to study other things they feel are beneficial, such as learning another language (which is often taught inadequately), so I don't feel that it's outside the potential scope of a university to require typing.

And for those pointing out that it isn't worth the time, I maintain that learning costs next to nothing, and it saves you time over the course of your life if you add up every time you type.

**Edit 2, View Changed**

/u/cheeseboyardee made the point that not everyone learns at the same rate and some people may not be able to learn to type well, and thus mandating it could exclude otherwise capable people. 

Thanks for all the posts and cordial discussion. 
_____

&gt; *Hello, users of CMV! This is a footnote from your moderators. We'd just like to remind you of a couple of things. Firstly, please remember to* ***[read through our rules](http://www.reddit.com/r/changemyview/wiki/rules)***. *If you see a comment that has broken one, it is more effective to report it than downvote it. Speaking of which,* ***[downvotes don't change views](http://www.reddit.com/r/changemyview/wiki/guidelines#wiki_upvoting.2Fdownvoting)****! If you are thinking about submitting a CMV yourself, please have a look through our* ***[popular topics wiki](http://www.reddit.com/r/changemyview/wiki/populartopics)*** *first. Any questions or concerns? Feel free to* ***[message us](http://www.reddit.com/message/compose?to=/r/changemyview)***. *Happy CMVing!*",but i dont even use a computer in uni... so why would i need to be able to do that?,question,heldout_batch2,20,0.05,0.0,0.0,0.05,False,False,False,True,True,658,0.00303951367781155,0.0182370820668693,0.037993920972644375,0.11246200607902736,True,False,True,True,False
Being a Jedi is may not necessarily mean you are good.,"Alright... but my point was that slaughtering children was not a rational or reasoned decision... not that Anakin or they were ""good.""",disagree,heldout_batch2,22,0.045454545454545456,0.09090909090909091,0.0,0.09090909090909091,False,False,True,True,False,11,0.0,0.09090909090909091,0.0,0.0,False,False,True,False,False
∆,You have to put in a sentence or two explaining why you gave the delta and it changed your mind or else it won't register.,statement,heldout_batch2,25,0.0,0.04,0.04,0.04,False,False,True,False,False,0,0.0,0.0,0.0,0.0,False,True,False,False,False
"If he is setting this condition as an ultimatum, then technically, you *would* have to sacrifice your current job to continue in the relationship.

But it's not as simple as that because you want both the job and the relationship, so if he is unwilling to sacrifice his own job and move to your country, then you will have to make the decision as to which one of those you want more.

It's not sacrificing your *career* though, it's only sacrificing this particular job and switching your career onto a new track.

\*EDIT: Had a look at you previous posts, you said you only just started this relationship in the beginning of April ... chances are that if you go and live with him, the reality will not live up to the fantasy and it will soon be over ... but you might have to actually go through that to find out for sure otherwise you might always believe that it would have been wonderful  if only you could have been together for ever.",1 &amp;#8710; to moonflower,agree,heldout_batch2,3,0.0,0.0,0.0,0.3333333333333333,False,True,False,False,False,172,0.01744186046511628,0.01744186046511628,0.01744186046511628,0.01744186046511628,True,False,True,True,False
"Name one country that could defeat us in all out, no holds barred war",That's not how war works. It's never one on one no holds barred. It's not like a boxing match. It's always much more complicated than that.,disagree,heldout_batch2,26,0.0,0.15384615384615385,0.15384615384615385,0.038461538461538464,False,False,True,False,False,14,0.0,0.07142857142857142,0.0,0.07142857142857142,False,False,True,False,False
Is the paper posted somewhere publicly? I'd love to read about the topic.,"It's just a literature review, but I can probably figure out how to get it in a google doc if you want it",statement,heldout_batch2,23,0.043478260869565216,0.0,0.043478260869565216,0.043478260869565216,False,False,False,True,False,13,0.0,0.0,0.07692307692307693,0.0,False,False,False,False,False
"It's understandable as to why people believe it's true, but obviously it's actually not. This probably doesn't help much, but to add to the conversation anyway, I was driving in my car earlier today on the highway heading home. Suddenly a police car with sirens shows up in my rear view mirror needing me to get out of the way. Kinda panicked from its sudden appearance and quickly moved over to let him through. Couldn't hear the sirens at all until as he was passing me, Doppler effect etc. So it's not completely reliable.","Could you expand on ""Doppler effect etc"", I'm not sure how it affects your ability to hear sirens behind you.",question,heldout_batch2,20,0.0,0.05,0.05,0.15,False,False,True,False,False,94,0.02127659574468085,0.0425531914893617,0.06382978723404255,0.06382978723404255,True,False,True,True,False
"Why shouldn't it be allowed? The point is that women get to *choose* for themselves if they carry a pregnancy to term or not. If you give men control over that, they no longer have their right to bodily autonomy.","You're right about that. But there is a third human up for discussion here, in case the woman decides to keep the baby.",agree,heldout_batch2,23,0.043478260869565216,0.0,0.043478260869565216,0.043478260869565216,False,False,False,True,False,40,0.0,0.075,0.025,0.05,True,False,True,False,False
"I recall reading an article by a FTM trans person who made pretty grandiose claims about the effects of hormone therapy on his sex drive, and other things like aggression and even stuff like spatial reasoning (which makes me think it should be taken with a grain of salt).","It has been proven that administering testosterone to women improves their spatial reasoning--at least, their ability to visualize 3D models in their minds.",disagree,heldout_batch2,24,0.0,0.0,0.0,0.25,False,False,False,False,False,49,0.0,0.0,0.0,0.08163265306122448,True,False,False,False,False
"I think those who can't spell or use proper context are lazy and should have been held back in school. I think those who can't form sentences or paragraphs are lazy and didn't learn proper writing skills in schools should have been held back.

I think those who think grammar nazi's are inhibiting the bastardization of the English language are part of the dumbing down of America and are intellectually challenged and lazy.","&gt;grammar nazi's

Nope.",disagree,heldout_batch2,4,0.0,0.0,0.25,0.0,False,True,False,False,False,73,0.0,0.0410958904109589,0.0547945205479452,0.1232876712328767,True,False,True,False,False
"The reason healthier foods tend to make you lose weight has less to do with other nutrients and more to do with caloric density; sugar and fats are pretty high in kcals per ounce, whereas veggies are pretty low. There's a reason that mountain climbers carry butter with them to refuel during their climb.

The problem is that our stomachs get full and send the ""don't be hungry"" signal based on volume and not on calories. So, unless you either keep a close watch on your calories or only eat veggies, you are likely going to overeat when those calorically dense food get digested and your stomach is rumbling 'cause it's empty.

So, yes, if you eat just 2000 kcal worth of junk food, you'll lose weight and stay healthy if you supplement with vitamins, but you will likely ""feel"" hungry a lot more often.",Could you eli5 the butter for climbers thing?,question,heldout_batch2,8,0.0,0.0,0.0,0.125,False,False,False,False,True,144,0.006944444444444444,0.013888888888888888,0.027777777777777776,0.10416666666666667,True,False,True,True,False
"Massive sites like reddit are usually dominated by videogame news.

Don't you think that is a good indicator of demographic?",So 74% of people on Reddit are over 18.,statement,heldout_batch2,7,0.0,0.0,0.0,0.0,False,False,False,False,False,20,0.0,0.05,0.05,0.15,False,False,True,False,True
"Given the staggering ignorance of the average American, would society benefit from their (non-voters) input? Wouldn't compelling the least interested and least informed to vote give significant impact to hearsay and libel during an election?

For example, [the Washington Post found](https://firstlook.org/theintercept/2015/04/06/john-oliver-interview-political-disengagement-american-public/) that seven out of ten Americans believed that Saddam Hussein was personally involved in the 9/11 attacks. I personally met a fellow who swore that George Bush, not Kanye West announced that he didn't care about black people.

Edit: for clarification, I'm arguing that those who don't vote are uninformed, and society is better off without their opinions.","What makes you think that the morons are the ones who don't vote? Strongly convicted people vote, smart or not.",disagree,heldout_batch2,20,0.0,0.1,0.05,0.2,False,False,True,False,False,110,0.0,0.03636363636363636,0.03636363636363636,0.09090909090909091,True,False,True,False,False
"Maybe they could have been stateless, but they still had a form, abit small, form of government, ie of the elders","It depends on the power relationship between the elders and the community. Was it hierarchal and oppressive, or was it two way relationship with mutual benefits.",statement,heldout_batch2,26,0.0,0.0,0.0,0.11538461538461539,False,False,False,False,False,21,0.09523809523809523,0.0,0.0,0.09523809523809523,False,False,False,True,False
"&gt; I didn't want to debate amendments. People asked, I threw them out there, but one of the reasons I didn't want to debate them is that I am no fan of guns myself.

...but that's a pretty big problem, isn't it?  You want something changed, but are afraid to say how, without any support for why your change is a good idea, and you expect others to concede the point?","No, the question has nothing to do with actual amendments.",disagree,heldout_batch2,10,0.0,0.2,0.0,0.2,False,False,True,False,False,71,0.04225352112676056,0.056338028169014086,0.056338028169014086,0.08450704225352113,True,False,True,True,True
"Let me make one thing clear at the start: this is NOT a comparison of Android vs. iOS. This is a comparison of the hardware of all the flagship phones on the market right now. This post was inspired by [this](http://www.theverge.com/2014/6/11/5797664/the-best-smartphone) post from the Verge (and no, I don't think there is an iVerge bias there). The points that they present are very valid. The iPhone 6 has the most compromise-free experience of any flagship today. It has a great camera, great specifications, great size, good battery, and a good software experience. The runner up, the 2014 Moto X, is a close contender, but it has sacrifices in the camera and the battery. What I would consider the best Android that I have used, the Nexus 5, still has questionable battery life.
So, I'd like you guys to prove me wrong, or somehow change my view. (Again, this is exclusively hardware, NOT software. That's a whole 'nother debate)

EDIT: A clarification of my viewpoint:

My case is that, of all the flagship phones on the market *right now* (That would be: 2014 Moto X, LG G3, HTC One M8, One Plus One, Samsung Galaxy S5, Samsung Galaxy Note 4, iPhone 6, iPhone 6 Plus,  Sony Xperia Z2, Nokia Lumia 1520, and yes, the Nexus 5) the iPhone 6 offers the most comprehensive hardware experience. In my opinion,  it is compromise free. When someone goes to buy an iPhone 6 (assuming that they had weighed all of their options and not just gone with the hype), they would not be purchasing it in spite of some hardware compromise, i.e. battery life, screen size, camera, processor, screen quality, or another hardware point of comparison.
_____

&gt; *Hello, users of CMV! This is a footnote from your moderators. We'd just like to remind you of a couple of things. Firstly, please remember to* ***[read through our rules](http://www.reddit.com/r/changemyview/wiki/rules)***. *If you see a comment that has broken one, it is more effective to report it than downvote it. Speaking of which,* ***[downvotes don't change views](http://www.reddit.com/r/changemyview/wiki/guidelines#wiki_upvoting.2Fdownvoting)****! If you are thinking about submitting a CMV yourself, please have a look through our* ***[popular topics wiki](http://www.reddit.com/r/changemyview/wiki/populartopics)*** *first. Any questions or concerns? Feel free to* ***[message us](http://www.reddit.com/message/compose?to=/r/changemyview)***. *Happy CMVing!*",It bends in your pocket. That means it is very substandard.,disagree,heldout_batch2,11,0.0,0.0,0.0,0.18181818181818182,False,False,False,False,False,403,0.004962779156327543,0.017369727047146403,0.01240694789081886,0.17121588089330025,True,False,True,True,False
"Both are amateur-tier wiping strategies.  Get your deltas ready, I'm about to rock your world:

Bunchers are toilet cloggers, there's no way around that.  You are shitty people who hate other humans.  Done, no more argument about that.

Folders are wasteful.  Chances are you use four squares per wipe, and never wipe less than twice.  What, do you just hate trees?

I introduce to you, the Stack Modus.  

Start with 8-12 squares (2-3 wipes from your amateur days) tear each square and stack them on top of each other.  After each wipe, discard one square from the stack and repeat.

Our math whizzes here probably already figured it out-  those twelve squares which used to afford you only three wipes with your requisite 4-ply safety barrier now give you an astonishing ***NINE*** wipes!  You just saved 24 sheets of toilet paper and some plunger duty.

For those of you not keeping up, for every 100$ you spend on toilet paper, I just gave you 66$ dollars back.

You're god damn welcome.",revolutionary,agree,heldout_batch2,1,0.0,0.0,0.0,0.0,False,True,False,False,False,167,0.0,0.023952095808383235,0.017964071856287425,0.09580838323353294,True,False,True,False,False
"Not true. The strongest biological instinct is to reproduce. When talking about human psychology, it's much easier to fully comprehend being locked up and restrained than being killed.","&gt;Not true.

Evidence?",question,heldout_batch2,4,0.0,0.25,0.0,0.0,False,True,True,False,True,28,0.0,0.03571428571428571,0.03571428571428571,0.07142857142857142,False,False,True,False,False
"I don't see why women that have lots of sex (usually not with the same person) are  looked down upon. Sex is something that all enjoy and that can be simply practiced for pleasure. 

As long as she or her partner use a condom,and she isn't cheating / sleeping with a person already in  a relationship,  I really don't see the problem.","I'd take issue with your use of the word 'slutty', then. Slut is quite clearly a pejorative word.",disagree,heldout_batch2,18,0.0,0.0,0.05555555555555555,0.0,False,False,False,False,False,62,0.0,0.06451612903225806,0.04838709677419355,0.04838709677419355,True,False,True,False,False
Which countries apart from Britain use it?,"Ireland, Malasia, Singapore, Saudi Arabia...",statement,heldout_batch2,5,0.0,0.0,0.0,0.0,False,True,False,False,False,7,0.0,0.0,0.0,0.14285714285714285,False,False,False,False,True
"Look, we need an R-word. But it doesn't need to be THAT R-word. There's plenty more.

&gt;""I have several co-workers who are completely rectum.""

This has the virtue of being true.",It means they're full of shit. I get it.,statement,heldout_batch2,9,0.0,0.0,0.1111111111111111,0.2222222222222222,False,False,False,False,False,35,0.02857142857142857,0.02857142857142857,0.05714285714285714,0.05714285714285714,True,False,True,True,False
"Sorry, but atheists believe in evidence. There is no evidence that a supernatural world exists. We recognize that ""spiritual"" experience are simply chemical reactions in the brain, as are all things.
We understand that there are probably lots of things beyond our comprehension, but they remain, of course, beyond our comprehension. 

Whatever exists exists.",You do realize that the word spiritual has been hijacked by religions right? It doesn't have to mean supernatural. Meditating or otherwise exploring your own consciousness could be called spiritual.,disagree,heldout_batch2,30,0.0,0.03333333333333333,0.03333333333333333,0.13333333333333333,True,False,True,False,False,54,0.037037037037037035,0.018518518518518517,0.0,0.12962962962962962,True,False,True,True,False
"most of America. ""White people"" make up a large proportion of the country especially because of ethnic attrition. now subcategories of the US don't trust cops (and some for good reason) but my point still stands. Being Pro Cop isn't some sort of mental illness that right wing engages in (and Wilson was innocent while the left tried to forget the lessons of henry fonda liberalism. it's not wrong to belabor that point when so many people were calling for his head), it's a pretty rational and justified view people take especially given we semi recently lived in a really high crime environment. 


i'm trying to figure out how your argument is better than ""everyone who disagrees with me is a bigot"". 

&gt;  in any issue I can almost always assume the right will be on the wrong side.

this isn't an argument for bigotry. your edit pretty much concedes this if i'm reading it right.  To bring up the wilson point: your argument just denies the validity of one reading of the situation in favor of another one. it's hard to see how that's justified from an objective view.","Wilson was exonerated, the Ferguson Police Department as a whole was seen as being horribly racist.

http://www.washingtonpost.com/blogs/wonkblog/wp/2015/03/04/17-disturbing-statistics-from-the-federal-report-on-ferguson-police/",statement,heldout_batch2,32,0.0,0.0,0.0,0.21875,True,False,False,False,False,190,0.010526315789473684,0.021052631578947368,0.04736842105263158,0.05789473684210526,True,False,True,True,False
"&gt; Personal desire to get high was not.

Pursuit of happiness is an unalienable right.",But not a legal one.,disagree,heldout_batch2,5,0.2,0.2,0.0,0.0,False,True,True,True,False,15,0.0,0.06666666666666667,0.0,0.0,False,False,True,False,False
"Specifically, I believe any system which relies on people caring about society or acting in any way rational is doomed to failure. I believe the best you can do is make it easy for the people who aren't idiots to distinguish themselves, make sure everyone else is comfortable, and stop them from fucking everything up.","If people are idiots, who do you think is going to go about do that? Do you have any martians on hand?",disagree,heldout_batch2,22,0.0,0.0,0.0,0.09090909090909091,False,False,False,False,True,55,0.0,0.01818181818181818,0.01818181818181818,0.09090909090909091,True,False,True,False,False
King of Queens? That's an ugly dude there. An ugly dude is funny. An ugly girl is sort of pathetic,"&gt; King of Queens

You're confusing ""not omfg hot"" with ""ugly""",disagree,heldout_batch2,11,0.0,0.09090909090909091,0.09090909090909091,0.18181818181818182,False,False,True,False,False,20,0.0,0.0,0.05,0.0,False,False,False,False,False
Care to cite an actual source?,I'll have to find it. Not sure where I saw it,statement,heldout_batch2,11,0.0,0.09090909090909091,0.09090909090909091,0.0,False,False,True,False,False,6,0.0,0.0,0.0,0.0,False,False,False,False,True
Just because a day is a holiday doesn't mean you don't have to work.,You know what I'm trying to say.,statement,heldout_batch2,7,0.0,0.0,0.14285714285714285,0.0,False,False,False,False,False,14,0.0,0.14285714285714285,0.14285714285714285,0.0,False,False,True,False,False
Growing up the elementary school band director and the middle school band director were an old married couple. Their last name sounded almost exactly like the word 'Music'. It was really cute.,Love it!,agree,heldout_batch2,2,0.0,0.0,0.0,0.0,False,True,False,False,False,32,0.0,0.0,0.0,0.03125,True,False,False,False,False
The truth is it actually does not happen at all. It's just some crackheaded and unbased fear that MRAs have. That guy is telling you not to worry about a source because there is none.,The truth usually requires proof. All a blanket statements like this do is over generalize.,disagree,heldout_batch2,15,0.0,0.0,0.0,0.13333333333333333,False,False,False,False,False,35,0.0,0.08571428571428572,0.02857142857142857,0.02857142857142857,True,False,True,False,False
That is exactly the opposite of what a movie implies. Guns are not depicted as more dangerous in our entertainment than they are in real life. That suggestion is absurd. A single shot to the torso will immobilize almost anyone.,"But probably not a 300lb high, angry, hyped on adrenaline.",disagree,heldout_batch2,10,0.1,0.1,0.0,0.1,False,False,True,True,False,40,0.0,0.025,0.0,0.05,True,False,True,False,False
"Dunno dood. 

I'm going to debate with her via email if we decide to in the future. Let's each argument be considered, researched, and fully explained. Verbal debates do no such thing.","Yeah, that seems to be true in most cases, it takes the emotion and momentum out of it so thoughts can actually be exchanged. Good luck!",agree,heldout_batch2,26,0.0,0.0,0.0,0.19230769230769232,False,False,False,False,False,32,0.0,0.03125,0.0625,0.15625,True,False,True,False,False
"I'll give you this one: When talking about a general class of people (i.e. ""the average person"", ""the typical person"", etc.) it's okay to refer to them (yeah, I just said them) in the plural, even if they were referenced by a single person in the singular. (∆)

But I just have two points to make:

1. There are plenty of words and phrases that playwrights invented that have *not* entered common English usage. For every ""Laugh yourself into stitches"" you see, how many ""More honored in the breach than in the observance"" fall into the wayside?

2. If ""they"" is acceptable to refer to a singular person in general, then would it be appropriate to respond to ""He is a smart person"" with ""Yes, they are a really smart person""? Is it okay to say ""They are going to the concert by themself"" when talking about a person going to a concert by him/herself? Should ""themself"" even be a word?

Edit:

&gt;Try to find examples outside your baby one.

I make an edit to my original post, saying that in any example where the person's gender is revealed by the end of the sentence, it seems to make perfect sense to use the word ""It"" as the subject. 

Example: ""Oh my God, that historical figure known as Jesus has returned after 2000 years!!!"" "".Oh my God it's a woman!!!"".

Any other usage seems to be rude, I'll admit that, but under no circumstances does it seem appropriate to use ""they"" to refer to a single, specified person.

Edit2:

&gt;p p s. I hope this was a question about linguistics, not your personal agenda to validate calling transgender people as ""It"" especially when they dislike it.

If you read through the original drama, at no point did anyone refer to transgendered people; the drama mainly came up because we didn't know the gender of an *internet screen name*.","Confirmed, Delta Awarded",agree,heldout_batch2,3,0.0,0.0,0.0,0.0,False,True,False,False,False,318,0.006289308176100629,0.015723270440251572,0.018867924528301886,0.07547169811320754,True,False,True,True,False
"&amp;#8710; I have always liked some of Kanye's stuff, but I thought the lyrics were meaningless garbage... for some songs I still do. I like that you wrote out the lyrics here that are catchy, as I am not all that familiar with any of his songs...

Can you justify his part in E.T. by Katy Perry though? Because I still think he entirely ruined that song...",That song had a good beat but you can't pretend Perry's lyrics were any better than Kanye's.,disagree,heldout_batch2,17,0.058823529411764705,0.058823529411764705,0.17647058823529413,0.058823529411764705,False,False,True,True,False,68,0.058823529411764705,0.014705882352941176,0.014705882352941176,0.08823529411764706,True,False,True,True,False
"If the state is truly democratic and liberal, absolutely, emphatically yes.  Corporations are deliberately designed to work exclusively for their stockholders.  A democratic state is designed to represent the interests of the masses and a liberal state is designed to provide certain reasonable protections to the rights of minorities.  When a corporation exploits its customers, employers, or people in its way, it is doing exactly what was intended to do.  When a government does it, it fails its people.","Fine, then redefine the issue to look at international affairs. Democratic liberal governments don't really have any check on not being sociopathic, so to speak, vis a vis foreigners",disagree,heldout_batch2,29,0.0,0.06896551724137931,0.034482758620689655,0.13793103448275862,False,False,True,False,False,79,0.0,0.0,0.0,0.12658227848101267,True,False,False,False,False
"The *Constitution* would have to be changed. A little more drastic of a measure. I have somewhat of a love-hate relationship with the Equal Protection clause, but I'd be rather uncomfortable with it being removed.

The commerce and general welfare clauses can go though.",I really don't understand the American hang up about changing the constitution.,disagree,heldout_batch2,12,0.0,0.08333333333333333,0.08333333333333333,0.16666666666666666,False,False,True,False,False,45,0.044444444444444446,0.0,0.022222222222222223,0.044444444444444446,True,False,False,True,False
"No, if you only meet my expectations, you better be using some time to research how you can get to be better in your field. 

If you exceed my expectations, then cheers to you, you're awesome, and you likely will get bonuses and raises. 

A person who exceeds my expectations who also takes time to better themselves is even better. That's what gets you a promotion from me.","Umm. If you expect that people exceed your expectations--your expectations aren't what you are hoping the exceed.

You can't expect someone to exceed your expectations.",disagree,heldout_batch2,26,0.0,0.07692307692307693,0.07692307692307693,0.15384615384615385,False,False,True,False,False,68,0.0,0.014705882352941176,0.029411764705882353,0.14705882352941177,True,False,True,False,False
Where?,"It's not the norm, but its getting more common.",statement,heldout_batch2,9,0.1111111111111111,0.1111111111111111,0.1111111111111111,0.0,False,False,True,True,False,1,0.0,0.0,0.0,0.0,False,True,False,False,True
"To have the kind of expertise you're looking for you don't need a president who was in the military, you need a president who was the head of the military.  A senior general at the very least.  That means they need to have spent their entire career in the military, and done nothing else.  No experience with politics, economics, law, social policy, or diplomacy, all of which are also important responsibilities of a president.  Why is a president with military experience important enough to sacrifice every other role the president serves?","I can't say a senior general would have no experience with any of those things, that's going a bit far.",disagree,heldout_batch2,20,0.0,0.1,0.1,0.05,False,False,True,False,False,91,0.0,0.03296703296703297,0.02197802197802198,0.04395604395604396,True,False,True,False,True
"I have a moderate-severe hearing loss, and so whilst I don't fit into your 'category', I can shed some light.

My life will never be normal as I will never hear people 100% correctly. Yes, hearing aids do help, but there will always be limitations.

Thing is, this is how it's always been for me. I've never known any different. It's similar to saying that you'll never know what it's like to have blue eyes if you have brown eyes, and vice versa. You will never know what being completely embedded into that lifestyle means.

So whilst you may view it as suffering, they may not always view it as that themselves.",I don't consider that suffering and in my hypothetical I was more concerned with the parents who have a child that will only live and hand full of years.,disagree,heldout_batch2,29,0.0,0.034482758620689655,0.034482758620689655,0.06896551724137931,False,False,True,False,False,112,0.008928571428571428,0.0625,0.05357142857142857,0.07142857142857142,True,False,True,True,False
"With US intervention and the support of practically every sane military in the world, they simply would not win.",So how did the stalemate happen last time?,question,heldout_batch2,8,0.0,0.0,0.0,0.0,False,False,False,False,True,19,0.0,0.05263157894736842,0.0,0.0,False,False,True,False,False
What are your desires if not a neurological phenomenon mixed in with environmental influences?,"Sure they are.

What's the problem?",agree,heldout_batch2,6,0.0,0.0,0.16666666666666666,0.0,False,False,False,False,True,14,0.0,0.07142857142857142,0.0,0.14285714285714285,False,False,True,False,True
"Instruments have such wild limitations compared To a normal composition programs that I think they're obsolete in the modern musical world. They have imperfection, and you cant control the frequencies of the sounds you're making as well. People will spend years learning how to make a single sound, instead of all possible sounds. When you play an instrument, you're just a drone, an atomaton playing someone else's piece. It's like being a soldier vs being the president. Sure, it takes a lot of work, but it's a waste of talent.",Art is all about imperfection.,disagree,heldout_batch2,5,0.0,0.0,0.0,0.0,False,True,False,False,False,90,0.011111111111111112,0.011111111111111112,0.06666666666666667,0.1111111111111111,True,False,True,True,False
I definitely see how we should do what we can to limit these opportunities that someone would have. Thanks for that info.,If he changed your mind give him a delta,statement,heldout_batch2,9,0.0,0.0,0.0,0.1111111111111111,False,False,False,False,False,22,0.0,0.0,0.0,0.09090909090909091,False,False,False,False,False
"Your pros are definitely good.  It would really hold the police and criminals more accountable.  

But on the other hand, it would also increase the already immense security machinery in place in the US.  Not to be too liberal, but Americans are spied on often through the NSA.  Having the police walk around with cameras adds an additional form of mass surveillance.  I live in a city - I see the police almost every day.  That means every day (often several times a day, my actions would be recorded for at least a little while) 

In other words, I think you're saying ""we should reduce the police power, or hold it accountable"" which is good.  But that would be at the cost of dramatically increase the government's capacity of surveillance, which isn't necessarily a good thing.",Right there with you on this concern.  That's why I suggested the footage would be held by a third party.,agree,heldout_batch2,20,0.0,0.0,0.05,0.1,False,False,False,False,False,135,0.022222222222222223,0.014814814814814815,0.022222222222222223,0.05925925925925926,True,False,True,True,False
"Wow Mongoosen42! you really made me reconsider my views about biological determinism. I used to think that it was yet another vulgar scientistic attempt to mechanize man. However, I now see that our biological make-up can have many unexpected effects on our behavior. These effects need not be reducible to a selected trait from our deep past. Congrats on your first delta!","haha, yay! Thank you ^ _ ^",statement,heldout_batch2,4,0.0,0.0,0.0,0.5,False,True,False,False,False,63,0.031746031746031744,0.015873015873015872,0.0,0.015873015873015872,True,False,True,True,False
But why not? You have disagreed but given no reason.,"I did. If you open a business to serve the public, it has to serve the public. You can't just pick and choose the demographics you will serve.",disagree,heldout_batch2,28,0.0,0.03571428571428571,0.03571428571428571,0.07142857142857142,False,False,True,False,False,10,0.2,0.2,0.0,0.0,False,False,True,True,False
"If you want to go into the moral side.

The guy he punched said he just wants to get back to filming Top Gear.

With Jeremy fired, and May/Hammond's contracts coming up in a month, there will be no Top Gear.

So essentially, the victim got fired against his own wishes because he got punched.","He's a senior producer with the BBC, he hasn't lost his job even if Top Gear doesn't continue production.",disagree,heldout_batch2,19,0.0,0.10526315789473684,0.15789473684210525,0.0,False,False,True,False,False,56,0.0,0.017857142857142856,0.017857142857142856,0.10714285714285714,True,False,True,False,False
Yes and ironically some people have been  heating their house with mining rigs to make new bitcoins.,"As somebody who sometimes turn on his gaming rig instead of the room heater, I see nothing wrong with that.",agree,heldout_batch2,20,0.0,0.05,0.0,0.0,False,False,True,False,False,17,0.0,0.0,0.0,0.11764705882352941,False,False,False,False,False
"Cousins don't tend to be as close as siblings and parents, don't have as much shared genetic material, and have much less influence over each other. Any incest is a lot less bad.","seeing as we havent proven incest to be bad, saying that a certaintype of incest is less bad is jumping the gun",disagree,heldout_batch2,22,0.0,0.0,0.0,0.09090909090909091,False,False,False,False,False,33,0.0,0.06060606060606061,0.06060606060606061,0.09090909090909091,True,False,True,False,False
"The link you provided lists the crime as a misdemeanor. I'll admit I'm pretty bad at understanding legal jargon but that does not look like rape which is a felony, no?","The charge of rape, [18.2-61](http://law.lis.virginia.gov/vacode/title18.2/chapter4/section18.2-61/) was amended to [18.2-67.3](http://law.lis.virginia.gov/vacode/18.2-67.3/) aggravated sexual battery.",statement,heldout_batch2,25,0.0,0.0,0.0,0.32,False,False,False,False,False,31,0.03225806451612903,0.06451612903225806,0.06451612903225806,0.03225806451612903,True,False,True,True,True
Back seat/vans/suvs,All of those are at more of an angle than unreclined airline seats.,disagree,heldout_batch2,13,0.0,0.0,0.0,0.15384615384615385,False,False,False,False,False,4,0.0,0.0,0.0,0.5,False,True,False,False,False
"&gt;Their work is still there and accessible, exactly the same as when they were alive.

However, there is now absolutely no chance of him producing any more of it. This alone is enough to sadden someone familiar with his work.",The sadness over no more work being produced is unrealistically inflated if that's the reason why there is such a public outpouring.,disagree,heldout_batch2,22,0.0,0.045454545454545456,0.045454545454545456,0.045454545454545456,False,False,True,False,False,41,0.04878048780487805,0.024390243902439025,0.0,0.024390243902439025,True,False,True,True,False
"Or could it be because sexual assault victims are more likely to be women and women are more likely to be labeled as unable to sound judgements and therefore need to be given ""advice"" to help them develop better decision making skills?",* unable to make sound judgements,statement,heldout_batch2,5,0.0,0.0,0.0,0.2,False,True,False,False,False,42,0.0,0.0,0.0,0.14285714285714285,True,False,False,False,True
"While I respect your opinion, I'm not going to bother with a substantive reply because you and I will, quite obviously, agree on nothing.","Don't bother posting then,",disagree,heldout_batch2,4,0.0,0.25,0.25,0.0,False,True,True,False,False,24,0.0,0.08333333333333333,0.041666666666666664,0.0,False,False,True,False,False
It's designed to minimize *bad* views.,"No, it's really not. Any framework which requires people to engage ""I think Gypsies are all thieves"" as an honest, reasonable viewpoint is not designed to minimize bad views.",disagree,heldout_batch2,29,0.0,0.10344827586206896,0.034482758620689655,0.10344827586206896,False,False,True,False,False,6,0.0,0.0,0.16666666666666666,0.16666666666666666,False,False,False,False,False
"This is a good point, but I don't think just because the etymology of the word carries with it some very unpleasant baggage, the way it is used today must inherently carry that as well.",What about the n-word? Or any other racial slur?,question,heldout_batch2,10,0.0,0.0,0.0,0.0,False,False,False,False,True,35,0.02857142857142857,0.02857142857142857,0.02857142857142857,0.02857142857142857,True,False,True,True,False
"It sounds like your problems are coming more from that you first came out as lesbian (or at least acted like it and didn't correct people), and later changed that to coming out as bisexual? I mean if you now came out as straight, you'd have pretty much the same reactions. From this we cannot conclude that coming out as straight is hard, the *change* is what's causing the problems. So from your experience we cannot conclude that coming out as bisexual is harder than coming out as lesbian. We can conclude, in your case, that coming out as lesbian first and then as bisexual later you have problems.","Sure, but that's always the case. Nobody is starting from a blank slate. People will assume you're straight (if you don't correct them) until you declare a change.",disagree,heldout_batch2,28,0.03571428571428571,0.07142857142857142,0.10714285714285714,0.0,False,False,True,True,False,109,0.0,0.027522935779816515,0.027522935779816515,0.06422018348623854,True,False,True,False,False
"&gt; Well quite simply, it's illegal.

Oral sex/sodomy is still illegal in many states.  Should people in those states adhere to those outdated laws as well?",Those oral sex/sodomy laws were ruled unconstitutional forever ago. [Lawrence v. Texas](https://en.wikipedia.org/wiki/Lawrence_v._Texas),disagree,heldout_batch2,21,0.0,0.0,0.0,0.2857142857142857,False,False,False,False,False,27,0.037037037037037035,0.0,0.037037037037037035,0.1111111111111111,False,False,False,True,True
Blurred Lines has nothing to do with date rape other than people twisting words to find meaning they're intentionally looking for.,Okay.,statement,heldout_batch2,1,0.0,0.0,0.0,0.0,False,True,False,False,False,21,0.0,0.047619047619047616,0.047619047619047616,0.09523809523809523,False,False,True,False,False
"&gt; The three other arguments for abortion you raised would therefore not apply.

The utilitarian argument still applies. No mind, no person, no victim, no crime.","Jeremy Singer's argument still applies (no mind, no crime), but also, the Freakonomics argument still applies as well (unwanted children commit crimes and make society worse off).",agree,heldout_batch2,27,0.1111111111111111,0.07407407407407407,0.037037037037037035,0.14814814814814814,False,False,True,True,False,26,0.038461538461538464,0.19230769230769232,0.0,0.07692307692307693,False,False,True,True,False
I'll call it Schrodinger's Dragon.,You're dragnostic.,statement,heldout_batch2,2,0.0,0.0,0.5,0.5,False,True,False,False,False,5,0.0,0.0,0.4,0.0,False,True,False,False,False
I'm counting on you to make the world a better place so don't cheat!,No... I can't... it's too big,statement,heldout_batch2,6,0.0,0.3333333333333333,0.3333333333333333,0.0,False,False,True,False,False,14,0.0,0.07142857142857142,0.14285714285714285,0.0,False,False,True,False,False
"You do realise that water is alien to earth right? You can't create water without water already existing, your theory that living in an area that isn't hydrated is kinda' long winded considering, water, isn't even a completely natural resource, because it wasn't created here on earth. Think about it.","If you go back far enough, nothing originated on earth. Where water initially came from has no bearing on whether or not it is a human right.",disagree,heldout_batch2,27,0.0,0.1111111111111111,0.0,0.07407407407407407,False,False,True,False,False,50,0.0,0.08,0.08,0.06,True,False,True,False,False
"Common sense doesn't need a ""study"". It's common freaking sense.","Lots of things were ""common sense"" before science later proved them to be wrong.",disagree,heldout_batch2,14,0.0,0.0,0.0,0.07142857142857142,False,False,False,False,False,10,0.0,0.1,0.2,0.1,False,False,True,False,False
"Oh yes, let's force the government to be larger and let's create more regulations while eliminating people that want to volunteer. You seriously would consider making it against the law to volunteer??",Did i say that? no.,disagree,heldout_batch2,5,0.0,0.2,0.0,0.0,False,True,True,False,False,32,0.0,0.0,0.0625,0.09375,True,False,False,False,True
"I am putting this out there, as I have been mentally debating this for the last few months and want to see if my views hold water. Also note that many of my arguments specifically address the USA's system of government and its flaws, but many of the same arguments transfer over to other governments.

Edit: Thanks for the comments, they have been super helpful. A couple quick clarifications:

* I am not advocating for a complete elimination of elected politicians, as I believe they most certainly have their place in any well-run government. Simply a rebalancing of the current system, as I believe it is currently unbalanced.
* Scientists by definition are ""one engaging in a systematic activity to acquire knowledge"" (from wikipedia). This does not delineate one type over the other, so be careful with applying your own definition of the word scientist here.
* I do not have a perfect answer of how to pick said scientists. One idea would be to have scientists self-select from within their ranks. (this does bring up the point of how any system with the ability to campaign for power can become corrupted)

**Representatives in general elections are chosen based on likability, similarity to voters, and marketing.**

People often chose candidates based on the quality of marketing (often influenced by the amount of money spent) that each campaign utilizes. In addition, with the recent additions of visual media - optimism, likability, personality, etc plays more of a role than suitability or intelligence. Thus, our current system selects candidates that may not be able to make the best decisions for the future of the nation. 

**Decision making in government is currently, heavily influenced by special interests and the financial elite.

I believe that the representatives in congress have lost the long-term focus of their positions in order to achieve short-term results, particularly re-election and satisfying their ""constituents"" ([particularly the elites and special interests](http://scholar.princeton.edu/sites/default/files/mgilens/files/gilens_and_page_2014_-testing_theories_of_american_politics.doc.pdf)). Lastly, their position does not require strong science backgrounds, with many of them coming from either a law or political science background.

**The recent industrial revolution has given us the ability to do permanent, global damage in relatively short amounts of time**

Simply stated, our recent advances in technology have allowed us more and more control over our environment, often at the expense of the impact on the world at large. These impacts include including species extinctions, ecology changes, and much more. 300-400 years ago, these impacts were small on a global scale. However, as we advanced faster and faster, we became a globally interconnected society reliant on fossil fuels, petrochemicals, electromagnetic radiation, and genetically modified food sources. Note that these are doomsday conspiracy claims, as each one has contributed to where we are today in a positive way, however, their overall impact on the environment is often not viewed in its entirety These impacts have, and will continue to, cause some huge and likely unexpected impacts on the world at large.

**Scientists usually have a more balanced and reasoned approach to making changes**

As scientists have spent years becoming better scientists instead of better politicians, they have developed some pretty valuable skills, including finding quality knowledge sources, questioning data, finding holes, identifying key features, etc. As such, they are often more knowledgeable, have a better approach to problems, and have a more long-term view of the future.

**With the above thoughts in mind, my view is that scientists would be an extremely valuable addition to any governmental structure, giving it the ability to make long-term decisions with better clarity than is possible today.** 

As for the US, as much as I would love to pull out one house of Congress and replace it with a group of scientists, I don't think this is reasonable at this stage. If we started over, then maybe, but not 225+ years down the line. Instead, we need to inject this influence in other ways, possibly adding a new branch of government or a third house of Congress with a new ability to influence laws in a novel way. (The exact details here are up for debate, including how to select the best people for these position, but I am trying to reason about the big picture)

**TL;DR If we really want to make long term changes that will result in a sustainable approach to the future, we need to include scientists and data driven decision making at a much higher level of government. Scientists as advisors isn't enough.**

_____

&gt; *Hello, users of CMV! This is a footnote from your moderators. We'd just like to remind you of a couple of things. Firstly, please remember to* ***[read through our rules](http://www.reddit.com/r/changemyview/wiki/rules)***. *If you see a comment that has broken one, it is more effective to report it than downvote it. Speaking of which,* ***[downvotes don't change views](http://www.reddit.com/r/changemyview/wiki/guidelines#wiki_upvoting.2Fdownvoting)****! If you are thinking about submitting a CMV yourself, please have a look through our* ***[popular topics wiki](http://www.reddit.com/r/changemyview/wiki/populartopics)*** *first. Any questions or concerns? Feel free to* ***[message us](http://www.reddit.com/message/compose?to=/r/changemyview)***. *Happy CMVing!*",Who picks those scientists? How do you prevent them from picking one that supports their goals?,question,heldout_batch2,16,0.0,0.0,0.0,0.3125,False,False,False,False,True,890,0.0056179775280898875,0.011235955056179775,0.0056179775280898875,0.15617977528089888,True,False,True,True,False
"With the minimum replacement rate standing at 2.1 babies per woman, and the current birth rates of many nations being as low as 1.3 this leads to an ageing population that produces many ill effects for the countries and their economies.

The most obvious problem is the funding of the social services. With more old people needing pensions and healthcare and with less young people to finance that, the system will inevitably collapse.

There are two solutions that I know of. Increased immigration to close the gap and ways to encourage couples to have more kids through tax breaks and the like. The other one that I heard being touted is that very soon, we will be living in a post scarcity society, and that population decrease will not have any consequences, but I don't believe that it is feasible.

_____

&gt; *Hello, users of CMV! This is a footnote from your moderators. We'd just like to remind you of a couple of things. Firstly, please remember to* ***[read through our rules](http://www.reddit.com/r/changemyview/wiki/rules)***. *If you see a comment that has broken one, it is more effective to report it than downvote it. Speaking of which,* ***[downvotes don't change views](http://www.reddit.com/r/changemyview/wiki/guidelines#wiki_upvoting.2Fdownvoting)****! If you are thinking about submitting a CMV yourself, please have a look through our* ***[popular topics wiki](http://www.reddit.com/r/changemyview/wiki/populartopics)*** *first. Any questions or concerns? Feel free to* ***[message us](http://www.reddit.com/message/compose?to=/r/changemyview)***. *Happy CMVing!*","Consider this: if this effect did not occur, we would be heading towards a Malthusian catastrophe.",disagree,heldout_batch2,16,0.0,0.0625,0.0,0.0,False,False,True,False,False,261,0.0038314176245210726,0.011494252873563218,0.011494252873563218,0.2222222222222222,True,False,True,True,False
"Can you name any true 100% monopolies where there are absolutely no competitors of any sort?  From a practical standpoint, most of what we call monopolies are near monopolies wherein one company is super dominant and able to drive all other sizable competition out.  Put another way, if you want to give examples of what you believe are monopolies, I can give examples of competitors that make it not a 100% monopoly.","&amp;#8710; Delta it!

Yes, I edited for the word ""oligopoly"" above, but I feel like the debate is essentially the same.",agree,heldout_batch2,21,0.047619047619047616,0.0,0.0,0.09523809523809523,False,False,False,True,False,70,0.0,0.02857142857142857,0.0,0.11428571428571428,True,False,True,False,False
"What if someone believes that drug dealers should be killed? That person probably has some biases, and if you only allow people on the jury who believe that drug dealers should be killed, you're stacking the deck against the accused.","The defendant also gets to choose who they want on the jury (or more accurately, don't want,)",statement,heldout_batch2,17,0.0,0.058823529411764705,0.058823529411764705,0.058823529411764705,False,False,True,False,False,40,0.0,0.0,0.025,0.2,True,False,False,False,False
"Of course not everyone is from the US, but the original argument specifically mentioned the Constitution as a possible concern, specifically

&gt; And not to make them not believe in religion, that violates the constitution",You realize other countries have constitutions right.,disagree,heldout_batch2,7,0.0,0.0,0.0,0.2857142857142857,False,False,False,False,False,35,0.02857142857142857,0.08571428571428572,0.0,0.05714285714285714,True,False,True,True,False
The OP is making the argument that STV got 95/100 and all other systems got &lt;=94/100.,"No, he fails to address criteria STV fails.",disagree,heldout_batch2,8,0.0,0.125,0.0,0.25,False,False,True,False,False,15,0.0,0.0,0.0,0.06666666666666667,False,False,False,False,False
"I absolutely disagree. My belief in abortion rights has nothing to do with when a fetus becomes a person. Indeed I find it to be wholly irrelevant. To me the issue is purely one of autonomy. Does person A ever have the right to use person B's body against their will? In my opinion absolutely not. And that includes situations when person A's life is dependent on the use of person B's body.

That issue has nothing to do with whose a person and who is not.",Why is bodily autonomy so important? It's okay to force people to do literally almost everything else (when having a child) except as it somehow relates to their body. Why?,question,heldout_batch2,30,0.03333333333333333,0.0,0.03333333333333333,0.1,True,False,False,True,True,87,0.0,0.04597701149425287,0.034482758620689655,0.05747126436781609,True,False,True,False,False
Putting a child up for adoption without the fathers consent isn't strictly legal.,Varies greatly by jurisdiction.,statement,heldout_batch2,4,0.0,0.0,0.0,0.0,False,True,False,False,False,13,0.0,0.07692307692307693,0.07692307692307693,0.07692307692307693,False,False,True,False,False
"&gt; at the earliest, around the early 19th century.  

Pretty sure you mean 20th century there (1900s).  That's not so surprising when you stop to consider that the explosion of Nationalist/Nationalism movements was really sparked by the realignment of empires in the time leading up to and the aftermath of WWI.  Read about the Paris Peace Conference in 1919 and see just how the ""Powers that be"" decided the shape of the world to come.",Nope he is correct large Jewish immigration began in the late 1800's.,disagree,heldout_batch2,12,0.0,0.0,0.08333333333333333,0.08333333333333333,False,False,False,False,False,75,0.0,0.013333333333333334,0.013333333333333334,0.04,True,False,True,False,False
"These people? You do understand this is a medical condition, right? Our neurotransmitters are misfiring. The effect of that is that you lack dopamine or serotonin which tricks your brain into wanting to kill yourself.

It is no different than say, diabetes, which has the effect of the pancreas not processing insulin the say someone who didn't have the gene would. 

Just because you can't see mental illness does not mean it is non-existent. If a cancer patient was in pain and wanted to die, in oregon, you have the Death with Dignity act and can end your life with a pill they give you. Why can't someone with severe depression, no family, no money for a therapist, no money for meds be forced to live and if so, why would you assume that everyone with a mental illness is irrational?",good lord man...chill,statement,heldout_batch2,4,0.0,0.0,0.0,0.0,False,True,False,False,False,142,0.0,0.06338028169014084,0.02112676056338028,0.07042253521126761,True,False,True,False,True
"And this is precisely why things will never change. I people don lay cables, fix vehicles, grow food the big hedge fund managers wouldn't be able to make a dime. In the end we are all people and we all have value. We all have a role to play to make this big ol economy moving along. 

If everybody sat at a desk then nothing would get done. Its this amazing important value they have, everyone should copy them then there will be no pie to share.","What?

This means nothing, you didn't address a single point?",disagree,heldout_batch2,10,0.0,0.2,0.1,0.1,False,False,True,False,True,87,0.0,0.04597701149425287,0.011494252873563218,0.04597701149425287,True,False,True,False,False
"A more appropriate analogy would be would you like me to lock you in a moderately sized house as close to what you're used to as possible, provide food and medical care and entertainment at no cost, and you never have to worry about providing for yourself or protecting yourself and in exchange people get to watch you go about your normal daily routine.

As a zookeeper, I really believe that our animals have it made. They live better than most people on the Earth. As humans we tend to anthropomorphize them all and think about how bored we would be just sitting there all day, but animals don't work that way. Even in the wild, most of them are just gonna sit there all day except for when they're trying to avoid starving to death or getting preyed upon or freezing to death or any other number of ways that they die in nature.","i would rather sit there all day because i choose to, rather than because i have to",disagree,heldout_batch2,17,0.0,0.0,0.0,0.0,False,False,False,False,False,155,0.012903225806451613,0.01935483870967742,0.01935483870967742,0.05161290322580645,True,False,True,True,False
Man I'm still getting used to this CMV stuff haha. /u/Marzhall drew a parallel between other cartoons spilling into other's lives. It proves there was a dichotomy in my thinking and that its not necessarily unhealthy to have some level of interest or obsession in cartoons. Hope this is enough :/,"Heh, no worries here - even if I don't get the delta, glad I helped :)",statement,heldout_batch2,14,0.0,0.14285714285714285,0.07142857142857142,0.14285714285714285,False,False,True,False,False,51,0.0196078431372549,0.0196078431372549,0.0392156862745098,0.11764705882352941,True,False,True,True,False
"Yeah so history teaches us that minorities make convenient scapegoats, so it's just a matter of time before a good thing goes bad. All of that argues against OP's permanent victim/paranoia thesis. Good things can go bad and do. Eternal vigilance is warranted. [edit typos]","You think ops idea, that Jews have an unwarranted victim complex, is correct?",question,heldout_batch2,13,0.0,0.0,0.0,0.07692307692307693,False,False,False,False,True,46,0.0,0.0,0.043478260869565216,0.13043478260869565,True,False,False,False,False
"I am mystified as to why, in all those scenarios, a person is assumed able and willing to urinate and/or defecate on or in a toilet, but incapable of judging and altering the position of the seat.",Because the lights are off.,statement,heldout_batch2,5,0.0,0.0,0.0,0.2,False,True,False,False,False,38,0.02631578947368421,0.0,0.0,0.10526315789473684,True,False,False,True,False
"If you split people into two groups - physically strong and not physically strong - their talent as medics will, on average, be equal. The top 10% in one group will be as good as the top 10% of the other group and better than the next 10% in both groups.

If you only employ the strong group as medics, you are employing a lot of people who are not as good at the job as the ones you have rejected.

Just because of one non-medical aspect of the job which is easily mitigated through sensible shift management and effective emergency triage.

Baby bathwater.","The primary role of medics is patient transport. If you can't do that, you're not in the top 10%",statement,heldout_batch2,18,0.0,0.1111111111111111,0.1111111111111111,0.05555555555555555,False,False,True,False,False,100,0.0,0.02,0.0,0.09,True,False,True,False,False
"Edit: This is an obvious hypocrisy. If we ever want to move forward we can't make it right to discriminate against heterosexuals just because there was discrimination against homosexuals for ""literally millennia"".","It's not discrimination *against heterosexuals,* its discrimination *for homosexuals*. Minor difference, but I think worth noting.",disagree,heldout_batch2,16,0.0625,0.0625,0.0625,0.1875,False,False,True,True,False,32,0.0,0.03125,0.03125,0.0625,True,False,True,False,False
"He obviously isn't including civilian, or even South Korean military, casualties. It is of course obvious that the United States will overwhelming win a war against North Korea. The US would overwhelmingly win a war against *any* conventional adversary with the exception of a few large countries (China, Russia, etc). However, we may pay for that victory with US military deaths in the thousands, costs in the billions, and losses to South Korea civilians/military in the hundreds of thousands.",I like how you put costs in the billions before South Korean casualties,disagree,heldout_batch2,13,0.0,0.0,0.0,0.23076923076923078,False,False,False,False,False,80,0.0125,0.0125,0.0125,0.15,True,False,True,True,False
"They weren't dead. Both of those examples, Robin eventually came back and revealed that he wasn't dead all along, and Gwen Stacy came back as well. They *die* in that they're shown to be a corpse, but it's not effectively death as we know it, where they're not coming back in any meaningful form.",I bet I can find at least one example of someone dying,disagree,heldout_batch2,12,0.0,0.0,0.0,0.0,False,False,False,False,False,54,0.018518518518518517,0.07407407407407407,0.09259259259259259,0.018518518518518517,True,False,True,True,False
So why are they different from hit and run victims? Or attempted murder victims? Or kidnapping victims? All of whom we would think it strange if they decided to not press charges.,"They're not, really.",statement,heldout_batch2,3,0.0,0.3333333333333333,0.3333333333333333,0.0,False,True,True,False,False,32,0.0,0.03125,0.0,0.1875,True,False,True,False,False
"A Lot of millionares and billionares  donate massive sums of money to charity.
[Here's a list of the 5 most generous people, notice how much they collectively gave](http://www.forbes.com/pictures/efkk45gdij/the-5-most-generous-people-in-america/)
Do they ""need"" the billions they have? No, but that doesn't mean that having extra money cant be used in extra ventures, many of them charitable.

Another example: Andrew Carnegie. He built over 2500 libraries in the US during his lifetime.
The guy wasn't perfect, but it's undeniable that he spent hundreds of millions of dollars on philanthropy.
Should the huge amounts of good that wealthy individuals create with their surplus earnings be diminished as a result?",I think a society in which charity is a necessity has failed the poor.,statement,heldout_batch2,14,0.0,0.0,0.0,0.14285714285714285,False,False,False,False,False,116,0.017241379310344827,0.034482758620689655,0.034482758620689655,0.16379310344827586,True,False,True,True,True
"So.

Am I in a cult now.",[Yes.](http://buttcoin.org/the-cargo-cult-of-bitcoin),agree,heldout_batch2,9,0.0,0.0,0.0,0.4444444444444444,False,False,False,False,False,7,0.0,0.0,0.0,0.0,False,False,False,False,False
They didn't include a TL;DR by any chance?,TL;DR not worth going to trial.,statement,heldout_batch2,7,0.0,0.14285714285714285,0.0,0.0,False,False,True,False,False,9,0.0,0.1111111111111111,0.1111111111111111,0.0,False,False,True,False,True
"Then your problem is with the laws themselves, not with the judicial system which is responsible for interpreting them and enforcing them.","Hmm. That's a good point. However, I believe judgement should reflect both evidence and content of character, which current judges do not seem to be able to currently do well.",agree,heldout_batch2,30,0.03333333333333333,0.03333333333333333,0.03333333333333333,0.06666666666666667,True,False,True,True,False,22,0.0,0.045454545454545456,0.0,0.13636363636363635,False,False,True,False,False
"On a personal note, that book really changed my outlook on life and while I don't wish suffering for anyone, I see that good can come from it.",Of course. It's the paradox of opposites. You can't have good without bad etc. No conception of one without the opposite.,statement,heldout_batch2,21,0.0,0.09523809523809523,0.09523809523809523,0.09523809523809523,False,False,True,False,False,28,0.0,0.03571428571428571,0.03571428571428571,0.03571428571428571,False,False,True,False,False
"I used to enjoy subs like /r/preppers, /r/collapse, etc.  As well as TV shows like Doomsday Preppers.  But after awhile, all this talk of the ""collapse"" of civilization *as we know it* seems to be fruitless.  

Now... I don't buy into the irrational theories like alien invasions, or the zombie apocalypse, but the following seem rational:

* Pandemic 
* Economic collapse
* Revolt and civil unrest
* Peak oil
* World War / Nuclear War

All of these can be interrelated and cause a ""collapse"", but even then, I don't think it will happen, not in my lifetime.  In fact, *prepping* for this stuff is just wasteful... buying 3 years supply of crap food, tons of guns and ammo, etc.  Sure, having enough stuff on hand for 2 weeks is smart, and everyone should do that.  But any more than that is just wasteful.

I also believe the government(s) of the world are too well-prepared and have all the needed tools to avoid any sort of collapse.  Pandemics can be quarantined easily thanks to the spread and availability of information.  Economic collapses can be overcome by printing more money and stimulating the economy (because apparently inflation doesn't happen anymore and government debt doesn't mean anything... especially for the USA).  Revolt and civil unrest won't last long because police forces have so many guns and soldiers (especially in the US).  Peak oil is a supply/demand problem.  Nuclear or World War is simply stupid and no nation would willingly enter one.

The ""collapse"" people always predict is coming will never come.  It didn't happen in Y2K, we never nuked each other in the Cold War, and even the 2008 economic downturn seems like a road bump in retrospect.  

CMV.",Follow the cycles. [Hopefully this helps.](http://www.youtube.com/watch?v=ShdmErv5jvs),statement,heldout_batch2,14,0.0,0.0,0.0,0.5,False,False,False,False,False,284,0.014084507042253521,0.035211267605633804,0.02112676056338028,0.09154929577464789,True,False,True,True,False
"Its not about being superior.  Its about mastering the chopstick.  Master the chopstick, master life itself.",Let's play chopstick-fingers-knife.,statement,heldout_batch2,5,0.0,0.0,0.2,0.2,False,True,False,False,False,16,0.0,0.0625,0.0,0.0625,False,False,True,False,False
The US is the *greatest* place to live.  Everywhere else is constantly being bombed by the US.,"When was the last time the USA bombed Australia, the UK, or Scandinavia?",question,heldout_batch2,13,0.0,0.0,0.0,0.0,False,False,False,False,True,17,0.0,0.0,0.0,0.058823529411764705,False,False,False,False,False
"Long vs. short system

https://www.youtube.com/watch?v=C-52AI_ojyQ&amp;ab_channel=Numberphile","Ah nice, thanks",agree,heldout_batch2,3,0.0,0.0,0.0,0.0,False,True,False,False,False,17,0.0,0.0,0.0,0.35294117647058826,False,False,False,False,False
"I'm definitely on the older end of the gamer spectrum, and have pretty much experienced the entire history of video games first hand.  Back in the day, a lot of the better RPGs were turn-based, requiring some strategy but little in terms of reaction time.

I just finished playing Dragon Age: Inquisition.  I started it on ""Normal"" but downshifted into ""Casual"" fairly early into it.  I've done the same thing with Mass Effect, Skyrim and others.

I love the stories, but I find the battles tedious.  Now, I know I could go into turn-based mode on many of these, and get through most of the battles most of the time, but it just feels like work and not worth it.  Boss battles seem particularly painful - spending forever endlessly whacking the boss, who then hide so you fight the minions, for the chance to whack the boss again.  Lather, rinse, repeat.

But, still, there's a shame of wussing out.  REAL gamers don't use easy mode (or even ""normal"").  I didn't have to back in my day (of course, back then I had a hell of a lot more time to game).  

It's not like there's anyone who shames me, I do it to myself.  So, any excuses would be appreciated.
_____

&gt; *Hello, users of CMV! This is a footnote from your moderators. We'd just like to remind you of a couple of things. Firstly, please remember to* ***[read through our rules](http://www.reddit.com/r/changemyview/wiki/rules)***. *If you see a comment that has broken one, it is more effective to report it than downvote it. Speaking of which,* ***[downvotes don't change views](http://www.reddit.com/r/changemyview/wiki/guidelines#wiki_upvoting.2Fdownvoting)****! If you are thinking about submitting a CMV yourself, please have a look through our* ***[popular topics wiki](http://www.reddit.com/r/changemyview/wiki/populartopics)*** *first. Any questions or concerns? Feel free to* ***[message us](http://www.reddit.com/message/compose?to=/r/changemyview)***. *Happy CMVing!*",My first playtnrough is for the story.  Later playthroughs are for the challenge.,statement,heldout_batch2,13,0.0,0.0,0.0,0.15384615384615385,False,False,False,False,False,334,0.017964071856287425,0.014970059880239521,0.02694610778443114,0.17964071856287425,True,False,True,True,False
I should have used the term civil disobedience.,What if those soldiers were to shoot you on sight?,question,heldout_batch2,10,0.0,0.0,0.0,0.1,False,False,False,False,True,8,0.0,0.0,0.0,0.0,False,False,False,False,False
"Part of it was that I didn't love the music that was playing. Come to think of it, when a song came on that I loved, I kind of had to get up and dance, so there's that...

I was with a lot of really fun people I liked, but I couldn't talk to them AT ALL (so so so much noise). I like talking.

I also wasn't drunk. Which lends credence to your point.","Are you a fan of electronic music at all? Rather, would do you like?",question,heldout_batch2,14,0.0,0.0,0.0,0.0,False,False,False,False,True,75,0.013333333333333334,0.04,0.05333333333333334,0.05333333333333334,True,False,True,True,False
"The only point that comes to mind that you haven't mentioned would be that most rape victims aren't young, attractive women in skimpy clothing. 

Of course sexual desire is a part of rape...however, the sexual desire stems from a desire to demean and control. Raping a 70 year old woman is not caused by her clothing, or lack thereof. Although the pornography industry might argue, most female rape victims are average women in average clothes leading average lives.  Statistically, some rape victims will wear short skirts, but this is no more a relevant point than some rape victims having brown eyes.",I thought most rape victims are from date-rape? IE: Being drugged or coerced.,statement,heldout_batch2,14,0.0,0.0,0.0,0.21428571428571427,False,False,False,False,False,101,0.0297029702970297,0.039603960396039604,0.019801980198019802,0.12871287128712872,True,False,True,True,False
"You're describing the incredible boredom of immortality experienced as a more or less human being. However, God being omnipotent and all, I'm sure that he has found a way to suppress the notion of boredom, the experience of time in the way we experience it on Earth, and basically anything else which could be unpleasant.

The key concept is that God is omnipotent and therefore able to undo anything bad that ""eternity in heaven"" may bring.",So you're not yourself any more because you can't exist without those things. Suffering etc helps define one.,disagree,heldout_batch2,18,0.0,0.1111111111111111,0.1111111111111111,0.16666666666666666,False,False,True,False,False,76,0.013157894736842105,0.0,0.02631578947368421,0.02631578947368421,True,False,False,True,False
"&gt; Short of things being free, which IMO is preposterous

Its called post-scarcity. If you have a Star Trek grade fabricator, that doesn't wear out or deplete scarce resources to use, that can make anything, is it reasonable to charge to use it? 3d printing has an inevitable end goal of achieving just that.

Or more practically - is it ethical for an individual to own a machine that will produce all the goods and services a person needs or wants, to perpetually make money off of said machine in return for the one time finite investment it cost them to procure it in the first place?

We should already be asking some of those questions in regards to the things we are already 3d printing. Or when we start 3d printing goods out of compost and refuse. Or when you start 3d printing 3d printers.

Or just in even more general terms, avoid the printers, if you order a table and the table is harvested by robots, processed by robots, assembled by robots, packaged by robots, shipped to you by robots, and never saw or came into contact with a human being, what is the cost of labor in producing that table?

Its only the cost of the robots - again, a finite singular cost for functionally infinite return.

You can of course just use a UBI to fix that, so you can keep the incentives of capitalism but also give everyone at least a basic standard of living.","You do know that robots cost money after you buy them, right? A large part of their cost is maintenance",disagree,heldout_batch2,20,0.0,0.0,0.0,0.05,False,False,False,False,False,249,0.004016064257028112,0.008032128514056224,0.004016064257028112,0.10441767068273092,True,False,True,True,False
Is there a state which allows late-term abortions? So say anything between 25-30 weeks?,"It's not a state, but Canada has no legal restrictions on abortion.",statement,heldout_batch2,12,0.08333333333333333,0.16666666666666666,0.08333333333333333,0.16666666666666666,False,False,True,True,False,14,0.0,0.0,0.0,0.21428571428571427,False,False,False,False,True
So if Hawking was born just a few decades before he actually was born then we would have to kill him because we would not have the technology to allow him to communicate?,Right.,agree,heldout_batch2,1,0.0,0.0,0.0,0.0,False,True,False,False,False,33,0.0,0.030303030303030304,0.0,0.030303030303030304,True,False,True,False,True
"First, I will be referring to American Football as ""football"" and the sport commonly referred to as football in many regions as ""soccer."" I don't do this to make a point, but just because I am in the USA, and that's how we generally refer to the sports here. Were I in the UK, I would definitely say ""American Football"" and ""Football.""

To give you some perspective, I am a football (NFL) fan, and in the past year I got much more into watching the games. I really enjoy watching football. When I was able to, I watched some of the World Cup games, and I did enjoy watching them, but the whole time I just wished I was watching football. Just to clarify, I really hope someone can change my mind because I really enjoy watching football and I would love to be able to enjoy watching soccer as well! I feel like there's more of a global following for soccer, and that might have some fun implications.

That said, I'll get into it:

**Things that bug me about watching soccer:**

* In football, people often slam into each other at full speed. In soccer, it seems to me that any accidental unavoidable contact results in a penalty. The penalty at the end of the Netherlands - Mexico game basically completely decided the game, and as I recall, it didn't seem (at least to me) that it was intentional. As I recall, it was almost unavoidable, but it decided the entire game! One guy was trying to kick the ball, another guy was near him, and their legs touched, and that's the game! It was so unsatisfying.

* If penalties aren't being called on the players, it seems to me like the players are *constantly, desperately* trying to get the refs to call penalties. **It seems like every time two people come within a couple of inches of each other, one of them intentionally falls down, looks at the ref angrily, sometimes pretends to hold their leg in pain, and in the case where a penalty isn't called, gets up and continues playing as if nothing happened (in other words, they were obviously faking an injury).**

* You can watch a game go on for 60 minutes and have nothing happen at all, then sneeze, and miss a goal. At least in football, you know when a play is going to start, so you know when you have to pay rapt attention. In soccer, it seems like you have to stare at the screen for 45 minutes straight for fear of missing a goal. 

* The penalty shootout feels like a cop-out. I know it isn't realistic to just keep playing for forever, but I was really rooting for Chile, and I was really bummed at how they got knocked out.

**Things that I like about watching soccer**

* Fewer commercial breaks. I really do appreciate this, although it goes hand in hand with #3 above.

* Global community. In football, the ""Philadelphia"" Eagles is just as likely to have someone from Texas or Alabama or Oklahoma as Philadelphia. In soccer, I really enjoyed watching the players get tearful as they sang their National Anthems. So awesome!

* Although I do think the penalty shootouts are a bit of a cop-out, while watching Chile and Brazil's shootout (as well as Costa Rica and Greece) I was definitely enjoying myself, and on the edge of my seat. On one hand, it is sort of a cop-out, but on the other hand, it is similar to a game being won by a field goal at the end of a football game.

**Things I like about football which are absent in soccer**

* I feel like football has more structure. There's more room for strategy, there is more variability between the positions, and there's a variety of different plays (screen pass, ground attack, long bomb, short pass, play action, etc). It may be that soccer has similar strategy and I just don't know about it. Further, football seems to have better time management. There's time outs, 4 quarters, time stops on a missed pass or an injury, as opposed to soccer, where time never stops, and the refs just add some random amount of time to the clock when the half is over.

* There's more variety. Like I said, different plays, different skill sets for different players, touchdowns, field goals, passing, running, punting, etc. In soccer, there's only a 'goal,' which brings me to my next point:

* There's so much action! In football, an interception or a completed pass is exciting. In soccer, both of those things seem to happen every 5 - 10 seconds. In football, a game where one team scored once (or zero times) and the other team scored two or less times, would be a pretty boring game. In soccer, 1-0, 1-1, 2-0, and 2-1 seem to be pretty common scores.

So, please, CMV! I would really love to get more into soccer, because I really enjoyed getting into football this last season. I've already got my hierarchy of teams I want to win planned out (GO USA! Then Costa Rica! Then Germany! Then Belgium! Then Netherlands!)

E: Thanks to everyone for commenting! At this point, all but one of my views have been changed, and I've bolded that above. 

The general take away from this, as far as I can tell is (A) I need to learn more of the rules of soccer, (B) I need to stop trying to watch soccer as if it's football, and instead watch it like it's soccer.

Thanks again!

_____

&gt; *Hello, users of CMV! This is a footnote from your moderators. We'd just like to remind you of a couple of things. Firstly, please remember to* ***[read through our rules](http://www.reddit.com/r/changemyview/wiki/rules)***. *If you see a comment that has broken one, it is more effective to report it than downvote it. Speaking of which,* ***[downvotes don't change views](http://www.reddit.com/r/changemyview/wiki/guidelines#wiki_upvoting.2Fdownvoting)****! If you are thinking about submitting a CMV yourself, please have a look through our* ***[popular topics wiki](http://www.reddit.com/r/changemyview/wiki/populartopics)*** *first. Any questions or concerns? Feel free to* ***[message us](http://www.reddit.com/message/compose?to=/r/changemyview)***. *Happy CMVing!*",There's too much stopping and starting in American football. In soccer/football there is more continuous action.,disagree,heldout_batch2,17,0.0,0.0,0.058823529411764705,0.0,False,False,False,False,False,1045,0.007655502392344498,0.009569377990430622,0.02200956937799043,0.10813397129186603,True,False,True,True,False
Not in the bathrooms where they get changed,Well that's in one small area.,statement,heldout_batch2,6,0.0,0.0,0.16666666666666666,0.0,False,False,False,False,False,8,0.0,0.125,0.0,0.25,False,False,True,False,False
"If this point dodges the argument you were initially trying to make, why give it a delta?",It doesn't dodge it; he presented another target of petitions I'd forgotten about.,disagree,heldout_batch2,13,0.0,0.07692307692307693,0.15384615384615385,0.15384615384615385,False,False,True,False,False,17,0.0,0.0,0.0,0.058823529411764705,False,False,False,False,True
"Social standing is important, however, the system of showing based on social standing makes it so that a popular opinion is reinforced, and an unpopular opinion, however good the argument might be, is not.",Have you seen the Youtube comment system? Where downvotes do nothing and only upvotes work? It's fucking useless.,disagree,heldout_batch2,18,0.0,0.05555555555555555,0.05555555555555555,0.16666666666666666,False,False,True,False,False,34,0.058823529411764705,0.029411764705882353,0.0,0.058823529411764705,True,False,True,True,False
"If you can just ""should"" the news media out of doing the thing they want to do which makes them money, why not just say ""People shouldn't shoot up schools"" that works just as well.","If enough people complain, things get should-ed. Gays should-ed their way into marrige.",disagree,heldout_batch2,15,0.0,0.0,0.0,0.13333333333333333,False,False,False,False,False,35,0.0,0.05714285714285714,0.02857142857142857,0.05714285714285714,True,False,True,False,False
"Hello,

basically the question above says everything. I don`t like giving people on the streets money, or well, I don't do it at all.

If i want to donate money to help homeless people, I give it to local institutes which are feeding homeless or giving them clothes, because I feel theres no chance the money flows in alcohol or drugs.

Every homeless person can get help in such institutions, and I don't accept people who refuse to go there because they feel too proud for that. Either you need help or you don't, people.

EDIT: Sorry for not being able to answer that quick. I will go through every comment when I'm home today.","http://www.ted.com/talks/joy_sun_should_you_donate_differently?language=en

This offers a good perspective.",statement,heldout_batch2,18,0.0,0.0,0.0,0.2777777777777778,False,False,False,False,False,116,0.0,0.04310344827586207,0.034482758620689655,0.05172413793103448,True,False,True,False,False
"I posted some stats from my state's child protective services report. One statistic they track is re-occurrence of maltreatment.  They show less than 3 percent of cases of maltreatment have a subsequent event after CPS intervenes over a 6 month period, and less than 5 percent have a subsequent event over a 12 month period. 

Has it occurred that what you see as ""doing nothing"" may in fact be doing something? Many parents simply need some education or resources and CPS provides those things. Some just need to be reminded that someone is watching, and they change. 

You are judging them by way of anecdotes. Go look at your state's report. My state includes measures against national averages. I'm willing to bet your state does as well. Go look at the data for what they do, and then argue that they are ineffective from a statistical basis. 

To my mind, an annual 5% recurrence rate after intervention is good evidence that they are anything but useless.",Reoccurrence has to be detected to be tracked.,disagree,heldout_batch2,8,0.0,0.0,0.0,0.25,False,False,False,False,False,162,0.006172839506172839,0.006172839506172839,0.018518518518518517,0.09259259259259259,True,False,True,True,False
Are you a trucker?,Yep.,statement,heldout_batch2,1,0.0,0.0,0.0,0.0,False,True,False,False,False,4,0.0,0.0,0.0,0.0,False,True,False,False,True
"&gt; I don't really mind medium or medium well steaks, but my guess is when a steak is raw it is ""itself"" in the purest sense, and cooking transforms it from that into the ""lowest common denominator"".

But couldn't we say that about virtually any food, and hence dismiss cooking as means to bringing out the best in a food?",Not all food can be eaten partially raw.,disagree,heldout_batch2,8,0.0,0.125,0.0,0.0,False,False,True,False,False,60,0.03333333333333333,0.03333333333333333,0.03333333333333333,0.1,True,False,True,True,True
"ooo ooo 
South Dakota: a 16 year old and a 21 year old can give one another consent, but when older turns 22 if younger isn't 17 yet older can can get charged. But 17 can give consent up to a 24 year old.

Am I supposed to keep a cheat sheet in my wallet to pull out when I ask her for ID??

ninj-edit, cheat sheet",In South Dakota is one of the 31 states that 16 is the age of consent period. They can have sex with anyone older with no charges.,statement,heldout_batch2,25,0.0,0.04,0.0,0.08,False,False,True,False,False,62,0.04838709677419355,0.016129032258064516,0.016129032258064516,0.06451612903225806,True,False,True,True,False
"if Scientology survived 1300 years then it wouldn't seem that crazy.

I mean consider that historically leaving Islam was (and still is in some parts) a death sentence , isn't that different to their disconnection policy, the space opera is as crazy as the Buraq tale (the flying horse) or the transparent virgins in Muslim heaven.

The idea of engrams messing with humanity is no more silly than the idea of the holy spirit or the Devil influencing humanity.  The idea of Jesus resurrecting is as daft as the idea of clear souls etc. 

Confession is when you give your secrets (""sins"") to a priest to be forgiven, add some rudimentary galvanic skin response stuff and wham you have auditing 

Practices like Disconnection displayed by groups like Jehovah's Witnesses is very similar to the Scientology practice of it. The Sea Org isn't a world away from Mormon Missionary work

Then you have the founders, both LRon and Joesph Smith were conmen, the first pope wanted Christianity as a power tool same goes for Muhammed 

If Scientology survives for 1300 years I bet it would be seen the same as mainstream religion today
_____

&gt; *Hello, users of CMV! This is a footnote from your moderators. We'd just like to remind you of a couple of things. Firstly, please remember to* ***[read through our rules](http://www.reddit.com/r/changemyview/wiki/rules)***. *If you see a comment that has broken one, it is more effective to report it than downvote it. Speaking of which,* ***[downvotes don't change views](http://www.reddit.com/r/changemyview/wiki/guidelines#wiki_upvoting.2Fdownvoting)****! If you are thinking about submitting a CMV yourself, please have a look through our* ***[popular topics wiki](http://www.reddit.com/r/changemyview/wiki/populartopics)*** *first. Any questions or concerns? Feel free to* ***[message us](http://www.reddit.com/message/compose?to=/r/changemyview)***. *Happy CMVing!*","Is your only argument that Scientology's beliefs are only as absurd as some other religions, or that the church of scientology is as legitimate as other faiths?",question,heldout_batch2,27,0.0,0.0,0.037037037037037035,0.14814814814814814,False,False,False,False,True,312,0.003205128205128205,0.016025641025641024,0.019230769230769232,0.1955128205128205,True,False,True,True,False
"I don't care how highly you estimate these freedoms. If you admit they exist, your original statement must be modified. We certainly 'possess' them, and many certainly 'exercise' them.","∆

my question as it was worded was answered by his examples of gun ownership and hate speech which aren't present in the mentioned countries",agree,heldout_batch2,24,0.0,0.041666666666666664,0.041666666666666664,0.16666666666666666,False,False,True,False,False,29,0.0,0.034482758620689655,0.034482758620689655,0.06896551724137931,False,False,True,False,False
"The University and Student columns refer to subsidies the departments receive from their parent universities and their student fees, not revenue the programs generate. Many departments require these to remain ""profitable."" Not that it's the fault of football, but most athletic departments operate at a loss.","When you're right, you're right. Good catch.",agree,heldout_batch2,7,0.0,0.0,0.2857142857142857,0.0,False,False,False,False,False,46,0.021739130434782608,0.043478260869565216,0.021739130434782608,0.17391304347826086,True,False,True,True,False
"I'm not alone! This argument has always confused for years. Other dudes talk about their pissing like they are trying to control a high pressure water hose whipping itself around the room. You would think if anything, guys would prefer peeing this way both in the aspect that they don't have to change the seat configuration and it helps practice with aiming, on top of not having the stupid generations long argument. Everybody wins.","&gt; like they are trying to control a high pressure water hose whipping itself around the room

Love it.",statement,heldout_batch2,19,0.0,0.0,0.0,0.0,False,False,False,False,False,74,0.0,0.04054054054054054,0.02702702702702703,0.13513513513513514,True,False,True,False,False
"No, more likely just laissez-faire capitalism. Specifically, it explicitly doesn't have any built-in support for altruism, and relies entirely on market forces to end up serving *other people*, without any regulation other than consumers choosing carefully (which honestly doesn't happen too much).","Surely government intervention in the economy relies upon these ""idiots"" in drafting legislation as well",disagree,heldout_batch2,15,0.0,0.0,0.0,0.13333333333333333,False,False,False,False,False,44,0.0,0.06818181818181818,0.045454545454545456,0.11363636363636363,True,False,True,False,False
"&gt; I may have my history wrong

I'm afraid that that is, in fact, the case.  For time immemorial, that particular chunk of land [has been claimed over and over again by those who murdered the previous owners](http://vimeo.com/50531435).  The only difference in the past century or so, when the British claimed the land, they didn't commit genocide, but instead simply claimed them for their empire.  Then, after WWII, they decided that they were going to give the land that *they owned* to Israel.

The existence of Israel is not dependent on any book, but on the fact that the British *owned the land they gave to Israelis.*  Did the British give the displaced Jews a chunk of their land based on that book?  Sure.  Does that change the fact that the British gave the Israelis *British* land?  Not a bit.


Honestly, we wouldn't be talking about this at all if it weren't for the fact that Britain *and Israel* both made the morally right, but incredibly impractical decision to *not* commit genocide.

Britain didn't commit genocide of the people who were there.  The Israelis have not committed genocide of the other people who are there.  Despite these facts (and partially because of them) for the past generation or so, every^1 other nation/people in the region has had an *explicit* declaration of their intent to commit genocide.  Not ""Genocide unless certain criteria are met,"" flat out ""we want you to all die, extermination of a people"" genocide.  No peace can *ever* be had with people who have *explicitly and consistently advocated genocide against you.*  If the Brits had done what every other nation had done when they conquered the area, and exterminated the previous residents we wouldn't be having this discussion.  If the Israelis had done what everyone prior to the Brits had done, we wouldn't be having this discussion.  They didn't though, because these are people who understand what it's like to be at the other end of an attempted ""extermination.""

At this point, [there is no good guy here.](http://d3dsacqprgcsqh.cloudfront.net/photo/ay5y4M8_460s_v1.jpg)  That said pointing at one side who has had the means, motive, and opportunity to commit genocide *yet didn't* and saying *they* are the bad guys is irrational.


---
1.  The only exceptions to this were Egypt and Jordan.  Egypt, because they got their asses kicked twice, and their major cash cow (the Suez Canal) taken out of their full control, along with oil rich lands.  Israel return that land in exchange for peace.  There has been peace with Israel since.  
Jordan gave up on their genocidal intent because the King of Jordan decided that peace was better for his people than war.  They, too, have had peace with Israel ever since.","Palestine was not a British owned land, 
it was a League of Nations Class A Mandate managed by Britain.",disagree,heldout_batch2,19,0.0,0.05263157894736842,0.0,0.10526315789473684,False,False,True,False,False,466,0.01072961373390558,0.032188841201716736,0.02145922746781116,0.07296137339055794,True,False,True,True,False
"&gt; Because working in a sweatshop has more value.

Not for the worker.","Indeed for the worker.

If other jobs had more value, the worker would take them instead and the sweatshop would be forced to close down.",disagree,heldout_batch2,25,0.0,0.0,0.0,0.04,False,False,False,False,False,13,0.0,0.07692307692307693,0.0,0.07692307692307693,False,False,True,False,False
"Thanks. I'll read it and get back to you as soon as I get home from work tonight.

Re: kids, if I had them, I wouldn't give them raw milk in the same way that I wouldn't let them have raw hamburger or ride motorcycles. I'm not sure what age I *would* let them start trying these things, and I'm sure different parents have different rules about this stuff, so I'll leave it there.",Would you at least agree that providing raw milk to minors should carry the same penalty as alcohol?,question,heldout_batch2,18,0.0,0.0,0.0,0.05555555555555555,False,False,False,False,True,74,0.0,0.04054054054054054,0.08108108108108109,0.05405405405405406,True,False,True,False,False
"&gt; I know several of you will try and claim that that was the work of a single crazy, and that she didn't represent all of you; which I will try to accept.

Try to? I mean, obviously Rodger didn't represent every male, so why would any one woman represent an entire gender any more than he did?","&amp;#8710; - You made a valid point, about the fact that I should not generalise.",agree,heldout_batch2,14,0.0,0.07142857142857142,0.0,0.14285714285714285,False,False,True,False,False,58,0.0,0.034482758620689655,0.034482758620689655,0.0,True,False,True,False,True
"He's an asshole, not a sexist.",por que no los dos?,question,heldout_batch2,5,0.0,0.2,0.0,0.6,False,True,True,False,True,6,0.0,0.16666666666666666,0.16666666666666666,0.3333333333333333,False,False,True,False,False
"&gt; Dude, it's not hard to eat correctly. It's really, really not. People make it out to be difficult so they can feel better about failing. 

And it's not hard for me to avoid gambling, or bourbon, or heroin -- but it's very hard for *some* people to manage *one* of those things.\

Chalking that up to a lack of willpower is a cop-out.  It's the exact opposite of being about accountability -- it's waving your hands and saying nothing can be done.","I'm not saying nothing can be done. Are you even fucking reading? 

People need to not do stupid things and expect others to save them.",disagree,heldout_batch2,25,0.0,0.12,0.04,0.12,False,False,True,False,False,82,0.012195121951219513,0.04878048780487805,0.07317073170731707,0.036585365853658534,True,False,True,True,False
"It was highly publicized, to start with. And it related specifically to gun control, which is an issue that would be on his radar. It would have been curious if he didn't comment on it, considering how much publicity it generated. It would be like if the president had not commented on the Newtown shootings, or the Colorado Theater shootings.","Yes, but from all evidence, Zimmerman was attacked first. That's far different from an act if terrorism.",disagree,heldout_batch2,17,0.058823529411764705,0.0,0.058823529411764705,0.058823529411764705,False,False,False,True,False,60,0.0,0.03333333333333333,0.016666666666666666,0.08333333333333333,True,False,True,False,False
"Over here in England I read an article that suggested that the US was facing a crop shortage of hops, due mainly to the growth of craft beers. Is this likely? Will it lead to less hoppy American brews in future?",I have no idea :/,statement,heldout_batch2,4,0.0,0.25,0.0,0.0,False,True,True,False,False,41,0.0,0.0,0.0,0.0975609756097561,True,False,False,False,True
"Well, if you think that rap music is an accurate representation of the culture of poverty, then you also have to accept that:

1. Rap music is also popular with the upper and middle classes--it IS mainstream
2. Other popular genres of music have similar themes

For example, mainstream music's celebration of drug use is so common it is a cliche (sex, drugs, and rock and roll) as evidenced by classics like the songs Sister Morphine, Cocaine, Heroin, Comfortably Numb, and Rehab. Lots of country songs (by Johnny Cash, Dixie Chicks, Blake Shelton, et al) talk about killing. And for the adult contemporary demographic, Barry Manilow's most famous song is about murder and stars an alcoholic stripper.",That's a really good point.,agree,heldout_batch2,5,0.0,0.0,0.2,0.0,False,True,False,False,False,116,0.0,0.0,0.017241379310344827,0.08620689655172414,True,False,False,False,False
"I mean it happens in shelters all the time, and sometimes without the former owners even knowing.",That's very true.,agree,heldout_batch2,3,0.0,0.0,0.3333333333333333,0.0,False,True,False,False,False,17,0.0,0.0,0.0,0.17647058823529413,False,False,False,False,False
"Ok, true, the climate will return to today's levels, but not for a long, long time. Civilization will be gone by then.",Those are some pretty big leaps your taking there...,disagree,heldout_batch2,9,0.0,0.0,0.0,0.1111111111111111,False,False,False,False,False,22,0.045454545454545456,0.045454545454545456,0.045454545454545456,0.045454545454545456,False,False,True,True,False
Awww man Id love to see a 400 pound man that was playing up front for Barca.,"Im trying man, im trying...",statement,heldout_batch2,5,0.0,0.0,0.0,0.0,False,True,False,False,False,16,0.0,0.0,0.0,0.0625,False,False,False,False,False
"The best way I heard someone put this was: ""So you think women have it better just because you want to fuck them?""

Most of your points boil down to ""women are sexually desirable to men, therefore women have it better."" And if you think about it, this is only really an issue in a context where men happen to have the majority of the power. Women are generally attracted to men, too. Why is the converse not true? If you're an attractive man, don't you have just as much power over women? And what about unattractive women? Do you think between a man and a woman of equal physical attractiveness, the woman has more opportunities and faces less discrimination?

Men today typically get paid more; occupy more positions of power; are catered to by default in society. In just about every measure that matters I can think of, men do better than women (I guess women have it slightly better when it comes to LGBT issues, but that's the only one I can think of off the top of my head). Women aren't seen as ""sexually desirable"" because society values women more than men; women are seen as sexually desirable because straight men have most of the power, and straight men desire women, and therefore women are seen more sexually because that's what straight men want. That's where the idea of objectification comes from. 

The best counterexample to this is, as I mentioned, an ugly woman. How many ugly women do you see in media? How are they depicted? Are they ""valued"" in the same way you think attractive women are valued? How do you treat a lack of physical attractiveness in a woman as opposed to a man?",There is the whole issue of the law being incredibly female favoured. However you make valid points. Nice write-up,agree,heldout_batch2,20,0.05,0.0,0.0,0.1,False,False,False,True,False,290,0.0034482758620689655,0.010344827586206896,0.020689655172413793,0.1,True,False,True,True,True
"There's no reason for you to drink if you don't want to. However, you *should* participate in it's associated culture, even if sober. These events are chances to get to know your potential future friends/study partners/advice givers as well as your future coworkers/bosses/clients. If you continue to decline invites, you will eventually stop being invited.

If you continue avoiding alcohol after joining the work force, you'll be avoiding work events like wine tastings, work parties, and pub nights. In that manner, you'll miss out on schmoozing and socializing opportunities that are important to moving up the ladder in your career.",I'm afraid the invites have already stopped coming at university. Now I'm sort of stuck in a catch 22.,statement,heldout_batch2,18,0.0,0.0,0.1111111111111111,0.05555555555555555,False,False,False,False,False,104,0.009615384615384616,0.019230769230769232,0.04807692307692308,0.17307692307692307,True,False,True,True,False
"&gt; Edit: just got a message about rule E. Shit, I'm on aussie time and going to sleep, waking up to respond. We'll see if I get deleted.

That's an automated message, but yes, we would like you to post at a time when you're able to respond. Would it be better if you reposted in the morning?","Nah, fuck it. I'll stay up another hour or two and fill in the rest in the morning.",statement,heldout_batch2,18,0.0,0.0,0.05555555555555555,0.05555555555555555,False,False,False,False,False,58,0.017241379310344827,0.0,0.06896551724137931,0.05172413793103448,True,False,False,True,True
"Sikhs are allowed to carry a false knife, just a scabbard-and-handle-shaped object, in places where they cannot carry an actual blade.","Oh, cool! Did not know that.",statement,heldout_batch2,6,0.0,0.16666666666666666,0.0,0.0,False,False,True,False,False,24,0.0,0.041666666666666664,0.0,0.08333333333333333,False,False,True,False,False
"&gt; So they're like Democrats and Republicans- all very, very flawed and even crazy... but necessary.

That's an interesting analogy.  So it's a case of having a minority of hateful people with loud voices?  Squeaky wheel gets the grease and all that.

Good post.","Lol... ""Necessary"".",disagree,heldout_batch2,2,0.0,0.0,0.0,0.0,False,True,False,False,False,44,0.022727272727272728,0.0,0.06818181818181818,0.06818181818181818,True,False,False,True,False
"A better method that is similar to correct horse is to use start using pass phrases, rather than passwords. It combines natural language, is probably even easier to remember since coherent, and due to more words, would be harder to crack with either method. 

For example, my passphrase to one of my accounts for another site is:

""I have the most dreadful opinion of myself for days on end""","Cool! You ever typed that password in front of a friend and had them be like ""What the fuck PatrickHeizer, why is your password so long?""",question,heldout_batch2,26,0.0,0.0,0.0,0.07692307692307693,False,False,False,False,False,69,0.0,0.0,0.0,0.10144927536231885,True,False,False,False,False
"Thanks for the detailed, well-thought out response. You make good points. I guess it is worth my time to try and help influence local policy. Even if my vote doesn't affect the election, I need to voice it.",Thanks! Happy voting!,statement,heldout_batch2,3,0.0,0.0,0.0,0.0,False,True,False,False,False,39,0.0,0.02564102564102564,0.02564102564102564,0.02564102564102564,True,False,True,False,False
"Heck, even in ""actual states"" due to the makeup of electoral college votes, my vote as a citizen of California is worth a lot less in terms of percent of an elector than the vote of somebody in Wyoming","And due to gerrymandering, my vote in North Carolina is basically worth nothing.",statement,heldout_batch2,13,0.0,0.07692307692307693,0.0,0.07692307692307693,False,False,True,False,False,39,0.0,0.0,0.0,0.10256410256410256,True,False,False,False,False
"You could illustrate why you think the analogy is poor. I'll start. Your analogy is poor because a woman does not invite a fetus into her body. To go back to Thomson's argument, if a woman opens her window to get some air, is that inviting burglars to come in? They were only able to get in because of an action the woman took.",that's tacit consent. With consensual sex you know the risks.,statement,heldout_batch2,10,0.0,0.0,0.1,0.1,False,False,False,False,False,64,0.0,0.015625,0.03125,0.03125,True,False,True,False,False
"Note that every single one of those except the last comes from Paul, not Jesus. Furthermore, the primary sin of Sodom and Gomorrah was attempted gang rape of strangers, not homosexuality per se.","So, maybe like Christians can exclude Paul's writings from the bible?

No? 

Why not?",question,heldout_batch2,14,0.0,0.14285714285714285,0.07142857142857142,0.07142857142857142,False,False,True,False,True,33,0.030303030303030304,0.06060606060606061,0.0,0.06060606060606061,True,False,True,True,False
"People who do not want children, but do want sex, are consenting to the **sex**, not to creating a life. 

Birth control can fail. They should not be on the hook for a child they did not sign up for.","I agree, a failure in birth control would not be consent to a baby.",agree,heldout_batch2,14,0.0,0.07142857142857142,0.0,0.0,False,False,True,False,False,40,0.025,0.1,0.0,0.05,True,False,True,True,False
"They absolutely are looking to legislate changes according to that definition.  Yes means yes laws for college campuses are just the start.  They aren't just looking to educate, that's naive to believe so.","I said ""most"" not ""all""",disagree,heldout_batch2,5,0.0,0.2,0.0,0.0,False,True,True,False,False,33,0.0,0.030303030303030304,0.06060606060606061,0.12121212121212122,True,False,True,False,False
"Honestly I'm still surprised that I found religion after being an atheist for most of my life beforehand. You just have to think about the message of the stories not the content of them, because at the end of the day its the message you should be thinking about not how ridiculous a man walking on water is. Imagine the interesting stories as the click bait of the bible; it gets people there. The message of love and acceptance is what the writers were truly going for. And for the love of all that is holy do not compare your interpretation of the lord and his message with any other interpretation. What works for you isn't what works for them. No body is wrong when it comes to the lord as long as they see his true message of love, equality, and inclusion. When they use it for hatred, to put people down, and to exclude people that's not religion; those people are stupid and you shouldn't put them as your example of a Christian or Jew or Muslim or whatever because they are the minority, the loud minority but the minority still.","You didn't find religion, you found spirituality.  Love and acceptance don't need religion, and I would argue that they work better without it most of the time.",disagree,heldout_batch2,27,0.0,0.07407407407407407,0.07407407407407407,0.0,False,False,True,False,False,193,0.015544041450777202,0.03626943005181347,0.02072538860103627,0.025906735751295335,True,False,True,True,False
If I could clarify something. What do you think typically makes women become anti-feminism? It strikes this poster as weird that women would be opposed to a movement that wants to support them.,"Feminism's double standards, poisoning of atheism and gaming, misandry, etc.",statement,heldout_batch2,10,0.0,0.0,0.1,0.2,False,False,False,False,False,34,0.0,0.0,0.0,0.14705882352941177,True,False,False,False,False
Maybe that one velociraptor he kills would be the one who survives the comet and goes on to start the bird lineage.,"Kind of tricky given that birds already existed at that time and were cousins of velociraptors, rather than being descended from them.",disagree,heldout_batch2,22,0.0,0.0,0.0,0.22727272727272727,False,False,False,False,False,22,0.0,0.0,0.0,0.13636363636363635,False,False,False,False,False
"&gt;You won't find many (if any) atheists calling the message of ""love everyone"" stupid

In a debate with some Christian, Hitchens said that his opponent could ""go love his own fucking enemies; I don't want him loving mine.""","Hitchens is an antitheist, *not* your average atheist.",disagree,heldout_batch2,8,0.0,0.125,0.0,0.0,False,False,True,False,False,39,0.0,0.05128205128205128,0.05128205128205128,0.07692307692307693,True,False,True,False,False
"Number 7. the word sexy. There is so such thing as sexy without Y. ""Hey babe. Check me out. I'm so sex."" doesn't really work.",OP addressed sexy already. That was really all I could think of tbh,statement,heldout_batch2,13,0.0,0.0,0.0,0.15384615384615385,False,False,False,False,False,24,0.0,0.041666666666666664,0.08333333333333333,0.0,False,False,True,False,False
But what happens when you stop paying taxes? It's not exactly a choice.,A lot of people ex-patriate away from a country because they no longer see a future in it.,statement,heldout_batch2,19,0.0,0.05263157894736842,0.0,0.05263157894736842,False,False,True,False,False,13,0.07692307692307693,0.07692307692307693,0.07692307692307693,0.15384615384615385,False,False,True,True,False
It's the most buddhist thing *I've* read all day. Namaste.,It's the most atheist thing *I've* read all day.,disagree,heldout_batch2,9,0.0,0.0,0.2222222222222222,0.0,False,False,False,False,False,10,0.0,0.0,0.2,0.0,False,False,False,False,False
"But legalizing ""painless killing of people for your convenience"" doesn't at all sound bad to you? Whatever the inconvenience is, that's wrong.

Plus as I said elsewhere, you can legally put your child up for adoption. So you can unburden yourself if you want to without killing your own offspring.",So essentially eugenics..,disagree,heldout_batch2,3,0.0,0.0,0.0,0.0,False,True,False,False,False,50,0.02,0.02,0.04,0.02,True,False,True,True,False
"So is the appropriate answer for women to never go to parties, lest someone grabs their boob?",You're not contributing to the discussion with your absurd over-simplifications.,disagree,heldout_batch2,11,0.0,0.09090909090909091,0.09090909090909091,0.18181818181818182,False,False,True,False,False,17,0.0,0.058823529411764705,0.0,0.17647058823529413,False,False,True,False,True
"Probably only because they could not function as men, and I doubt anyone thought eunuchs were female instead.","It's still not, in their eyes, an innate property. No dick = not a dude.",disagree,heldout_batch2,14,0.07142857142857142,0.21428571428571427,0.07142857142857142,0.07142857142857142,False,False,True,True,False,18,0.0,0.05555555555555555,0.0,0.05555555555555555,False,False,True,False,False
What purpose do you feel being an elitist serves? How do you feel it improves your life or the lives of others?,It doesn't have to serve a purpose for the view to exist. It's not something I set out to believe.,statement,heldout_batch2,20,0.0,0.1,0.1,0.0,False,False,True,False,False,22,0.0,0.0,0.0,0.22727272727272727,False,False,False,False,True
I was in school in the 90s and they never mentioned it. I only learnt there was controversy over the way of doing it thanks to the internet.,That should be the slogan for most controversies.,statement,heldout_batch2,8,0.0,0.0,0.0,0.125,False,False,False,False,False,28,0.0,0.03571428571428571,0.0,0.07142857142857142,False,False,True,False,False
"I'm definitely on the older end of the gamer spectrum, and have pretty much experienced the entire history of video games first hand.  Back in the day, a lot of the better RPGs were turn-based, requiring some strategy but little in terms of reaction time.

I just finished playing Dragon Age: Inquisition.  I started it on ""Normal"" but downshifted into ""Casual"" fairly early into it.  I've done the same thing with Mass Effect, Skyrim and others.

I love the stories, but I find the battles tedious.  Now, I know I could go into turn-based mode on many of these, and get through most of the battles most of the time, but it just feels like work and not worth it.  Boss battles seem particularly painful - spending forever endlessly whacking the boss, who then hide so you fight the minions, for the chance to whack the boss again.  Lather, rinse, repeat.

But, still, there's a shame of wussing out.  REAL gamers don't use easy mode (or even ""normal"").  I didn't have to back in my day (of course, back then I had a hell of a lot more time to game).  

It's not like there's anyone who shames me, I do it to myself.  So, any excuses would be appreciated.
_____

&gt; *Hello, users of CMV! This is a footnote from your moderators. We'd just like to remind you of a couple of things. Firstly, please remember to* ***[read through our rules](http://www.reddit.com/r/changemyview/wiki/rules)***. *If you see a comment that has broken one, it is more effective to report it than downvote it. Speaking of which,* ***[downvotes don't change views](http://www.reddit.com/r/changemyview/wiki/guidelines#wiki_upvoting.2Fdownvoting)****! If you are thinking about submitting a CMV yourself, please have a look through our* ***[popular topics wiki](http://www.reddit.com/r/changemyview/wiki/populartopics)*** *first. Any questions or concerns? Feel free to* ***[message us](http://www.reddit.com/message/compose?to=/r/changemyview)***. *Happy CMVing!*","Do you feel like you're ""wussing out"" if you level-grind to make the game easier?  It's pretty much the exact same thing, just without the time sink.",question,heldout_batch2,28,0.0,0.0,0.07142857142857142,0.03571428571428571,False,False,False,False,False,334,0.017964071856287425,0.014970059880239521,0.02694610778443114,0.17964071856287425,True,False,True,True,False
"It seems that a lot of the problems America faces could be solved by dividing into a number of separate smaller countries, each with their own governing system.

It seems that America needs to become...Europe?","Yes, because Europe is so much better off",disagree,heldout_batch2,8,0.0,0.0,0.0,0.0,False,False,False,False,False,36,0.0,0.0,0.0,0.16666666666666666,True,False,False,False,True
Why is a 'conscious effort' required?,It's not; I was wrong. I edited my post.,agree,heldout_batch2,9,0.0,0.1111111111111111,0.1111111111111111,0.1111111111111111,False,False,True,False,False,6,0.0,0.0,0.0,0.16666666666666666,False,False,False,False,True
"Did you mean to say evolution instead of creation?

Either way, I'd suggest you look into some Intelligent Design curriculums. ID is a pretty simple idea that can be ""taught"" in about thirty seconds, so most curriculums devote the vast majority of their time to discrediting, denying, and twisting the theory of evolution.  It's anti-learning.","Yes. Yes I did. Sorry about that, editting to fix.",agree,heldout_batch2,10,0.0,0.0,0.0,0.1,False,False,False,False,False,56,0.0,0.0,0.03571428571428571,0.08928571428571429,True,False,False,False,False
Are you saying it is legal to kill foreigners?,"No, foreigners are citizens of other countries.",disagree,heldout_batch2,7,0.0,0.14285714285714285,0.0,0.42857142857142855,False,False,True,False,False,9,0.0,0.0,0.0,0.1111111111111111,False,False,False,False,True
"People are not ""given a shot at life"". People *become* from a developing fetus. There's not a person when there's a fetus.

That said, answering to your question:

&gt; What would you say to people who believe a less than ideal shot at life is better than no shot at all?

We never hear answers from the other side. All people who say they prefer existing already exist. Those who don't, they *also* exist. But we never hear what people that don't exist say.",When is personhood achieved?,question,heldout_batch2,4,0.0,0.0,0.0,0.5,False,True,False,False,True,84,0.011904761904761904,0.08333333333333333,0.047619047619047616,0.047619047619047616,True,False,True,True,False
"Every President of the U.S. except for one has descended from John Lackland, a king of England. That includes Barack Obama, Abraham Lincoln, and of course Bush and Clinton. (The sole exception is Martin Van Buren).

Politics is messed up, and it seems like family dynasties shouldn't be necessary in a world where there are so many viable candidates. But it's not really that strange for families to share a propensity for political influence.

With Hillary in particular, she's only in that family by marriage. Her birth name, the one she's kept to some extent, is Hillary Rodham. Would you feel better about a Rodham running for president than a Clinton?",John Lackland lived eight hundred years ago. Forty generations. What percentage of the white Anglo-American population *isn't* descended from him?,question,heldout_batch2,21,0.0,0.047619047619047616,0.047619047619047616,0.14285714285714285,False,False,True,False,True,112,0.017857142857142856,0.017857142857142856,0.03571428571428571,0.07142857142857142,True,False,True,True,True
Yeah. And Mexicans are pissed about it,"Are they? I've yet to meet a Mexican that says, ""dios mio! I'm still upset at tejas leaving the united Mexican states.",disagree,heldout_batch2,22,0.09090909090909091,0.0,0.09090909090909091,0.22727272727272727,False,False,False,True,False,7,0.0,0.0,0.0,0.14285714285714285,False,False,False,False,False
"I believe Computer Science is a poorly named major. There's a fairly common phrase in the CS world that sort of sums of my feelings on the subject:

&gt; Computer Science is no more about computers than astronomy is about telescopes

What exactly Computer Science entails depends a bit on where you end up studying it, but in the program I went through there were classes on algorithms and data structures, classes on different programming paradigms (functional, imperative, object oriented, etc), classes on formal languages (and how they relate to compilers and stuff), classes on various concrete programming languages, and various electives if you wanted to go more in depth with things like computer graphics and the associated algorithms. 

Almost none of this seems particularly science-y to me. And it's not about *computers* per se, it's about computing things. There are entire classes just about the question 'what can be computed?' 

These subjects are all either a branch of math (which I might call ""Computational Mathematics"") or computer/software engineering (which is already a major of it's own, though it has heavy overlap with CS). 

In my mind, taxonomy of maths and sciences can be roughly summarized as follow:

* Philosophy (specifically Epistemology) asks ""What can we know?""

* Math asks ""What can we know if we assume these few axioms?""

* Science asks ""What can we know if we assume these few axioms and that induction is possible?""

* Engineering asks ""What can I do with all that knowledge gained from the above?""

That is, math is about what information you can gain strictly from extrapolating out from a few simple axioms, whereas science builds upon that by assuming that there is knowledge that can be gained through experiments and testing.

The things studied in CS almost never venture into the realm of needing empirical, experimental data - and when they do I would argue that in those cases you're moving into the realm of Computer or Software Engineering. These are things like building your allocators to take into account real world usage patterns, determining what kinds of sorting work best for your real-world data. However, there's no science in the core fundamentals of CS - the computational complexity analysis of data structures and algorithms is all completely mathematical, completely unrelated to the real world.

As mentioned before, a more apt name for CS might be Computational Mathematics, and Computer Engineering can be thought of as ""Applied Computational Mathematics"" (though I don't care as much about changing CE's name, CE is still an accurate description of what the major is about)

So, CMV.","I prefer ""Computing Theory""",statement,heldout_batch2,4,0.0,0.0,0.0,0.0,False,True,False,False,False,431,0.01160092807424594,0.013921113689095127,0.018561484918793503,0.1345707656612529,True,False,True,True,False
I don’t know of any countries without mandatory taxes.,"I just named two countries with no income taxes, Kuwait and Bahrain.",statement,heldout_batch2,12,0.0,0.08333333333333333,0.0,0.25,False,False,True,False,False,10,0.0,0.0,0.0,0.2,False,False,False,False,False
"EDIT: [AmaBlue](http://www.reddit.com/r/changemyview/comments/1xrors/i_believe_that_9_repeating_does_not_equal_1_and/cfe3d8j) makes a good point. i'm thinking my definitions of infinite/zero may be inaccurate. further information required. let's fix my broken logic.

EDIT2: [jsmooth7](http://www.reddit.com/r/changemyview/comments/1xrors/i_believe_that_9_repeating_does_not_equal_1_and/cfe42mb) has provided sufficient detail for the voodoo to make sense. thank you everyone for participating in this madness.


I believe that any infinitely repeating number is essentially a bug in the decimal system.

1/3 != .33...

1/9 != .11...

Using a concept (""infinity"", ""zero"") as if it were an actual quanity lends to this error.  

* ze·ro - noun - no quantity or number

* in·fin·i·ty - noun - the state or quality of being infinite

* in·fi·nite - adjective - limitless or endless in space, extent, or size; impossible to measure or calculate.

0 represents a state of no value. Identifying this state as a number makes equations suddenly not work right.

x = 0

11*0 = 0

11x = x

11 = 1

I believe the same situation occurs when using ""infinity"" as if it were an actual quantity instead of a concept. If something is ""impossible to calculate"" then how can it be used to represent an actual value?

In closing, I can see how it ""effectively equals 1"" in such a way that, if you were dealing with money and had $99.99999999999999999, it is close enough that no one would care if you simply said ""$100"" (see: 'Office Space'). That does not however change the fact that it is not ACTUALLY $100.

I like math and numbers because they behave in predictable ways. 1+1 will never be 3. This doesn't sit right with me and my view almost feels like some kind of atheism because I don't just accept it as fact on faith.

Please please CMV.","I will simply ask you this:  if .9999999... is not equal to 1, then what is .999999... - 1?",question,heldout_batch2,14,0.0,0.07142857142857142,0.0,0.0,False,False,True,False,True,299,0.0033444816053511705,0.03678929765886288,0.013377926421404682,0.12374581939799331,True,False,True,True,False
"I already accepted it, but it doesn't stop being a good example of what I mean, in fact it only enhances it. We took the word we had for something having actually happened and striped it of its meaning, which I don't think is good.","When you used ""we"", did you mean a huge number of English users over a nearly 200-year timeframe?",question,heldout_batch2,18,0.0,0.0,0.0,0.1111111111111111,False,False,False,False,True,45,0.022222222222222223,0.044444444444444446,0.044444444444444446,0.06666666666666667,True,False,True,True,False
"Am 19, can confirm I know nothing","I'd like to tell you it gets better, but it doesn't.",statement,heldout_batch2,11,0.09090909090909091,0.09090909090909091,0.18181818181818182,0.09090909090909091,False,False,True,True,False,6,0.0,0.16666666666666666,0.0,0.0,False,False,True,False,False
"It's not that easy. You think I just left the bar, it's 3am, no kids around right? 

Except there are plenty of (in my opinion, terrible) parents that are walking their kids home from a night of partying at that time. It happens, it happens often, and you have no idea when a mom with a toddler is gonna pass the otherwise completely deserted neighborhood.",Often...,agree,heldout_batch2,1,0.0,0.0,0.0,0.0,False,True,False,False,False,65,0.015384615384615385,0.046153846153846156,0.03076923076923077,0.09230769230769231,True,False,True,True,False
"I don't think ""fear"" is the right emotion, but judicious concern over things like this: 
[Chilling: Why An Underreported, ‘Significant Incident of Domestic Terrorism’ Might Not Be a Failed Attack at All](http://www.theblaze.com/stories/2014/04/02/how-has-the-most-significant-incident-of-domestic-terrorism-involving-the-enery-grid-gone-largely-unreported-for-10-months/)

I agree that most potential threats -- snipers, bombings -- could affect such a small number of people that it's more reasonable to be worried about meteors hitting you.  But I fear what my neighbors would do if there was an extended power outage.","This is a reasonable fear, or judicious concern, but it's not the judicious concern that most people have about terrorism.",disagree,heldout_batch2,20,0.05,0.05,0.05,0.0,False,False,True,True,False,97,0.020618556701030927,0.020618556701030927,0.020618556701030927,0.16494845360824742,True,False,True,True,False
"Switzerland has similar amounts of guns to the US, and a fraction of the gun crime. Guns aren't the problem.","&gt; Switzerland has similar amounts of guns to the US

I find this very hard to believe.  Source?",question,heldout_batch2,18,0.0,0.0,0.0,0.16666666666666666,False,False,False,False,True,20,0.0,0.05,0.05,0.15,False,False,True,False,False
"&gt; You wouldn't be able to tell by looking whether or not I was a zombie, but you can conceive of a world where I was a zombie by imagining what it would be like from my perspective.

I don't think you could, actually, because it would require me to conceive of perceiving an experience taking place without consciousness, which I cannot do. I can't imagine what it's like to be unconscious; I can only imagine what it's to like *to have been unconscious*, but I can't conceive of the experience of the unconscious state itself.","Are you saying you can't conceive of something that is not conscious? A rock, for example?",question,heldout_batch2,16,0.0,0.125,0.0625,0.0,False,False,True,False,True,96,0.020833333333333332,0.0625,0.0625,0.010416666666666666,True,False,True,True,False
Why?,"I figured that a 30 minute commute would have 10 minutes cut off, just as a rough estimate, due to less traffic jams and overall faster road speeds.",statement,heldout_batch2,26,0.0,0.0,0.0,0.11538461538461539,False,False,False,False,False,1,0.0,0.0,0.0,0.0,False,True,False,False,True
"Hello! This is my first submission to CMV.
The word Gay, when used as an insult, is generally divorced from it's original meaning. (The original meaning being ""One who is attracted to members of said person's gender"") Thus, the idea that when you use Gay as an insult you are insulting all Gay people is false. Just because the two meanings share the same semantic shell, they mean different things depending on the context they are used in. 
To further articulate this view, let me express a metaphor. Words are like packages. The actual meaning of words are the contents of the packages. Imagine that two objects are shipped in the same package. The receiver of the packages opens it up, and angrily exclaims that one of the objects suck. This would not demean the other object, just because they are shipped in the same package! I fully sympathize and understand people who claim that using the word Gay as an insult is wrong. With the current and past discrimination towards Gay people, it is perfectly understandable that people are sensitive in matters such as these. I just happen to disagree. So, Change my View!

Edit:My View Wasn't Exactly Changed, but a lot of my reasoning was utterly refuted! Thanks for participating guys!

Edit 2: It seems that some people are upset about the way I argued. I'm sorry. My karma is utterly fucked lol.

Edit 3: I think I'm done with this CMV. Nice debating y'all!

Edit 4: I'm actually gonna continue with this! Bring on the refutations!

Edit 5: I'm done for good now. Thanks for the debate. 

Edit 6: My Views has been changed due to salpfish's refutation of my Linguistic Relativity objection.
_____

&gt; *Hello, users of CMV! This is a footnote from your moderators. We'd just like to remind you of a couple of things. Firstly, please remember to* ***[read through our rules](http://www.reddit.com/r/changemyview/wiki/rules)***. *If you see a comment that has broken one, it is more effective to report it than downvote it. Speaking of which,* ***[downvotes don't change views](http://www.reddit.com/r/changemyview/wiki/guidelines#wiki_upvoting.2Fdownvoting)****! If you are thinking about submitting a CMV yourself, please have a look through our* ***[popular topics wiki](http://www.reddit.com/r/changemyview/wiki/populartopics)*** *first. Any questions or concerns? Feel free to* ***[message us](http://www.reddit.com/message/compose?to=/r/changemyview)***. *Happy CMVing!*","The *original* meaning of ""gay"" dates back to 14th century France, where it meant light-hearted or carefree. The definition you're using first started appearing around the 1940s.",disagree,heldout_batch2,28,0.0,0.0,0.03571428571428571,0.14285714285714285,False,False,False,False,False,405,0.0024691358024691358,0.007407407407407408,0.027160493827160494,0.1654320987654321,True,False,True,True,False
"I've been a Visual Studio .NET developer for 6 years after been a C++ developer for a similar time. MS Visual Studio is by far the best development environment I've used. Recently I brought into the open source ""I-only-use-a-text-editor"" development hype: I tried javascript, node, ruby on rails, clojure. edit: to clarify, I'm not talking about Java here - I've never used it, and I think it is vilified as much as VS.

It's like going back 20 years. ..Well, at least 15 - at least we had debug, edit, and continue back then. Chrome dev tools are only catching up 15 years later! Most people are still using dev tools and a separate editor, 1990 style!

I think all these new languages are hype and most of you don't even know what intelli-sense is. 

Just Kidding - I do like these open source languages - but why are they better?

CMV.","&gt;""I-only-use-a-text-editor"" development hype

Dude no; use a text editor ***with color coding***. I use geany http://www.geany.org/",statement,heldout_batch2,25,0.0,0.04,0.0,0.28,False,False,True,False,False,149,0.013422818791946308,0.020134228187919462,0.040268456375838924,0.10738255033557047,True,False,True,True,False
"And seriously, I was done. Until *you* came in and started up. The sole reason I'm still on this thread is *you*. Therefore, I have given *you* the insight to get want *you* claim to want. And we'll see by your future action or inaction whether your claim is true.","You made a decent post, and then when you were asked to defend it you took it as a personal offence. I say again, chill out.",disagree,heldout_batch2,26,0.0,0.0,0.0,0.07692307692307693,False,False,False,False,False,50,0.02,0.0,0.04,0.02,True,False,False,True,False
What if she *does* ask if you sexually assaulted women?  Would you tell her then?,"I might. If I didn't, then I WOULD be lying.",statement,heldout_batch2,10,0.0,0.1,0.1,0.0,False,False,True,False,False,15,0.0,0.0,0.0,0.13333333333333333,False,False,False,False,True
"How many massacres were there in the 18 years before the one in 1994?

The reason I ask is that it's entirely possible that Australia already had a really low ""mass shooting"" rate, and that the one in 1994 was just sort of a fluke. If this is the case, then you can't really give banning guns the credit for stopping the problem, since there wasn't actually a problem to begin with, just a fluke.

For the same reasons, I don't give the ""war on terror"" or the TSA credit for stopping terrorist attacks. There weren't really that many terrorist attacks before, and there aren't really that many terrorist attacks after. Seems to me like there's been no discernable change.

EDIT: Actually, I'm not so sure that it's accurate to say that the gun laws there have prevented further massacres. In 2002 someone tried to shoot up Monash University using the 5 handguns they had acquired. Now, only 2 people were killed, so it wouldn't technically count as a massacre. But the reason it wasn't a massacre was because the shooter fortunately had bad aim.  The law did nothing to stop someone planning a massacre from getting 5 handguns. Which is what the law was supposed to do.",We averaged about 1 a year prior to that.,disagree,heldout_batch2,8,0.0,0.0,0.0,0.125,False,False,False,False,False,201,0.004975124378109453,0.04975124378109453,0.05472636815920398,0.07960199004975124,True,False,True,True,False
"Sociology sort of works that way as a science. You can have a feminist perspective on sociology, which makes it its own science. It's why women's studies is a science.","OH! i see, I learned something new today, thanks!",agree,heldout_batch2,9,0.0,0.0,0.0,0.0,False,False,False,False,False,30,0.0,0.0,0.06666666666666667,0.06666666666666667,True,False,False,False,False
can i give two deltas?,I don't think so but thank you!,statement,heldout_batch2,7,0.14285714285714285,0.14285714285714285,0.14285714285714285,0.0,False,False,True,True,False,5,0.0,0.0,0.0,0.2,False,True,False,False,True
"I've changed my stance thanks to /u/Zazzafrazzy, take a look at the above comments. 

That being said, for argument's sake, let's say that I'd consider anyone a politician who leads or has a senior role in a political party in a city, province or state.",Therefore I stop.,statement,heldout_batch2,3,0.0,0.0,0.0,0.0,False,True,False,False,False,46,0.0,0.0,0.08695652173913043,0.06521739130434782,True,False,False,False,False
"Not in the philosophical sense.  I must admit that I am first and foremost a scientist and have only in the past 3 months really begun to concentrate on philosophy.  I am currently reading 'Thus Spake Zatharusta', which brought to me an interesting thought on morality.
That all being said, (and philosophical proofs aside) I see no reason and no logic in throwing a chainsaw at a cat, therefore, I do not do so.  I see that it would cause the cat pain, yet it would yield me nothing in return other than a furry chainsaw and blood on my shoes.  To venture more toward morality, I don't do it because I would not want the kitten throwing chainsaws at me.

Also, thank you for the direction on the is-ought...I will look into it","Drumming your fingers on the table when bored has no logic or reason either. 

Is it wrong?",question,heldout_batch2,17,0.0,0.058823529411764705,0.0,0.17647058823529413,False,False,True,False,True,135,0.007407407407407408,0.05185185185185185,0.007407407407407408,0.044444444444444446,True,False,True,True,False
"So your CMV is about whether it gets the title of ""SI unit"" or not?

google ""definition of a volt"":

&gt;the SI unit of electromotive force, the difference of potential that would drive one ampere of current against one ohm resistance.

wiki volt:

&gt; Additionally, it is the potential difference between two points that will impart one joule of energy per coulomb of charge that passes through it

happy?","No no, we all agree that a volt is an SI unit. OP is arguing that it should be an SI *base* unit.",disagree,heldout_batch2,23,0.0,0.08695652173913043,0.0,0.043478260869565216,False,False,True,False,False,70,0.0,0.014285714285714285,0.0,0.07142857142857142,True,False,True,False,True
"Women are and always have been the selector of what semen impregnates them, except in cases of true forced rape resulting in pregnancy. 

As the selector of the sperm women have chosen dominant men who are not afraid to push the envelope to initiate sex and even get a little rough. Women do not seek out submissive men to have sex with. There are even many women with rape fantasies and pain fetishes (choking, slapping, etc) are so common they might not even be fetishes.  Despite what they say, women as a group have a genetic need to be physically dominated and they enjoy it as much as they need it. This also explains why women stay with men who beat them.",Do you think every single woman feels this way or should feel this way?,question,heldout_batch2,14,0.0,0.0,0.0,0.07142857142857142,False,False,False,False,True,122,0.00819672131147541,0.02459016393442623,0.0,0.09016393442622951,True,False,True,True,False
In addition to what /u/Geneio42 said. Why not build a large amount of reactors in places where nobody lives like North Canada fo example. In case if it goes wrong less people will be harmed.,Power transmission isn't as easy to do efficiently over great distances...,disagree,heldout_batch2,11,0.0,0.09090909090909091,0.09090909090909091,0.09090909090909091,False,False,True,False,False,36,0.0,0.05555555555555555,0.0,0.1111111111111111,True,False,True,False,False
MY own sense of right and wrong. There is a lot of good in the bible. A lot of things Jesus says are fantastic. But the bible was written and translated by men. So in my mind it can be very flawed. This allows me to make a personal decision on what part I think is BS.,"But if you can decide for yourself what is right and wrong, why do you even need the bible?",question,heldout_batch2,19,0.05263157894736842,0.0,0.0,0.0,False,False,False,True,True,57,0.017543859649122806,0.0,0.0,0.07017543859649122,True,False,False,True,False
OP likes wearing suits. There is no way he's a developer.,Apparently someone has never heard of Booze Allen Hamilton.,disagree,heldout_batch2,9,0.0,0.1111111111111111,0.0,0.2222222222222222,False,False,True,False,False,11,0.0,0.09090909090909091,0.09090909090909091,0.18181818181818182,False,False,True,False,False
Sure they are not all completly meaningless. But for example Fnatic atm cant get anymore worse than 1. place. The rest of their games now dont matter anymore.,"Might not matter to them, but still can matter a lot to the opponents.",disagree,heldout_batch2,14,0.14285714285714285,0.07142857142857142,0.0,0.07142857142857142,False,False,True,True,False,27,0.037037037037037035,0.07407407407407407,0.0,0.18518518518518517,False,False,True,True,False
"Ultimately, what *is* the  difference between Government and Corporates?

The first has a monopoly right of physical force - they have police, an army.

The second does not.

You may be right about incestuous relationships, vested interests, corruption blurring who is who. But in the end, it's the government that holds the gun. In the end, a corporate must trade value with value with it's customers. 

But there is no such compulsion, such necessity to trade value for value if you are holding a gun. 

The government is by far the greater threat.  

Which of these corporates, in particular, have hugely destructive effects on society? The problem is, you can't tar them with the same brush. Google, Apple, Microsoft, Facebook have been forces for *good* in the world, largely without government help, except mostly for the one help the government is meant to provide them, protection from theft. They aren't Enron, Leyman Brothers, AIG, Fannie and Freddie, companies which were in bed with the government, sharing some quasi  monopoly status.

The best solution is to get the Government out of the economics business - for the same reason the Government had to be separated from the Church (or thought business!): people should be able to share whatever thoughts they have, or trade any values they have, free from physical coercion.","When you're facing a loaded gun, what's the difference?",question,heldout_batch2,9,0.0,0.0,0.2222222222222222,0.0,False,False,False,False,True,218,0.013761467889908258,0.01834862385321101,0.01834862385321101,0.06422018348623854,True,False,True,True,False
"Many people thought the same about distorted electric guitars in the 60's.  Screaming is simply another affect you can apply to vocals, and a very emotionally evocative one if done correctly.",And [this](http://youtu.be/Z0xNo2894Fw),statement,heldout_batch2,8,0.0,0.0,0.0,0.375,False,False,False,False,False,31,0.0,0.0,0.03225806451612903,0.06451612903225806,True,False,False,False,False
"Toilet paper is fine if you have perfectly regular bowels, but if you have unfortunate variations such as a tendency towards compacted or loose stools, then bidets are better.

Bidets solve [Andy Dwyer's wiping problem,](https://www.youtube.com/watch?v=vGCIGEUB32M) which is more common than people like to talk about. Toilet paper only cleans the external surface. Bidets allow you to get inside the rectum a bit, which gives a more complete clean. There is no risk of anything being left over, which is not guaranteed with toilet paper. 

Sometimes toilet paper gets wet and breaks. If you have ass hair, sometimes the toilet paper get stuck in there. Water avoids this problem.

In humid environments, sometimes people get very sweaty bottoms. Swamp ass, is unpleasant and wiping doesn't really do much to relieve it. Bidets, with cool water, help alleviate the problem, at least temporarily. 

If you get the spray nozzle type of bidet, you can angle the water however you want. They attach to the wall and are pretty cheap to install. They are superior to both built in and entirely separate bidets. They are the most common type worldwide, and avoid many of the problems you mentioned. Finally, you could always just get a pitcher of water and pour it down there while using your other hand to direct the water.",This has been the greatest frustration of my life and I can't wait until I can have a bidet.,agree,heldout_batch2,19,0.0,0.05263157894736842,0.05263157894736842,0.10526315789473684,False,False,True,False,False,227,0.00881057268722467,0.013215859030837005,0.00881057268722467,0.1013215859030837,True,False,True,True,False
"First of all, please note that my argument is purely theoretical, due to the fact that the positives and negatives of any action are never clear. I would never condone murder, simply because it cannot be known if any negative effects are to follow.

That being said, I would like to construct a possible scenario. There exists a homeless person in a major city; this person has no friends, no family alive, and nobody depends on this person or cares for this person. This person does nothing to contribute to society or any individual, he merely exists. Given this situation, I would think that the murder of this person is entirely justifiable, based on the idea that his/her death will have no negative effects on any person or on society.

I don't even see this as a negative for the person- if the death is instant and painless the person will never even know what happened. In death you can't bemoan your lack of life or regret the things you never did, because you're dead. So I don't see this as a negative for the individual in question. Another issue: what if this person had gone on to make a positive impact on society in the future? I think it's equally likely that this person could have gone on to make a negative impact on society, in which case you would be doing the world a favor. I get that murder is simply morally wrong to basically everybody, but logically I see nothing wrong with the murder of the individual I've described.

Just to clarify, I really don't mean for this to sound cold-blooded. When I've brought this up to friends they've mostly just responded with disgust or disapproval. However, nobody has really offered a counterargument to my view. So, CMV.","Would you be willing to kill the individual? Would you watch the life drain out of their eyes? Would you carry their corpse to the coffin?

No? There's your answer.",question,heldout_batch2,30,0.0,0.03333333333333333,0.03333333333333333,0.03333333333333333,True,False,True,False,False,303,0.006600660066006601,0.052805280528052806,0.0297029702970297,0.04950495049504951,True,False,True,True,False
"You're in luck. After reviewing this whole comment chain I realized that Pepperoni would never have received a delta if not for you. As such, I've decided to leave the delta that you were awarded as reward for your good deed.

/u/PepperoniFire's delta has been awarded to her as well.",Well thank you!  And merry christmas :),statement,heldout_batch2,6,0.0,0.0,0.0,0.0,False,False,False,False,False,51,0.0,0.0392156862745098,0.058823529411764705,0.09803921568627451,True,False,True,False,False
"Have you read their opinions?   Hell yeah,  they are making shit up, especially that Ginsberg one.

Interstate commerce seems fairly easy to define.  First, it's a qualified form of commerce, so, it's not all commerce of any kind. The quality of the commerce, is that which might need to be made orderly when certain kinds of products and services commerced are exchanged between states.  It can't honestly be construed to mean anything and everything that may concern interstate commerce, directly and indirectly, regardless of purpose, destination or origin.

If the commerce takes place in an interstate manner, then here is the manner in which that commerce shall take place when  it is conducted in an interstate manner.  That manner would be described by the necessary and appropriate regulations, to provide a regular means and manner of those exchanges.

The statement ins't an authority to regulate simply because a butterfly flapped it's wings.

Can you yell  ""Fire!"" in a crowded theater?  Certainly.  If there is no fire however, one could be held liable and culpable for damages resulting from the fraud, up to and including criminal prosecution and potential incarceration.

Yes, people don't lose their rights, because they agree to cooperate with others.  

I think these questions can be clearly answered, more often than the official answerers would admit.  They muddy the waters and blur the lines, because it serves political agendas which they find agreeable, even if in contravention to reason and the constitution.",You can also yell fire if it is part of the play or movie.,statement,heldout_batch2,14,0.0,0.0,0.0,0.0,False,False,False,False,False,244,0.004098360655737705,0.01639344262295082,0.02459016393442623,0.12295081967213115,True,False,True,True,False
"We have accepted that kidnapping, imprisoning and extorting money from drug users is ""okay"" have we not? 

Its sickening how what you ""want"" supercedes the liberty of others. And how this generic ""fight"" that you want our justice system to fight for you is actually just an attack against your neighbors.","&gt;We have accepted that kidnapping, imprisoning and extorting money from drug users is ""okay"" have we not?

Ummmm, have we?",question,heldout_batch2,21,0.0,0.047619047619047616,0.0,0.23809523809523808,False,False,True,False,True,51,0.0,0.0196078431372549,0.0,0.1568627450980392,True,False,True,False,False
Have you heard of the palm pilot?,"Indeed, popularity of the blackberry, and Palm pilots including cellular modems certainly showed a trend towards touchscreen computing in cellphones.",agree,heldout_batch2,20,0.0,0.0,0.0,0.35,False,False,False,False,False,7,0.0,0.0,0.0,0.14285714285714285,False,False,False,False,True
"I'm not the person you replied to, but I'd say that depends. If someone makes an effort to take your life, then I think that person has forfeited their right to live and deserves to be punished, although it depends on the situation and why they are doing it.","I generally think killing someone isn't a means of punishing that person, but I suspect that goes into whole other world views.",disagree,heldout_batch2,22,0.045454545454545456,0.045454545454545456,0.045454545454545456,0.13636363636363635,False,False,True,True,False,49,0.04081632653061224,0.02040816326530612,0.04081632653061224,0.16326530612244897,True,False,True,True,False
"Yes, but the culture now isn't to give ""difficult-to-obtain"" gifts, it's to give diamond ring, which was a tradition influenced entirely by DeBeers marketing. 

Emeralds are more rare than diamonds. If it was really just about the rarity of the gift, why are we so focused on diamonds instead of emeralds?",I did also say ''expensive'',statement,heldout_batch2,5,0.0,0.0,0.0,0.0,False,True,False,False,False,53,0.018867924528301886,0.018867924528301886,0.03773584905660377,0.11320754716981132,True,False,True,True,True
"&gt;I cannot grasp anything with my left hand

If you don't mind me asking, why is this?",I did a post about it [here](http://www.reddit.com/r/WTF/comments/159gwr/finally_my_hand_is_useful_for_something_other/) with pictures and I answered some questions in the comments.,statement,heldout_batch2,33,0.0,0.0,0.0,0.30303030303030304,True,False,False,False,False,18,0.0,0.1111111111111111,0.05555555555555555,0.05555555555555555,False,False,True,False,True
And what problems are these besides disposal?,See: Fukashima.,statement,heldout_batch2,2,0.0,0.0,0.0,0.0,False,True,False,False,False,7,0.0,0.0,0.0,0.14285714285714285,False,False,False,False,True
It was not in the OP and has not been added as an edit. Therefore I responded as things were presented in the OP and the title.,Fair enough.,agree,heldout_batch2,2,0.0,0.0,0.0,0.0,False,True,False,False,False,27,0.0,0.07407407407407407,0.0,0.14814814814814814,False,False,True,False,False
"Edited in deltas don't work, you'll have to reply to /u/convoces with a new comment containing the delta!","Whoops, thanks!",statement,heldout_batch2,2,0.0,0.0,0.0,0.0,False,True,False,False,False,19,0.0,0.05263157894736842,0.10526315789473684,0.15789473684210525,False,False,True,False,False
"First off, let me say that I fully understand the health benefits of both of these lifestyles. I also fully understand that some people just don't like meat. I have no question challenging either of those stances. My confusion occurs where people say, ""it's wrong to kill animals, so I won't eat them"" or ""animal suffering is just as bad as human suffering. You wouldn't consume things that a human wrongly suffered to make, so why would you eat meat and animal products?""


In response to the first view, the norm today is not that one goes out to kill an animal and eat it. Rather, you go to the supermarket, buy it, cook it, eat it. One person saying, ""no, I won't buy that"" isn't enough to affect the demand. As a result, the same number of animals will be killed and that person's vegetarianism or veganism will make no difference. And that's just the counter to that argument from a pragmatic standpoint. On an ethical level, I don't buy at all that it's wrong to kill animals. Assuming we eliminate religion from the argument (another reason for either of these diets that I have no problem understanding), humans are essentially nothing more than the highest cognitively functioning animals. We're not going to feed a lion ""meat"" made of soy protein and nobody has a problem with them mauling an antelope. The counter to that would be, but lions can only eat meat. Fine, replace lions with any omnivorous animal that could survive solely on plants. Again, nobody has a problem with that animal killing and eating another animal. I understand animals don't have the capacity to reason like we do (although evidence points to even that being debatable), but nobody claims that because I have the ability to feed a homeless man that I have a duty to do the same.


With regards to the argument from the stance of suffering, I think it's unsound. Nike is one of the most popular brands of shoes in the world. A lot of Nike shoes are made by humans who wrongly suffer. I'm not condoning this fact, but it is a fact. Assuming it was sound though, I don't buy that dying equates to suffering. If someone walks up to me and puts a bullet in my brainstem, I haven't felt pain nor have I suffered. I'm just dead. Now, one could say that the suffering occurs in the way certain farms raise animals for slaughter. Even if I grant that, that doesn't preclude all meat and animal products. There are plenty of farms that humanely raise animals for slaughter and for certain products like milk and such.


With all this in mind, CMV.


Edit: A lot of you guys have made some great points. I think my issue is that, while I now understand better that being vegetarian or vegan is morally commendable, I still don't (and doubt I ever will) believe it's morally obligatory. Given that I don't think it's morally obligatory, I don't necessarily feel compelled to become vegetarian or vegan because it's not a cause I care enough about (I know I made mention of the homeless man and not being obligated to help, but for those of you who are curious, I think the global poor are far more deserving of attention than the treatment of animals and of you're curious, I recommend Thomas Pogge's book, *Politics as Usual*). Far be it from me to tell you how you should feel about it though. I won't have time to respond to all the questions you guys might have for me, but all of your points are well taken. As a generalization, I no longer believe vegans and vegetarians who choose their diets for ethical reasons are irrational and ill informed. Thanks!",Buying meat will not increase its demand? That's just wrong.,disagree,heldout_batch2,10,0.0,0.1,0.1,0.0,False,False,True,False,False,636,0.014150943396226415,0.04559748427672956,0.04245283018867924,0.08962264150943396,True,False,True,True,False
"In my own long winded way I was arguing that anyone CAN enjoy nightclubs provided that the people running them put more thought into them than 'let's pack as many people as we can in, charge them as much as we can for drinks, and blast the music as loud and as harshly as possible'","Ah, I understand your point.",agree,heldout_batch2,5,0.0,0.0,0.0,0.0,False,True,False,False,False,55,0.0,0.0,0.01818181818181818,0.05454545454545454,True,False,False,False,False
"&gt;Attributing apocalyptic aspiration to Dominion is just slender and a conspiracy theory.

Don't kid yourself. The elves believe that they are descended from the first Eight Divines. Their word for the Eight is *Aedra*, meaning ""ancestor"". They believe that Mundus (the mortal world) is a prison, and that the destruction of Talos would finally end the existence of the mortal world and the return of the elves back to Aetherius.",Do you have a non based source for these allegations?,question,heldout_batch2,10,0.0,0.0,0.0,0.1,False,False,False,False,True,71,0.0,0.014084507042253521,0.014084507042253521,0.028169014084507043,True,False,True,False,False
"Assuming you're American like about half of Reddit, how many states in your great country have legal protections for anyone who's not straight? If I took advantage of my dual citizenship, would the possibility of being fired or evicted for my sexual orientation affect which part of the country I picked to live in? It's not as extreme as the racist bullshit and it gets enforced very differently because sexual orientation isn't visible like skin colour, but the comparison happens because it still comes down to preventing another group from living as full citizens because the Bible says their natural place is as your inferior. 

I think it's odd that you ask if it wouldn't be best for us to ""first attain the rights and then [...] show it is no big deal"", then go on to say that we should be happy with civil unions that don't actually give us those rights. The thing about advancing by increments is that it's always going to be ""too fast"" for some people. The bigots who don't want me to be able to marry another guy aren't actually interested in seeing slow progress; they're just hoping that we'll be satisfied with as little as possible so that they can keep raising their children to hate us... something that's a lot easier if they can keep us in a ""separate but equal"" position.","It's still legal in 29 states to get fired for being gay.  It's only legal to get married in 15 states (16, if Hawaii does what we hope it will).",agree,heldout_batch2,27,0.037037037037037035,0.0,0.07407407407407407,0.07407407407407407,False,False,False,True,False,229,0.013100436681222707,0.034934497816593885,0.056768558951965066,0.06986899563318777,True,False,True,True,False
"&gt; Chopsticks are easier to carry around. 

As opposed to a fork and a knife? A very mundane point.

&gt; Chopsticks are good for eating popcorn without dirtying your hands.

If you are an intermediate user sure. but so is a spoon or even a fork. lastly, who the fuck would  want to eat popcorn with chopsticks?

&gt; Chopsticks are excellent light-duty tongs for cooking, and they don't damage non-stick cookware.

Or you know, can use an actual tong.

&gt; With chopsticks you can handle a wide range of sizes from single grains of rice to entire steaks, and more if you use two pairs at once. 

You can with a fork too.",Chopsticks are actually better than tongs. More versatile in use and less clumsy in application.,disagree,heldout_batch2,15,0.0,0.0,0.0,0.0,False,False,False,False,False,115,0.008695652173913044,0.008695652173913044,0.008695652173913044,0.0782608695652174,True,False,True,True,False
"I have a hard time believing this--not that someone could do these things, but those specific numbers.

That leaves him 6.8 hours a day (on average) for eating, sleeping, commuting, and everything else besides work.","Eh, realistically he doesn't work all those hours every week. When he went to over 40 hours as a medic he mostly stopped the boat captaining.",disagree,heldout_batch2,25,0.0,0.04,0.04,0.12,False,False,True,False,False,35,0.02857142857142857,0.02857142857142857,0.0,0.08571428571428572,True,False,True,True,False
"&gt; While it makes less revenue therefore there's less resistance to it by lawmakers, it also benefits fewer people thus making the law less useful.

I would think its makes more revenue if it is a percentage based tax. In my house of 4 I don't think we go through a 12 pack of toilet paper in a month, but the equivalent priced box of tampons (around $7 - 8) would be used up in 1 month by one person.","You're right, I meant to say more. Sorry about that.",agree,heldout_batch2,10,0.0,0.0,0.1,0.0,False,False,False,False,False,74,0.013513513513513514,0.013513513513513514,0.02702702702702703,0.08108108108108109,True,False,True,True,False
"You are exactly right, the reason there are less viruses, is because they own less market share &amp; developers of viruses are trying to affect the most amount of people possible.

However how does this make Mac's less reliable? Wouldn't you agree that by having less viruses developed, therefore it is less likely a virus will be contracted &amp; therefore they are safer than PC's?","http://www.zdnet.com/blog/security/kaspersky-apple-10-years-behind-microsoft-in-terms-of-security/11706

If you are targeted you are more likely to be infected on os x.",disagree,heldout_batch2,29,0.0,0.0,0.0,0.3103448275862069,False,False,False,False,False,65,0.015384615384615385,0.015384615384615385,0.046153846153846156,0.13846153846153847,True,False,True,True,True
"No, it was a mentality to not share in the culture of your oppressors.","""Christianity is a religion not a culture."" 

Just saying this to emphasis your utter inconsistency below.",disagree,heldout_batch2,16,0.0,0.0625,0.0,0.0,False,False,True,False,False,14,0.0,0.14285714285714285,0.0,0.07142857142857142,False,False,True,False,False
"&gt;And what about unattractive women? Do you think between a man and a woman of equal physical attractiveness, the woman has more opportunities and faces less discrimination?

I just want to point out some statistics here. I found some years ago a very intresting blog which uses user-generated question/answers of an online dating website. Most statistic here have about 100k+ people probed, so not that bad. Look [here](http://blog.okcupid.com/index.php/your-looks-and-online-dating/) to the male attractiveness distribution, as rated by women VS the female attractiveness distribution as rated by men. 

&gt;As you can see from the gray line, women rate an incredible 80% of guys as worse-looking than medium.

Whereas when men rate women, it is a standard gaussian distribution.

TL;DR Women are more attractive than men in average.",Did they control for makeup?,question,heldout_batch2,5,0.0,0.0,0.0,0.2,False,True,False,False,True,141,0.0,0.0070921985815602835,0.0,0.1702127659574468,True,False,True,False,False
"∆

thank you for all the research and support!","You're welcome! To be honest, I was surprised myself when I did the research.",statement,heldout_batch2,14,0.0,0.0,0.07142857142857142,0.07142857142857142,False,False,False,False,False,8,0.0,0.0,0.0,0.0,False,False,False,False,False
"A well constructed post with lots of good arguments. Have a ∆. You may have not changed my mind, but I haven't seen some of those arguments put so clearly and nicely before. Thanks.",I urge you to have a look at the sidebar to see what the delta is used for.,statement,heldout_batch2,18,0.0,0.0,0.0,0.05555555555555555,False,False,False,False,False,33,0.030303030303030304,0.06060606060606061,0.030303030303030304,0.12121212121212122,True,False,True,True,False
"Perhaps the difference is the fact that the arts have an end result of something being created (a painting, a song, etc.) while sports and dance cannot produce anything physical. Not that there's anything wrong with that.

Although now the gray area is theater... But I suppose that you could argue it counts as acting, which can result in film being produced. But what about plays and musicals? Shit.","I mean, you can record dance. There are definitely famous recordings of dance.",disagree,heldout_batch2,13,0.0,0.0,0.0,0.07692307692307693,False,False,False,False,False,69,0.043478260869565216,0.028985507246376812,0.014492753623188406,0.08695652173913043,True,False,True,True,False
Sitting on your back porch doesn't get you high. Marijuana can very easily alter your emotional state. It's different.,He didn't specify which porches... Front Porches&gt;Back Porches,statement,heldout_batch2,10,0.0,0.1,0.1,0.1,False,False,True,False,False,19,0.0,0.05263157894736842,0.10526315789473684,0.0,False,False,True,False,False
"Although I agree with the consensus of the thread that opinions are opinions and you have no place in deciding whether an opinion is valid or not, I'll contribute some reasons that nobody else has given.  If Americans watched soccer, they would find reasons to overlook the perceived flaws in the game.  But there is little reason for Americans to watch soccer in the first place.

Americans love underdog stories.  In the top European leagues, underdog stories are practically nonexistent, with one or two teams dominating leagues.  Why would an American root for a team in the Premier League or La Liga that has no chance of winning?  In addition, there are no geographic ties to entice viewers into cheering for a team.  These leagues offer the best soccer in the world, but there is no appeal to American audiences.

MLS, on the other hand, is generally regarded as mediocre play; an American could watch an MLS game and have no better understanding of the sport played to its full potential.  You brought up that Americans don't appreciate the intricacies of the sport; the intricate aspects of MLS play are far below the true potential of the sport.  Americans, contrary to popular belief, aren't THAT stupid; they won't settle for an inferior product when they know it can be improved.

Which leaves international play.  Contrary to what others have said, I believe that the US not being the best team is not the main issue.  When the World Cup rolls around, my father and I will cheer on team USA, and he can't STAND watching the sport.  But international friendlies carry little appeal to the average American viewer: there is nothing at stake, and Americans love high stakes.  The World Cup isn't long enough to hold American interest permanently.

In addition, I'd like to point back to an example to possibly explain why Americans detest both lack of instant replay and offsides.  In the most recent World Cup, recall the US-Slovakia 2-2 draw, in which the US was royally screwed up the ass by a bullshit offsides call.  It's only natural to hate rules and regulations that hurt specifically your team; there's a reason why the words ""Tuck Rule"" will make a Raiders fan's fingers twitch.  At a time when Americans were most tuned into the sport, the American team was hurt by both of these things.  No, it doesn't fully explain the hatred, but it certainly puts it in a tangible context.","it was US-Slovenia, but close enough, seeing as you're American",statement,heldout_batch2,11,0.09090909090909091,0.0,0.09090909090909091,0.0,False,False,False,True,False,413,0.012106537530266344,0.04116222760290557,0.026634382566585957,0.08958837772397095,True,False,True,True,False
You'd still be dealing with the same social biases though.,"These are inconvenient, we don't speak of them.",statement,heldout_batch2,8,0.0,0.125,0.125,0.0,False,False,True,False,False,10,0.2,0.0,0.1,0.1,False,False,False,True,False
"&gt; Tiffany gets extremely drunk, Brad is buzzed. Tiffany asks Brad if he wants to fuck. Brad obliges. Brad is now a rapist.

Yes.

&gt;Brad gets extremely drunk, Tiffany is buzzed. Tiffany asks Brad if he wants to fuck and he agrees. They go fuck. Tiffany is now a rapist.

Yes.

&gt;Brad and Tiffany both get extremely drunk. Brad and Tiffany fuck. They're both rapists?

Yes.  They are both rapists and both victims.

&gt;Tiffany gets extremely drunk and Brad is buzzed. Brad knows Tiffany hates his guts. Tiffany asks him if he wants to fuck. Brad obliges. Brad is now a rapist.

Yes.

&gt;Brad gets extremely drunk. Tiffany is also extremely drunk. Tiffany knows that Brad hates her guts. Brad knows Tiffany hates his guts. They fuck. Tiffany is now a rapist? Or Brad is also a rapist? Or whoever first said they wanted to fuck is a rapist? Whoever regrets it in the morning is the victim, and whoever doesn't is a rapist?

Both rapists and both victims.  That is until we know 

1. How drunk they both were, and if one was noticeably more drunk than the other 

1. if one clearly initiated the sex.  

&gt;Both people made the decision to get intoxicated which led to bad decisions being made.

The decision to get drunk is not the same as the decision to have sex.  If it was, then couldn't you argue that anyone who drinks themselves to unconsciousness is responsible for whatever happens to them?  Couldn't you argue that someone drugged is responsible because they should've acknowledged the risk that someone might spike it?

&gt;However the only reasonable way I see to handle any of the above is to expect individuals to be responsible for themselves and ensure that they don't walk themselves into a situation where they do things they wouldn't do if they were of a sound mind.

You can't expect that of them because they aren't of a sound mind.",So Tiffany asking Brad if he wants to fuck is not consenting to sex?,question,heldout_batch2,14,0.0,0.07142857142857142,0.0,0.21428571428571427,False,False,True,False,True,330,0.0030303030303030303,0.024242424242424242,0.02727272727272727,0.1393939393939394,True,False,True,True,False
"&gt; ...In a way that is worse than they are used to being treated

That's a horrible definition. Slavery wasn't racism because it was an established social norm that people are used to?",You misquoted the definition,disagree,heldout_batch2,4,0.0,0.0,0.0,0.25,False,True,False,False,False,33,0.0,0.030303030303030304,0.06060606060606061,0.030303030303030304,True,False,True,False,True
"This is a valid point.

The same logic stated by OP could easily read, *""I believe that cotton polyester blends and Christianity are incompatible"".*

Heck, all you would need to do is point to one piece of conflicting evidence in the Bible in order to invalidate the concept of ""True Christianity"".","Old Testament my friend, that's just history. When Jesus came he abolished the old law.",disagree,heldout_batch2,15,0.0,0.0,0.06666666666666667,0.06666666666666667,False,False,False,False,False,51,0.0,0.0,0.0,0.0196078431372549,True,False,False,False,False
All righty. I'd just hopped into the thread. I don't agree that private health insurance should be made illegal (even though I agree that everyone has a right to health care).,"Me neither, I'm only working under that assumption because that was part of OP's argument.",agree,heldout_batch2,15,0.0,0.06666666666666667,0.13333333333333333,0.0,False,False,True,False,False,31,0.03225806451612903,0.03225806451612903,0.06451612903225806,0.03225806451612903,True,False,True,True,False
"So how much would it cost if your home is a pepper spray awfulness place and how much will it cost if squirrels eat your house? 

Way more than one professional removal. Just bite the bullet don't pepper spray your house.","I actually have renter's insurance so even if they chew through my house or if this damages things I'm covered financially.

I am not covered for animal control.",disagree,heldout_batch2,28,0.0,0.03571428571428571,0.07142857142857142,0.03571428571428571,False,False,True,False,False,41,0.0,0.024390243902439025,0.024390243902439025,0.024390243902439025,True,False,True,False,False
Afghanistan was to prevent a second.  If you recall the demand was simple: turn over bin laden or else.,"Ah yes, which explains why we eventually captured bin Laden in Afghanistan. Oh wait",disagree,heldout_batch2,14,0.0,0.0,0.0,0.14285714285714285,False,False,False,False,False,19,0.0,0.0,0.0,0.0,False,False,False,False,False
"&gt; I guess women have it slightly better when it comes to LGBT issues, but that's the only one I can think of off the top of my head

Could you elaborate on this? Not to debate, I'm just genuinely curious to hear your perspective. As a homosexual guy here, in some ways I see how they are worse off (FTM transfolk, sexualized lesbianism, straight girls claiming their bisexuality just because they are ""wild"" or something) but also how they have it better off (lesbian sex not as ""icky"" as gay male sex, less stereotype pigeon-holding).","I think

&gt;sexualized lesbianism

was probably what he considered a benefit.

Although if I had to guess I would think there is more violence against gay men.",statement,heldout_batch2,28,0.03571428571428571,0.0,0.0,0.03571428571428571,False,False,False,True,False,97,0.020618556701030927,0.020618556701030927,0.020618556701030927,0.07216494845360824,True,False,True,True,False
He has billions of dollars and with it the leverage to influence nations and you think he has the **short** end of the stick?  I honestly don't understand this view at all.,"&gt; I honestly don't understand this view at all.

So then take some time to understand it. It's really not that hard. It just takes empathy.",disagree,heldout_batch2,26,0.0,0.07692307692307693,0.07692307692307693,0.038461538461538464,False,False,True,False,False,32,0.0,0.03125,0.03125,0.15625,True,False,True,False,False
"TLDR; this issue is not black and white. You can't predict everything that will happen, the change in supply and demand.",I wrote two sentences!  How does that need a TL;DR?!,question,heldout_batch2,11,0.0,0.0,0.0,0.09090909090909091,False,False,False,False,False,21,0.0,0.09523809523809523,0.047619047619047616,0.0,False,False,True,False,False
"No offense meant.  I agree with you based on my own observations, and don't really take my Reddit observations into account.","None taken.  I freely admit that I'm rankled by recent events, so this is far from being a neutral and well-reasoned CMV.  I've been feeling ornery.",statement,heldout_batch2,27,0.0,0.037037037037037035,0.07407407407407407,0.07407407407407407,False,False,True,False,False,21,0.0,0.09523809523809523,0.047619047619047616,0.09523809523809523,False,False,True,False,False
I'm not sure what question you are answering so I don't know how to respond. My opposition to ghetto culture is not based on race it is based on behavior. There is no racism involved.,What are some behaviors you associate with ghetto culture?,question,heldout_batch2,9,0.0,0.0,0.0,0.1111111111111111,False,False,False,False,True,35,0.0,0.11428571428571428,0.05714285714285714,0.02857142857142857,True,False,True,False,False
"So i live in Norway, and we have been receiving a lot of middle eastern immigrants over the last 10 years because of various reasons like conflicts in their native country. It seems like we are bending over backwards to make these people feel at home instead of making them integrate. You can't have christmas trees in kindergardens any longer and you can't serve pork in some schools either. Shouldn't we tell them that if they want to live here they have to follow our rules and not the opposite? I'm not saying that they can't me muslim, but that doesn't mean that we have to cater to their needs. If they want to live in a society that matches their expectations then why don't they go to a muslim country instead? I don't see myself as xenophobic, but i do believe that any immigrants who come here has to integrate into our culture.","There is no such thing as cultural decay, only change. An exception being the Tartars, who the Mongols wiped off of the face of the planet.",disagree,heldout_batch2,26,0.0,0.038461538461538464,0.0,0.038461538461538464,False,False,True,False,False,153,0.013071895424836602,0.058823529411764705,0.05228758169934641,0.1111111111111111,True,False,True,True,False
"You imply that it's a bad thing when the camera doesn't show something (what you call a malfunction), but this is essentially what you want all the time.

I don't see how you can want a lack of recording by body cameras and then get suspicious when body cameras don't record. 

If there really are malfunctions, or ""shady cops"" turning off their cameras, then that's no worse than not having the camera there. The best case scenario is that we see everything, and the worst case scenario is that we don't see anything extra.",&amp;#8710; this post pointed out that the malfunction I brought up is basically not having a camera the whole time.,agree,heldout_batch2,20,0.0,0.05,0.0,0.1,False,False,True,False,False,94,0.010638297872340425,0.06382978723404255,0.06382978723404255,0.06382978723404255,True,False,True,True,False
Yes.   You will not have a brain so you literally won't be thinking about it...so it will not suck.,"It won't suck for me, but that doesn't mean that it doesn't suck",disagree,heldout_batch2,13,0.07692307692307693,0.23076923076923078,0.23076923076923078,0.0,False,False,True,True,False,20,0.0,0.15,0.05,0.0,False,False,True,False,False
"&gt; Now, as to the video and investigation of the strong-arm robbery. This is a case that DOES belong to the Ferguson PD. They investigated it, collected evidence, and then asked the PA's office for what is called exceptional clearance.  
  
I saw a clip where a reporter asked ""WHY?!"" they would release that video, and why now. to which one of the heads of the investigation, i can't remember who looked dumbfounded and said ""Because you asked for it!!""  the media was clamoring for it, and now they are harping on them for character assassination. Can you even be guilty of that after someone is deceased?",...yes...,statement,heldout_batch2,1,0.0,0.0,0.0,0.0,False,True,False,False,False,107,0.0,0.009345794392523364,0.018691588785046728,0.09345794392523364,True,False,True,False,True
You must not have traveled much.,"Expand then, buddy.  I would like to know what's lead you to believe this.",question,heldout_batch2,14,0.0,0.0,0.07142857142857142,0.0,False,False,False,False,False,6,0.0,0.16666666666666666,0.0,0.0,False,False,True,False,False
He's especially good at expectorating.,Ptooie!,statement,heldout_batch2,1,0.0,0.0,0.0,0.0,False,True,False,False,False,5,0.0,0.0,0.2,0.2,False,True,False,False,False
Is there enough snow and mountains in Greece for the winter games?,"Yes Greece is very mountains and also the get very snowy, and have many ski resorts

https://www.youtube.com/watch?v=U0FAbug9ybc",statement,heldout_batch2,25,0.0,0.0,0.0,0.28,False,False,False,False,False,12,0.0,0.0,0.0,0.16666666666666666,False,False,False,False,True
"And I wasn't necessarily referring to me specifically - my personal experience can be generalized to some extent.

&gt;There is a vast difference between ""It's OK not abnormal or shameful to be gay/black/Belgian/whatever"" and ""It's GREAT to be gay/black/Belgian"".

Is there though? When the whole world (exaggerated, obviously) is saying it's shameful, can you not understand it when we say ""no, it's great!"" as opposed to ""no, it's ok""? When one side is saying that you're disgusting and going to burn in the fires of hell, wouldn't you want a bit more support than ""eh, you're ok""? Wouldn't you want a ""You're awesome just how you are!""?","why not simply, it's not shameful!?",question,heldout_batch2,6,0.0,0.3333333333333333,0.16666666666666666,0.0,False,False,True,False,True,112,0.008928571428571428,0.0625,0.09821428571428571,0.017857142857142856,True,False,True,True,True
"People saved from or unsuccessful in suicide often report regretting the decision immediately after committing. When suicide becomes more difficult the rate of total suicide drops. The addition of guard rails to bridges and the conversion of coal gas to natural gas both led to a drop in the overall suicide rate. [Here is a Psychology Today Article about it](http://www.psychologytoday.com/blog/struck-living/201012/can-obstacle-prevent-suicide)). You say ""they rarely go for it"", but statistics seem to suggest that the opposite is true. People who have suicidal impulses and the means immediately at hand do go for it. The coal-to-gas conversion dropped England's suicide rate by 1/3rd. Think about that. You're talking about several thousand people a year who are temporarily suicidal choosing not to simply because it was moderately harder.

If you make it easy or set things up where some people have a perverse incentive to encourage suicide (or remove the state's right and obligation to intervene) then you would see an increase in absolute suicide as people with a temporarily suicidal impulse which may be a side effect of medication or a passing thing have the means and opportunity to act presented to them. The laws against suicide might not be the best thing, but they are a bulwark that protect against the deaths of otherwise healthy people.

You might want to ignore the fact, or dismiss it as ""they don't really go through with it"". You would be wrong, however.","&gt; When suicide becomes more difficult the rate of total suicide drops.

Therefore the total amount of suffering goes up.",disagree,heldout_batch2,20,0.0,0.0,0.0,0.05,False,False,False,False,False,251,0.01195219123505976,0.01195219123505976,0.01593625498007968,0.07171314741035857,True,False,True,True,False
"Lawyers work for free all the time, it's called pro bono work. Sometimes it's worth it just for the notoriety. 

You would simply argue that only a fraction of the lawyers salary would relate to the case as they have many other responsibilities around the company. There would literally always be creative accounting methods to get around these things, it's what happens with tax laws every year.",And there are methods to find out who's doing the work in practice.,statement,heldout_batch2,13,0.0,0.0,0.07692307692307693,0.07692307692307693,False,False,False,False,False,67,0.0,0.0,0.04477611940298507,0.11940298507462686,True,False,False,False,False
"I learned and taught myself most of these things and I feel like it will not be difficult to learn. Most people have pots, pans, dishes, etc. If not, Good Will usually carries them for very very cheap (10-20 dollars will get you most of those things). I a lot of kitchen comes from garage sales and Good Will.",Single parent household with said single parent working multiple or split shifts and not home at mealtime will preclude both time to cook and time to shop.,statement,heldout_batch2,27,0.0,0.037037037037037035,0.0,0.037037037037037035,False,False,True,False,False,58,0.0,0.034482758620689655,0.0,0.15517241379310345,True,False,True,False,False
"So if you are poor and the only way you can get food is by stealing, you should have your hands cut off?",So he should keep stealing? They typically don't stop at food.perhaps they'll grab your wife's wedding ring while they're at it.,disagree,heldout_batch2,22,0.0,0.045454545454545456,0.18181818181818182,0.0,False,False,True,False,False,23,0.0,0.0,0.0,0.043478260869565216,False,False,False,False,True
"So your view is changed, right?",Too much paradox.,statement,heldout_batch2,3,0.0,0.0,0.0,0.0,False,True,False,False,False,6,0.0,0.0,0.0,0.16666666666666666,False,False,False,False,True
"Ah yes, thank you for that.  This is much more inline with what I was hoping to find for a discussion on racial profiling. 

Thank you!   &amp;#8710; 

I think that is one big misconception about the use of racial profiling.  People tries to put into the context of absolutes.  IE: Only using racial profiling is useless!  Only using racial profiling works!

Neither is correct.  Racial profiling is a component to profiling.  Completely rejecting racial profiling in our security apparatus will indeed make us more vulnerable.  

Evidently 0.6% more vulnerable?  :)

So here is my question.  Is making the US 0.6% more vulnerable to terrorist attacks an acceptable trade-off for making our policies morally correct.  

Damn right it is, because we are the good guys, and our people will work infinitesimally harder to do things the right way, even if it means wasted resources.

Thank you again for the awesome analysis.",Wow,statement,heldout_batch2,1,0.0,0.0,0.0,0.0,False,True,False,False,False,148,0.0,0.006756756756756757,0.0,0.14189189189189189,True,False,True,False,False
"I used to enjoy subs like /r/preppers, /r/collapse, etc.  As well as TV shows like Doomsday Preppers.  But after awhile, all this talk of the ""collapse"" of civilization *as we know it* seems to be fruitless.  

Now... I don't buy into the irrational theories like alien invasions, or the zombie apocalypse, but the following seem rational:

* Pandemic 
* Economic collapse
* Revolt and civil unrest
* Peak oil
* World War / Nuclear War

All of these can be interrelated and cause a ""collapse"", but even then, I don't think it will happen, not in my lifetime.  In fact, *prepping* for this stuff is just wasteful... buying 3 years supply of crap food, tons of guns and ammo, etc.  Sure, having enough stuff on hand for 2 weeks is smart, and everyone should do that.  But any more than that is just wasteful.

I also believe the government(s) of the world are too well-prepared and have all the needed tools to avoid any sort of collapse.  Pandemics can be quarantined easily thanks to the spread and availability of information.  Economic collapses can be overcome by printing more money and stimulating the economy (because apparently inflation doesn't happen anymore and government debt doesn't mean anything... especially for the USA).  Revolt and civil unrest won't last long because police forces have so many guns and soldiers (especially in the US).  Peak oil is a supply/demand problem.  Nuclear or World War is simply stupid and no nation would willingly enter one.

The ""collapse"" people always predict is coming will never come.  It didn't happen in Y2K, we never nuked each other in the Cold War, and even the 2008 economic downturn seems like a road bump in retrospect.  

CMV.",Neither did Rome ;),disagree,heldout_batch2,3,0.0,0.3333333333333333,0.0,0.0,False,True,True,False,False,284,0.014084507042253521,0.035211267605633804,0.02112676056338028,0.09154929577464789,True,False,True,True,False
"It is not unscientific to believe that alien life exists.  We have no evidence, but the hypothesis is pretty reasonable.

It only becomes unscientific when you start putting ""aliens"" as factors in your science without evidence.

There's always going to be a difference between what the scientist as a person believes and what facts he or she is choosing to assume in the application of the scientific method.

It's not fundamentally ""unscientific"" to harbor a personal belief in aliens and even to let it motivate you.  Adventurous curiosity is valuable to science.","This is well said and helps clarify the issue for me, thanks.",agree,heldout_batch2,12,0.0,0.0,0.0,0.08333333333333333,False,False,False,False,False,92,0.010869565217391304,0.03260869565217391,0.021739130434782608,0.07608695652173914,True,False,True,True,False
"Can't say it changed my view because I already agreed, but I just wanted to say that this argument is not one I've heard and is quite compelling. I plan to use it in future debates. Thank you for posting!","I've read about it being called the argument of ""Bodily Autonomy""",statement,heldout_batch2,11,0.0,0.0,0.09090909090909091,0.09090909090909091,False,False,False,False,False,40,0.025,0.05,0.05,0.1,True,False,True,True,False
Anything. My motivation plummets when I run into an obstacle I can't immediately overcome.,So why not succeed at being happy?,question,heldout_batch2,7,0.0,0.14285714285714285,0.0,0.0,False,False,True,False,True,14,0.0,0.07142857142857142,0.07142857142857142,0.07142857142857142,False,False,True,False,False
"Okay then. Let's eliminate transexualism altogether. Let's say some experiment proves that it really is some psychosis just like they used to think. Going by biology, which you say you prefer, you have a cluster of previously T classified people who fit the umbrella of L,G, or B. They still face the same social issues. They still express gender in whatever way they express gender. T is ultimately a classification, and a relatively new one at that. 

At one point, I'm sure bisexuals were encouraged not to join the movement since they weren't ""pure"" gay and face the same challenges. Bisexuals weren't even considered a type of ""gay"" for a long time so much as a type of straight, or encouraged to go completely gay. Eventually bisexuals classified themselves as a specific group of the gay community because they had a unique experience. That's the same thing Ts have done, now.their's just includes a biological challenge.","what I'm saying is, you're downplaying how significant that biological challenge is.",disagree,heldout_batch2,12,0.0,0.0,0.16666666666666666,0.08333333333333333,False,False,False,False,False,158,0.012658227848101266,0.0189873417721519,0.04430379746835443,0.056962025316455694,True,False,True,True,False
"∆

That's a pretty damn good reason. Not as applicable to the modern day, but still a relevant issue. Kinda like how in the UK a PM will receive a salary after they leave office because in order to do their job properly they may end up in a situation after they leave power where they are unable to work anywhere (+security). Happened to Churchill.","∆

Edit: I never considered that line of thinking.",agree,heldout_batch2,8,0.0,0.125,0.0,0.0,False,False,True,False,False,64,0.03125,0.015625,0.015625,0.0,True,False,True,True,False
"How could we travel outside the solar system and find a new planet to inhabit? And even if we did, that sun would also run out of heat eventually",How could we? Probably a solar sail.,statement,heldout_batch2,7,0.0,0.0,0.0,0.0,False,False,False,False,False,29,0.0,0.0,0.0,0.0,False,False,False,False,False
"I am guessing you are referring to Jeffrey Steingarten's hypothesis that, according to Wikipedia, ""Arabs introduced pasta in the Emirate of Sicily in the ninth century, mentioning also that traces of pasta have been found in ancient Greece and that Jane Grigson believed the Marco Polo story to have originated in the 1920s or 30s in an advertisement for a Canadian Spaghetti company."" It isn't strictly correct for me to say that ""pasta has been a staple in Italian cuisine since ancient Rome"", but rather that antecedents of what we would call pasta in both composition and etymology are referred to in Roman literature that predates the establishment of the Emirate of Sicily by eight centuries.",forget JS and go straight to the source... I suggest reading 'A Mediterranean Feast' by Clifford Wright.  Here is a link to it: http://www.cliffordawright.com/caw/food/entries/display.php/id/50/,statement,heldout_batch2,33,0.0,0.0,0.0,0.18181818181818182,True,False,False,False,False,116,0.008620689655172414,0.008620689655172414,0.017241379310344827,0.12931034482758622,True,False,True,True,False
"You are lumping all atheists together. There are two main distinctions: hard vs. soft. Hard atheists are like theists as they both claim a certainty about the existence of deities (the former claim the nonexistence, the latter claim the existence). Soft atheists believe not deities exist, but do not go as far as claiming that they absolutely do not exist. That is, they are basically agnostic, but choose to not believe in deities.

So, I guess you should reformulate by saying ""Hard atheists are as illogical as theists.""",I apologize for the confusion...  I was under the impression that atheism precluded the existence of any deity... That is what I took from the definition.,statement,heldout_batch2,26,0.0,0.0,0.0,0.038461538461538464,False,False,False,False,False,88,0.022727272727272728,0.045454545454545456,0.0,0.125,True,False,True,True,False
"That ""Arc of peace"" sure sounds like a nice place to live. I wonder how it compared to living arangements in Copenhagen.",Me too.,agree,heldout_batch2,2,0.0,0.0,0.0,0.0,False,True,False,False,False,22,0.0,0.0,0.0,0.13636363636363635,False,False,False,False,False
"Well, I love how it looks when you stand back and look at the whole body. If I think of the body like a charcoal drawing, it is beautiful and fitting, triangle on curves, accent of beauty.

With regard to cuddling and nonsuxual behavior I love how soft and comforting it is. When I sleep I like to put my hands inbetween my legs. When I shaved/waxed it felt all clammy so I didn't put my hands there anymore. Moving into the sensual realm, I love to pet it, stroke it, and play with it, re-arrange the hairs. I also like to smell it because it smells better than just about anything, possibly except bacon, which basicly smells the same. I am half joking. half. But seriously, certain times of the month it smells so good I can't keep my hands out of my pants. I pitty the man that has never smelled pussy pheromones. Mine occur when the hairs are an inch or longer.

Softness. So soft are the hairs if you do not trim them. They get smooth and sensual a their ends. I may trim to re-shape on occasion, but I try to do it as rarely as possible because it makes my hair scratchy and sharp. Whisps of hair and ringlets remind me of Greek Gods, I like how they gently get thinner and blend with the body. I like it soft, rather than the hard edges of a shaved bikini line.

Sexual realm - there is more sensation for me with pubic hair and I love it when a guy touches my hair for awhile before he touches skin. I especially love the surprise sensation when there is a light or unexpected touch, and how they travel down several hairs at once and stimulate different nerves across my labia. I Especially love when the hairs above my clit are gently swept. And moving deeper, I love the hairs on the labia near my vagina pulled. 

Fingers on skin are too rough for me until I am super turned on. So this is how I like to be turned on, this foreplay of gentle and heavy petting. 

Body Wisdom - I believe in the wisdom of the natural body. The new vaginal microbiome research has rocked my world. I believe my bush protects me from disease and infection. 

Those are the reasons I love my pubic hair. Thanks for asking ; )",I agree x100 :),agree,heldout_batch2,3,0.0,0.0,0.0,0.0,False,True,False,False,False,405,0.007407407407407408,0.009876543209876543,0.0049382716049382715,0.1037037037037037,True,False,True,True,False
"&gt; halfway through the third decade of life

does not mean 

&gt;mid-thirties

&gt;But his brain hasn't matured yet!!!

I'm not trying to excuse **anyone** from this behavior, man or woman. If that was the best reply you could come up with, hamster on little terper!","&gt;does not mean

Myelination continues well into thirties, even middle age. 

http://www.npr.org/templates/story/story.php?storyId=124118077",disagree,heldout_batch2,21,0.0,0.047619047619047616,0.0,0.42857142857142855,False,False,True,False,False,48,0.041666666666666664,0.0625,0.041666666666666664,0.0625,True,False,True,True,False
since when was monogamy a skill?,Since when was it not a skill?,question,heldout_batch2,7,0.0,0.14285714285714285,0.0,0.0,False,False,True,False,True,6,0.0,0.0,0.0,0.0,False,False,False,False,True
"&gt;We have a true statement (particles do not have a clearly defined position) 

The claim that particles do not have a clearly defined position is another subject.  That particles can simultaneously be in 2 opposite states is the illogical claim I'm referring to.",You never actually showed a proof that particles can be in two opposite states is contradictory. My truth table here says it's consistent. I can draw it if you want.,disagree,heldout_batch2,30,0.0,0.03333333333333333,0.03333333333333333,0.13333333333333333,True,False,True,False,False,43,0.0,0.046511627906976744,0.023255813953488372,0.11627906976744186,True,False,True,False,False
That isn't an iteration of what he said either.,Seems to me it's pretty clear it is. How do you mean?,question,heldout_batch2,12,0.0,0.0,0.08333333333333333,0.0,False,False,False,False,True,9,0.0,0.1111111111111111,0.1111111111111111,0.0,False,False,True,False,False
"Im going to break this down into books because I understand that better.

What most people don't know, and what I certainly didn't know before getting into the industry, is that even with all other things being equal some sales are more important than others. Pre-orders land in this ""more important"" category. These are any purchases made before the official release date of a book and can be made for ebooks, hard copies, and sometimes (but not always) audiobooks from major publishers.

Why are pre-orders important? The most obvious reason would be bestseller lists. Pre-orders count toward first week sales that often determine whether a book winds up on a bestselling list, a possibility that can be huge for any author. Aside: first week sales also land in the ""more important sales"" category for this same reason.

Pre-orders also affect what happens behind the scenes. A large number of pre-orders can cause a vendor (Amazon, Barnes and Noble, Books-a-Million) to go back to my publisher and ask for another order of books. That's before the book is even out. How cool is that? That order could be 200. It could be 2000. Doesn't matter how small it is, another order is fantastic. In addition, notes will be made about how well these books seem to be selling. My publisher can go to their other vendors and say ""Hey, X just ordered another 300 copies of Y, which means you'll probably have a high demand as well. Can we send you more?""

It's a snowball effect. It can cause sales to grow and as we established before, sales are good for an author. And remember that we're still only talking about pre-orders. The book hasn't hit shelves yet and it's already gotten both booksellers and publishers excited for it, and when booksellers and publishers get excited about a book they will push it all the more to the book-buying public.

If one or more vendors order more books this can cause a novel to get a large first printing or to go back to a second printing. This means that the book has sold better than expected even before it comes out and guess what? Both publishers and booksellers take note of this as well. I was told last week that The Crimson Campaign has already gone to a second printing, and I walked around all day with a grin on my face.

All of these facets spin together to make pre-orders a huge part of the business. They're good for bookstores, publishers, and most especially for the authors whose living depends on their books selling well. -Brian McClellan",None of that is applicable to games. There are no weekly bestselling lists and there is no need to create multiple copies beforehand.,disagree,heldout_batch2,23,0.0,0.13043478260869565,0.0,0.17391304347826086,False,False,True,False,False,445,0.006741573033707865,0.011235955056179775,0.02247191011235955,0.1303370786516854,True,False,True,True,False
"The big difference is control.  I respect your stance.  But for some people its important the house is *theirs*.  

I can paint the walls any color.  I can put in any landscaping.  If I want to upgrade something,  if it was a rental a landlord would never do a non essential repair.   I picked out the kitchen counters and cabinets.  I can hang shelves in the garage without permission.   I wanted a pool, so I got one.  I wanted a vegetable garden and fruit treat orchard,  so I did it.   I wanted a finished basement, so I finished it.  If one day I wanted to add an addition, I can.   I don't need permission.   I won't get told no.   I don't have to have the color choice in my living room judged by the property owner.   My home, much like my clothes, are an expression of me.   Would you be has happy if you had to rent your wardrobe and the clothing owner decided for you how you should look?",You clearly don't live in a city where condos have hoa. Which would be OPs case in London buildings,disagree,heldout_batch2,19,0.0,0.05263157894736842,0.05263157894736842,0.15789473684210525,False,False,True,False,False,170,0.0058823529411764705,0.029411764705882353,0.01764705882352941,0.07058823529411765,True,False,True,True,True
